Username;Comment;Target;Label
ali_h_sangun;Abu CABUL OTAK BELLENG BELENG;['None'];Hate
supriatna2506;Abu bangsat;['None'];Hate
w_d1982;Abu gosok mana woooyyy;['None'];Hate
taudahlupagua;Ah China Sampah Doang Luh Di Indonesia Pulang Sonoh Luh;['None'];Hate
rayhansimanjuntak7;Akibat presidennya orang CINA Seolah indonesia sudah seperti rumahnya sendiri Dan pribumi dianggap seperti sampah Apa kalian ga sadar wahai CEBONG;['None'];Hate
hshlndrs;Anis kontol;['None'];Hate
althafarief;Anjing Ngentt emngnya knapa N_Target N_Target;['agamrusdi96', 'mhmmdinsan_'];Hate
momy.chan_;Apa kabar ya kolam cebong togog kalau mati lampu gini jgn mereka ngap ngapan kehabisan oksegen;['None'];Hate
basmagroups;Apaaaa tahu Penguasa Dzalim tp km membiarkannya Dzalim dengan mengatas namakan Rakyat makmur Justru dengan yg dilakukan Pak Prabowo adalah mengundang Adzab ALLAH SWT;['None'];Hate
olshop.bdg86;Asbun mulut si jaenudin ini;['None'];Hate
mad3linux;Aseli ga faham cara berfikir ini orang apa mesti dungu gitu buat jd ngerti ebong;['None'];Hate
masbayu77;Astaghfirullah Tanya Kenapa Pakdhe RAJA MALING N_Target Tumaannn;['jokowi'];Hate
iskandarz55;BANSER MEONG;['None'];Hate
dewi.massitoh;Badai Barunya People Poweeeeeer hei rakyat yg TERDZOLIMIN terPHK sepihak Cebongers yg tertipu Jae Ayuuuk nguuuuumpul ambil kedaulatan rakyat nyolong dibalas nyolong nyawa dibalas nyawa n culik pa Prabowo biar gak denger bisikan pengkhianat setelah pemerintahan ditgn rakyAt keluarkan prabowo jd pemimpin insyaAllah Chaos rakyAt Indonsia ridhoin ALLAH TAKBIIIR ALLAHU AKBAR;['None'];Hate
aadrian_1010;Baik menurut cebong sudah pasti laknatullah menurut syariat;['None'];Hate
raffa_gaffara77;Bajingan kau mukidi;['None'];Hate
ummi_rsfaf;Bakalan babak belur pdt Esra;['None'];Hate
achdinboy;Bakkkaaar ja tu china;['None'];Hate
dafaswaty;Balas juga di Indonesia harus dibuat peraturan yg sama ini malah pada bego di Indonesia Cina di elu kan sprt raja sementara kita di cina dibuat sprt kacung;['None'];Hate
heendiisurya;BanSerep setiap unjuk Gigi kebal Goloklah Kebal Gebuk lah susuh ke papua Gempor;['None'];Hate
fikri_mhmd;Bangsad cina;['None'];Hate
mujahidfisabi;Banser artinya ban serep wkwkwk;['None'];Hate
wiumra;Banser mana dasar BanSerap;['None'];Hate
herikurniawan43;Banser tak perlu di jelekin udah keliatan jelek nya Tariiiikkk goyaaaang;['None'];Hate
moh.ersan.afriyona;Bantai PKI jika melihat segera lapor;['None'];Hate
arief_pratama2;Begitulah komunis Cina dikasih hati malah ngelunjak ke warga lokal;['None'];Hate
dithakurniaputri;Berarti bener ya yg dicobloosin masal itu ya berarti MK TAIIIIII;['None'];Hate
omenshakim;Betul tuh jangan dengerin anjing anjing didunia Maya komunis liberalisme fucks JIL;['None'];Hate
rifqyfauzyrahman;Biar banyak dulu cina cina itu uda banyak biar buat onar dulu Udah selesai onarnya kita cingcang kemudian;['None'];Hate
arpisdonalta;Biji cebong digoreng enak;['None'];Hate
oktaaviianus;Blom terulang kejadian cina dulu di bakar;['None'];Hate
zensbungsuh;Bodooooooh Jellas PKI yg sangat kejam Kpada Ulamak;['None'];Hate
putra_banned;Braninya di tempt rame sm lawannya cewe ke tempat sepi mata sipit duel ayo;['None'];Hate
woles_10;Buat Rakyat NKRI Dari Sabang Sampai Marauke Mari Kita Bersatu Jangan dibiarkan Berkembang Biak Anak Cucu dan Antek PKI Komunis di NKRI ini Kita Yang Menjunjung Tinggi Nilai Nilai PANCASILA DAN UUD Kita Wajib binasakan PKI Komunis dari NKRI Mereka Itu Penghianat Mereka Itu Dalang Pembunuhan Ulama Ustad Jenderal TNI dan Kerusuhan Mari Kita Bersatu Untuk Perangi Mereka Kalian semua juga sdh tau Orang nya siapa saja mereka ada yg duduk di pemerintahan di parpol hati PKI Komunis itu Licik Mereka Itu yg menyebarkan Isu Khilafah Mereka suka putar balikkan fakta dgn pencitraan mereka tdk beragama hanya mengaku beragama biar di anggap sm rakyat NKRI mari berpikir sehat dan cerdas utk menjaga NKRI ini dri aksi tipu PKI Komunis yg sdh berjalan di NKRI ini;['None'];Hate
rhgnz_;Buat papatah baru ahhh songong tanda tak pintar terkhusus mukiwi;['None'];Hate
rezaklubis;CINA ANJING CUKONG ITU AYOK CIna bajingan pergi kelen ke Tiongkok sana;['None'];Hate
amran_genio;CINA ANJING LU;['None'];Hate
martino_bimo;CINA YAA HADEHH GEBUKIN AJA LAH BUKAN MANUSIA DIA;['None'];Hate
dodod_urband;Cebong emang merugikan Kita pasti ikut kebawa rugi Geura paraeh atuh lah cebong teh Mubadzir;['None'];Hate
aadrian_1010;Cebong gak akan faham;['None'];Hate
ien_bj_ghuchi;Cebong itu yg penting hidup senang dan perut kenyang;['None'];Hate
sadhamchocs_;Cebong mah pnas smpe mau pindah ibu kota;['None'];Hate
fera_tommy;Cebong mana cebong Sdh baca blm ini;['None'];Hate
dhe_ci_11;Cebong mana cebong yg selalu bilang isu PKI hanya hoax belaka;['None'];Hate
dian_putra3676mdpl;Cebong mna ada yg d akui;['None'];Hate
ajo6039;Cebong susah untuk di sembuhkan;['None'];Hate
arini_indah_1329;Cebong takuuuuuut;['None'];Hate
lenaria6;Cebong tolol bin togog lebihh guooblog;['None'];Hate
vinobanks;Cebong tuh sipit;['None'];Hate
widia_qholby;Cebong yang dengar mah masuk telinga kanan keluar telinga kiri;['None'];Hate
_inthan_;Ceceb sekolam manalah ribut;['None'];Hate
rizkipaull;China anjing;['None'];Hate
aizets;China kafir bunuh halal;['None'];Hate
moch.firmansyah2;China komunis berbondong masuk ke Indonesia makin ga ketauan;['None'];Hate
aullioadi78;China kontol tapi di pungut terus pemerintah edan;['None'];Hate
aciikmw;China merajalela skrg Minta di matiin tuh org;['None'];Hate
nunung5747;China semakin ngelunjak;['None'];Hate
dnmrtofficial;China tai anjing ga sadar tinggal dimana malah semena bangsat lu cina pulang sono ke tiongkok paling di sana lu lu pada cuma jadi pengemis sadar lu;['None'];Hate
otoyz789;Cibeng cina brengsek;['None'];Hate
api_tinju;Cina NGENTOT;['None'];Hate
rajapratamalubis;Cina anjeng udh menumpang di Indonesia malah meleceh pulak berani kau sama wanita sama pria berani gk kau;['None'];Hate
andiwijaya12358;Cina anjing;['None'];Hate
akuphi;Cina anjing komunis;['None'];Hate
tama_t26;Cina anjing makin ngelunjak d negeri ini taik;['None'];Hate
anginbiru_88;Cina babi bangsat kau Tendang aja ni binatang cina anjing ke tiongkok tempat asalnya;['None'];Hate
evandrizki;Cina babi cina setan bangsat benalu kau eh para elit politik para petinggi negara para petinggi polri kalian mau diam terus n memanjakan setan Cina ini bangsat;['None'];Hate
ariadihadi;Cina babi tu kayanya;['None'];Hate
irasafitri53;Cina bangsat;['None'];Hate
iksan_v.nta;Cina bangsat cina ngentot;['None'];Hate
ricky_alamsah;Cina bqngzat ye kayaknye;['None'];Hate
zazabulu07;Cina celeng;['None'];Hate
agobango;Cina codot;['None'];Hate
chie.anggrainy;Cina gila;['None'];Hate
irasafitri53;Cina kampang lu y;['None'];Hate
robymarco35;Cina kontol;['None'];Hate
kang_ny0;Cina kupret bikin ulah lgi smoga bpk TNI segera menindaklanjuti;['None'];Hate
ulertomat;Cina sampah;['None'];Hate
sr8353028;Cina semakin menjadi anjayyy;['None'];Hate
rifqifadeel;Cina tai lu orang;['None'];Hate
farrasrundengan;Cina tolol cina goblok;['None'];Hate
forever_creations05;Cina ya semakin kurang ajar;['None'];Hate
ffebra_oktariansyah;Cinaaa bangsattttt yg cinaaa kaya gituu bangsatttt;['None'];Hate
faridarafif;Cinaaaa dafuq;['None'];Hate
shiddiq.purnama79;Keadilan kita di rampas oleh PKI Laknatullah alaih;['None'];Hate
xigy_yagigiri;Cebong sekolam sulit fahami kebenaran semoga mndapat hidayah aamiin;['None'];Hate
ali_h_sangun;Dengarr th cebongg saudara seimanmu dpenjarakan krna hal yg ga jlas;['None'];Hate
bajigoy46;Di Tv gw klo tiba si Mukidi muncul langsung Auto BLURR;['None'];Hate
momy.chan_;Di pasti kan cuma cebong yg nyaksikan pelantikan tuan nya cebong boleh survey tiap rumah pendukung ga ada tu yg ntn tv;['None'];Hate
benci_kedok_agama;Dimohon kpd para kampret agar segera mengucapkan selamat kpd pak dhe dan kpd seluruh bangsa ini atas Cepaaattt;['None'];Hate
jonliville;GK nontonpun pembahasannya lebih banyak dr kampret;['None'];Hate
rizal_sikumbang15;Inalillahi shalawat buat mainan si raja kodok dan pengikutnya ooohhh negriku;['None'];Hate
agus_setyawan2389;Kampreet sakit hati ya;['None'];Hate
arbi.bra;Kwkwk ngakak gua liat nih berita serasa MK lebih kecil akalnya dari pada rakyat bahkan rakyat yg tidak sekolah tinggipun tau pilpres ini terindikasi ada kecurangan tapi MK merasa tidak ada kecurangan;['None'];Hate
annur_hafizhoh;Logika koloni kolam;['None'];Hate
aldebaranorionis;MK tdk ada gunanya Bubarin aja;['None'];Hate
bali_sdo;Makanya jangan mau dibodohin oleh pejabat dan oknum cebong cebong;['None'];Hate
faatkaseemkhan.1656;Makin gila aja MUI mana fatwanya nih harus segera disuruh taubat;['None'];Hate
benci_kedok_agama;N_Target Siapa yg nyuruh pisah Gue blg lo pindah dari sini tolol;['mrs'];Hate
dyethafitra_18;N_Target Susah bro ngomong ma bani cebong cuekin aja lewatin aja;['reza'];Hate
sadhamchocs_;N_Target beranilah cebong mn takut Tuhan;['firngadi_braling1'];Hate
anggaarantxa;N_Target bikin negara lawak sendiri sana sandi okeoce n wowo pemimpinnya rakyatnya yg govlog dr gol anda;['novalda_17'];Hate
yafiehaikal;N_Target bos jgn bawa Allah lu lu pikir Allah ridho dgn org yg melanggar aturan emang saat ini lagi di atas bos tp bkn untuk berkuasa tp membuka kejelekan kubu lu tanya tuh org dari KS yg di PHK gimana tanya listrik yg semakin mahal gimana tanya semua mau di pajakin sampe kantong kresek aja mau di cukai kere ya bos keliatan udah koreng junjungan lu bong;['kartikapraja_'];Hate
indonesian_akhwat_;N_Target coba sumpahin sini yg kamu anggap tukang party berani sini post disini atau kamu takut hey kaum bodoh;['giyono_69'];Hate
fbrnadhrs_;N_Target dan nyatanya suara prabowo di rumah sakit jiwa lumayan banyak dapat di simpulkan lah ya siapa presiden pilihan org gila;['bank_sha_dewwa'];Hate
pingkabo6;N_Target jadi orgi apa struk itu lbh mudah dikabulkan Tuhan;['ar'];Hate
anggaarantxa;N_Target jujur palak kau yg curang situ malah nuduh curang kampanye banyak hoax pula udah sono nangis dipojokan kamar junjungan lu uda kalah periode depan berharap aja wowo masi segar bugar pasti kepilih kok kl dia masi sehat untung aja maks periode kl lebih mah siap kalah lg wuakakakakak;['xigy_yagigiri'];Hate
ceperituangga33;N_Target kagak ngaruh juga lu ngebacot apapun BURUK tetaplah BURUK;['musdalifahc33'];Hate
indonesian_akhwat_;N_Target kalo boleh saran hindari debat dgn org bodoh seperti N_Target Kpd habib sj sperti itu adabnya ckckck;['reza', 'fandyaulia87'];Hate
indonesian_akhwat_;N_Target kamu nulis jawaban panjang amat nulis cerpen sy doakan mubahalah anda dgn para habib simpel kan;['fandyaulia87'];Hate
mrs._n.atika_bakri;N_Target kan lu bilang kluar dari lndoonesia qw bilang ok qw kluar dgn daerah qw jdi klu kmi minta referendum ntar junjungan lu bilang makar disuruh kluar lndonesia giliran mw pisah secara legal dgn referendum lha panik situ waras;['benci_kedok_agama'];Hate
hasna_amalia2;N_Target kaya dia pernah pernah o di bentak dan dimaki pak prabowo Kenal aja ga Sksd deh Fitnah mulu kerjaannya kaum dungu;['indonesian_akhwat_'];Hate
indonesian_akhwat_;N_Target klo nulis cerpen gaakan aku baca selamat menjalani mubahalah;['fandyaulia87'];Hate
bank_sha_dewwa;N_Target memang juragan luh orang gila saja suruh nyoblos ntar luh kebawa gila jadi pendukung nya;['anggaarantxa'];Hate
indonesian_akhwat_;N_Target mubahalah HRS d ig aku jg disunat;['ummi_arkha'];Hate
indonesian_akhwat_;N_Target mubahalah kamu dgn habib insya allah berjalan aamiin yra;['fandyaulia87'];Hate
giyono_69;N_Target mubahalah po dolanan debus;['indonesian_akhwat_'];Hate
novalda_17;N_Target ntar lagi lu yang gila karna gak sanggup dengan hasil dari pilihan yang salah;['anggaarantxa'];Hate
aba.dil_;N_Target wkwk cebong bersuara;['arya_madhavi'];Hate
anggaarantxa;N_Target wkwkwkwk yg kalah situ teriak curang simpatisan wowo sudah mulai gila buuung maap;['novalda_17'];Hate
bank_sha_dewwa;N_Target yang gila kekuasaan tuh siapa bung bukankah yang menghalalkan segala cara yg gila kekuasaan itu sehingga kecurangan di anggap bagian dari demokrasi waras dikit nape sih;['lyz_collection'];Hate
buuoodie;Ngaciro terhempas oleh badai sendiri BADAI JAENUDIN;['None'];Hate
arjunaarsyad;Oh nggak termasuk nih jalan tol program cebong comberan kasian amat dibohongi ama cebong;['None'];Hate
corla_ratujreng;Paling Kampret mau jual Fitnah Ke Jokowi Hohih;['None'];Hate
adlanjihad19;Si raja evong gk usah dsumpah krn dari kemaren ane yakin udh bnyak rakyat yg nyumpahi;['None'];Hate
mpok_rogaye;Skrng bukan ataw lg tp udh Indonesia tp klo cebong mulai dluan terpaksa kampret hajar;['None'];Hate
budi_tengger;Untungnya cebong ga ada salahnya;['None'];Hate
fajer.abdullah.94;Wadau facta dan realita janji manis ebong posisi;['None'];Hate
fpi_cilkot;cebong cebong dah dapet kartu belum;['None'];Hate
kumar_5575;Cebong silahkan komentarnya;['None'];Hate
momy.chan_;Dia kan cebong jd bebas aja mau ngapain;['None'];Hate
momy.chan_;N_Target kamu cebong ngaku pendukung aku tau gimana sifat nya cebong;['indra_dwisapoetra'];Hate
pingkabo6;Kasihan rakyat kecil yg kena Di php sm penguasa itulah rezim skrng Lagi bukan urusan sy kl raja cebong bilang;['None'];Hate
rizkyakbar6403;N_Target emang ada hakim yg masih mulia ya Mgkn mulia dimata rezim cebong kali ya;['pelautmilenial'];Hate
yafiehaikal;N_Target kebenaran harus di sampaikan walaupun pahit ah cebong mau aja di tipu trs;['siswanto3167'];Hate
apaafikkk_;N_Target Cebongg mana paham;['arya_madhavi'];Hate
afdalul_z;N_Target cebong;['ponco494'];Hate
indonesian_akhwat_;N_Target coba lbh dalem lg hina nya HRS udah mubahalah siapa tau kamu jg kena berani;['sahalmakarim'];Hate
indonesian_akhwat_;N_Target coba sumpahnya barangkali mw ditambahin Siapa tahu nanti ada mubahalah Jd ketauan siapa yg busuk;['fandyaulia87'];Hate
reza.sagaf;N_Target fahami dlu komentar saya bisa gak sih cebong dikit pinter;['kartikapraja_'];Hate
dayshi_galuh;N_Target ga butuh komen cebing;['bayustyw'];Hate
mrs._n.atika_bakri;N_Target itulah begox cebong yg ngomong kertanegara siapa ya Kmi mw referendum lu mw ngapain;['benci_kedok_agama'];Hate
fbrnadhrs_;N_Target iya prabowo gila kekuasaan buktinya dia gagal teruss apa gk mau coba jadi wali kota atau apapun selain presiden kenapa harus jadi presiden kecurangan kalian selalu teriak curang tanpa adanya narasi pembuktian dasar sampah;['bank_sha_dewwa'];Hate
syahrialsuryandana;N_Target kita tungguin aja lu nyesel pilih jokowi menyusul para cebong lainnya disaat semua bahan pada naik dan kebijakan pro rakyat sdh hilang baru lu pade nyadar klo kita para kampret tu lebih syg sm nkri drpd sekedar teriak khilafa sprti yg lu tuduhkan sm kita bahkan kita kasian sm para cebong smg sgr sadar dan bangun dr tipuan para kacung cina itu sadar lah wahai sodaraku indonesia sdg sakit saat ini masak lu masih menutup mata sih Coba pake mata hati lu kisanak;['musdalifahc33'];Hate
kencana6736;Anies dituntut jadi manusia sempurana salah dikit habis;['None'];Hate
emilyaedward;BACOT AJA GEDE TU CEBONG;['None'];Hate
baim_wong_gendeng3674;Dasar cebong DUNGU;['None'];Hate
fitri.andhi;Gini msh d bilang gk ada kecurangan hello apa kabar MK Mahkamah Kecurangan;['None'];Hate
okieeputra;Gp ancorrrr;['None'];Hate
suvika88;Ini msh di bilang gk ada bukti ya N_Target terkutuk lah kalian;['mahkamahkonstitusi'];Hate
arya_madhavi;KAPOK HABIB BARBAR MASUK BUI WKAKAKAKA;['None'];Hate
zakysef;Kang ngibul si jae;['None'];Hate
bank_sha_dewwa;MK SINGKATAN DARI MAHKAMAH KECURANGAN;['None'];Hate
syarah83;Mahkamah kalkulator;['None'];Hate
benci_kedok_agama;N_Target Cepat ucapkan slmt dulu tolol;['khilafa_islamia'];Hate
omenshakim;N_Target Siapa yg berontak Bangsat lo;['fandyaulia87'];Hate
abdillah_sng;N_Target mahkamah Konidin;['bank_sha_dewwa'];Hate
xigy_yagigiri;N_Target puas puasin anda tertawa tunggulah azab Allah itu nyata;['anggaarantxa'];Hate
dianrissing;Nnti c ariep budiman laknatulloh lebih dr ini azabnya;['ariep budiman'];Hate
renny_jie;Semua jg tau dr awal termasuk TKN kalo pemenang pilpres adalah hanya N_Target yg abadi dlm kedunguannya;['cebong'];Hate
aresforever78;mahkamah konstipasi;['None'];Hate
t.ryan_d;makan tuh N_Target di benci rakyat lu;['Jokowi'];Hate
riszqyputrahd125;Alh jancuk jalan udah lama tolol kenapa lo kalh lagi ya gtu aja orang papua suka jokowi bukan wowo njinh;['None'];Hate
randyboysk;Baco tu oi tai kau anjing kau N_Target;['jokowi'];Hate
dewi.massitoh;Badai Barunya People Poweeeeeer hei rakyat yg TERDZOLIMIN terPHK sepihak Cebongers yg tertipu Jae Ayuuuk nguuuuumpul ambil kedaulatan rakyat nyolong dibalas nyolong nyawa dibalas nyawa n culik pa Prabowo biar gak denger bisikan pengkhianat setelah pemerintahan ditgn rakyAt keluarkan prabowo jd pemimpin insyaAllah Chaos rakyAt Indonsia ridhoin ALLAH TAKBIIIR ALLAHU AKBAR;['None'];Hate
dithakurniaputri;Berarti bener ya yg dicobloosin masal itu ya berarti MK TAIIIIII;['None'];Hate
anto_nif0710;Biarkan saja mereka orang x DUNGU orang x dari kaum yg terpapar paham kecebong kodok yg berbau komunis mereka memilih presiden dari hasil curang tidak jujur tidak adil saat yaitu presiden boneka tukang bohongi rakyat suka bikin pencitraan palsu yang berkiblat menyembah berhutang uang kepada negara cina komunis;['None'];Hate
jayahanan;Buat di sumpain al qurran kan udah jelles pak jokowi maling suara rakyat curang kali cuman nunngu azab dri allah pak jokowi;['None'];Hate
m.mhr19;Dsr mukidi smuanya dijadiin cebongers bngst tp Ane sklrga ttp mendukung dn mendoakn bpk Prabowo smp kpn pun;['None'];Hate
mulyatiranny;Gk tau malu ya kok tegeul jokowi bgtu nistanya bukan HAKnya jd presiden masih mau dilantik tdk tau diri ya pdhl penggefe di indonesia ini gk pantes blass;['None'];Hate
firaunnya_cebong;Gw yakin si gembul N_Target ini bagian elgebete terselubung;['gusyaqut'];Hate
nicoagan;Hidup mahkamah kecebong jujur kacang ijo;['None'];Hate
ali_asadullah12;Hp Ansor Banser banci serem bubarkan;['None'];Hate
fandyaulia87;Ingin mati membusuk dipenjara ya nikmatin aja hidup loe bahar ga usah bnyak protess;['None'];Hate
firdsoul;Menang karna curang tapi rakyat tidak mengakui di jokodok presiden karna hasil dr kecurangan Kan goblok menang aja masih ribet cari sensasi legitimasi dr rakyat gue mah ogah;['None'];Hate
indonesian_akhwat_;N_Target Begitulah cara berfikir kaum bodoh;['hasna_amalia2'];Hate
mrs._n.atika_bakri;N_Target Dgn bangga qw bilangin lu cebong jelek tuwir qw bangga jdi pendukung PRABOWO SANDI yg smart jujur ganteng jelas asal usulx lndonesia yg cinta negarax qw diluar sono ditanyain presiden lndonesia siapa qw bilang Bpk PRABOWO SUBIANTO dy lah presiden sesungguhx dihati kami yg lain gak mau qw akuin mau apa lu;['benci_kedok_agama'];Hate
atepzatepz;N_Target akun bodong bancii bacot doang gede;['sahalmakarim'];Hate
fachrulbikers662;N_Target bangsattt kelar hidup lu laknat;['fandyaulia87'];Hate
indonesian_akhwat_;N_Target hey kaum bodoh coba pengen denger siapa yg jalan jalan keluar sekalian sumpahin dan hina se hina hina nya karena dia sdh mubahalah berani Atau bakal diem doang krn sbnrnya kamu takut;['healthy'];Hate
omenshakim;N_Target lo yg gw bikin busuk loh Loh gerombolan lgbt yaa;['fandyaulia87'];Hate
ini5312;N_Target mati aja mati lu bangsat Karena jokowi juga gak butuh lu;['dr_fatahillah'];Hate
fandyaulia87;N_Target mknya klo hidup itu jgn jdi orang dunguuu cocok mmnk sama si bahar mulutmu;['omenshakim'];Hate
setyadi_budi18;N_Target mksudny tolol itu fakta omongan dan realita tdk sjalan pmerintah hrua kasih solusi bukanny kbohongan dsar cebong tolol;['siswanto3167'];Hate
mrs._n.atika_bakri;N_Target najissss;['benci_kedok_agama'];Hate
indonesian_akhwat_;N_Target saran aja sih jika nanti tdk mati mengenaskan atau hidupmu sulit tinggal dtg minta maaf Krn daging ulama apalagi habib beracun;['fandyaulia87'];Hate
fandyaulia87;N_Target saya nulis panjang biar ga tambah dungu ente msh bnyak Habaib yg berilmu dan lisannya bagus utk diambil ilmunya bukan Habaib abal yg ngaku ahlul bait tpi Ahlaq sangat jauh dri islam;['indonesian_akhwat_'];Hate
indonesian_akhwat_;N_Target sekaum dgn kaum menistakan islam pemenjara habib dan ulama menjijikan;['nvmn02_211_'];Hate
fandyaulia87;N_Target tuh suruh bahar dulu yg minta maaf ke pak presiden atas tindakannya yg tdk terpuji junjunganmu aja mengajarkan kebodohan aplgi pengikutnya yg sok tau urusan akhirat dan hidup mati seseorang;['indonesian_akhwat_'];Hate
dwisetyo2nd;Semoga Allah tetap bersamamu bib Membusukmu di penjara akan membuat sejarah wangimu selalu tercium sampai anak cucu bangsa Indonesia Aamiin ya rabb;['None'];Hate
ahmad_sense;Semoga N_Target menyusul kpu laknat;['arief budiman'];Hate
uhan.suhandi;hahahaha N_Target suruh liat tuh itu jelas bukti kecurangan nya N_Target muka kardus Maniak Kekuasaan Mafia Konstitusi Mafia Kodok bangkong;['MK'];Hate
voldano_izac;pendukung N_Target makin stress tak terkendali gaeess;['kampret'];Hate
khilafah_islamia;periode menang dengan kecurangan mantaaappp Lanjutkan pak jae nikmatilah kemenangan kalian saat ini dan berbahagia atas usaha busuk kalian Kalian hanya sebentar menikmatinya karena Azab Allah SWT akan segera turun menimpa kalian pak N_Target sekeluarga serta para pengikutnya Qun fayaquun;['jaenudin'];Hate
santyprisianti;udah lama gak liat tv sejak si jokodok presiden eneggg liat mukanya pasang tv yg di tonton sinetron doang;['None'];Hate
bangjos15;Alhamdulillaah ane ga punya tv jadi bener bener ga liat si kacung kodok dilantik mengundang azab Alloh;['None'];Hate
benci_kedok_agama;N_Target Dimohon kpd para kampret agar segera mengucapkan selamat kpd pak dhe dan kpd seluruh bangsa ini atas Cepaaattt;['nunuk_wahyuni'];Hate
musdalifahc33;ngak ngaruh juga klu kampret ngak nonton pelantikan presiden yg dicintai rakyat lajutkan pak N_Target periode semangat bapak;['jokowi'];Hate
helenaputri5;Mana cebong yg Teriak NKRI harga mati;['None'];Hate
wahyu_ashari89;Mantab bahasa inggris nya sama kayak Si Jae;['None'];Hate
mochanoy;Mantab jelas kan bong;['None'];Hate
okzakki02;Mantab keren tu untuk suport pak jokowi biar mundur;['None'];Hate
juanda_bril;Mantap kta nya menang telak d papua kog sampai segini nya nolak kelakuan antek nya jae;['None'];Hate
claudiafadillah7407;Mantul bgt ga pake teks ga kayak si jae;['None'];Hate
hasmi_wo;Manusia kebnggaan cebong;['None'];Hate
agamkesaputra;Mari kita doakan gusmiftah segera dijemput izrail Amin;['None'];Hate
fityalifia;Masalahnya jokodok kan hobinya nabrak aturan UU Itu nnti bisa bisa UUnya direvisi sm dia mengingat dia kan gk mau cuti dan UU cuti jg udah direvisi sm dia;['None'];Hate
andhy_nut;Masih di Jawa aja si Jae nggak dianggap rakyatnya gimana kalau ke Sumatera pasti lebih nggak dianggap oleh masyarakat Sumatera;['None'];Hate
aurellarmand;Mata sipit Belagu;['None'];Hate
dirgasyahputra24;Mata sipit mah gitu suka bicara dengan kata A JING dengan gubernur dulu;['None'];Hate
baiqina;Mata sipit yg songong;['None'];Hate
fatmah_salim2;Mbah kiayi sudah tenang senang mardeka di sisi allah swt rasulullah di hantar ummat rasulullah pergi nya di doain zuriad rasulullah yg terpampang nyata IB HRS bahagia nya mbah moen hanya wali yg bisa merasa kan sesama wali kalo mahluk ber busuk pasti susah nerima lihat saja nanti mati tuh para togog mudahan gak kecium bau bamgke nya min;['None'];Hate
andris2918;Media corong komunis bani togog;['None'];Hate
firdsoul;Menang karna curang tapi rakyat tidak mengakui di jokodok presiden karna hasil dr kecurangan Kan goblok menang aja masih ribet cari sensasi legitimasi dr rakyat gue mah ogah;['None'];Hate
ronis1001;Menteri agama semoga segera dicabut nyawanya sama Allah;['None'];Hate
kodratsw;Menurut MK itu bukan kecurangan Menurut Raja Curang Bukan urusan saya yg penting gw dimenangkan Menurut Al Qur an Yang curang pasti celaka;['None'];Hate
rahmadesi_08;Menurut saya jokowi bukanlah umar dia adalah jaenudin;['None'];Hate
eko_puji_82;Model muka kaya gini nih yg biasanya d sembah oleh cebong;['None'];Hate
rahmanhbb;Modusss Cebong PKI MAFIA PENJILATTT munafikkk Modusss Cebong PKI MAFIA PENJILATTT munafikkk;['None'];Hate
apoyhbb;Modusss Cebong PKI MAFIA penjilat munafikkk;['None'];Hate
rahmanhbb;Modusss Cebong PKI MAFIA penjilattt munafikkk;['None'];Hate
suwandri9;Move on donk Lo cebong gajah depan mata Lo kaga liat giliran curut sebrang laut kliatan pSI tenggelamkan;['None'];Hate
er.nawati237;Mudah an seluruh wilayah ky gini biar dia malu si Joko mah suruh jd presiden Bali aja tuh sono dasar presiden curang;['None'];Hate
fachruelriza87;Muka aja udah muka sipit;['None'];Hate
muh_654555;Muka babi pendukung cebong;['None'];Hate
oyay_cs_agoice;Muka nya Kaya babi itu laki kaya nye china ya Haduhh makin nginjek pribumi aja ni Rezim;['None'];Hate
rustamjroh2018;Mukidi sampah tidak tau malu;['None'];Hate
alindaeffendi_;Mulut dia sama kayak ngahhok seperti itulah kebiasaan kaum oknum cina bahasa kotor itu sudah jadi makanan sehari hari;['None'];Hate
cebihunter;N_Target BANYAKAN MAKAN DAGING ANJING LO MAKANYA OTAK LO KORSLET;['mjamallud1n'];Hate
aufgumeres;N_Target Banser banci ser ser seran tariik maaang aaahhh;['premantobat073'];Hate
rahmaddani89;N_Target Banser bubar sendiri entar ketika nggak pas bagi recehan dari si jae;['zakysef'];Hate
andreanprastono;N_Target Bong bisa di jelaskan klo ky gini loe msh mikirin pemindahan ibukota aje Bong;['indonesiabertauhiid'];Hate
andreanprastono;N_Target Bong klo dah bgini gmn coba mikir bong;['indonesiabertauhiid'];Hate
andreanprastono;N_Target Bong tmn loe nie bantuin ngitung tuh;['indonesiabertauhiid'];Hate
ahmadtaofiktaofik;N_Target GOLONGAN KAUM MUNAFIKUN;['nasutionfandi'];Hate
reyhan_fbr;N_Target Gua jaga agama gua islam selagi masih dikasih nafas sama Allah gk kayak cebong dunia ni gk lama lagi cuy;['p'];Hate
pedrinansatriani;N_Target INDONESIA RAYA MERDEKA MERDEKA TANAH KU NEGERIKU JADI CHINA;['dickyrawung'];Hate
omojak;N_Target Ibu mu tobat cux;['wawanloblobly'];Hate
r3z1m_r1weuh17;N_Target Itulah pleciden;['hadisofwan89'];Hate
emangchincai;N_Target Kekayaan prabowo sekitar triliun gaji pensiunannya dia tidk pernah ambik dan di tksir ratusan miliar dan hutgnya miliar dia udh lunasin lo yg nambah sae lu jae togog;['alia_galb'];Hate
ong_geng;N_Target LUE BISA BACA KAGA ITU JUDUL DIBAWAH NYA ITU ini postingn bukan memperkeruh suasana tapi mau mengajakan coba dibaca KAPAN KALIAN YG ADA DI PAPUA MENGUCAPKN NKRI HARGA MATI AYO INDONESIA Q BERSATULAH Baca baca njing wahh emg edan ni org;['puji_sutomoo'];Hate
ozusano;N_Target Logika terbalik ala cebong ini memang sering buat ane ketawa sambil nangis anti asing itu maksudnya jika Asing merugikan negara Asing mengeruk kekayaan Alam Asing menjajah perekonomian bangsa kalau kita berkomunikasi atau Bekerjasama juga produk mereka ya gak masalah asalkan jangan sampai merugikan kita Jadikan mereka mitra namun jangan sampai kita dijadikan kacung atau budak Mereka gitu loh bambang;['ubet91'];Hate
dayak162;N_Target Maka dari ituuu semua pejabat pejabat SEMUA BANGSAT SEMUA TERMASUK MK YANG MEMBERI KEPUTUSAN JOKOWI MENANG ADALAH ORANG TOLOLLLL;['hampir'];Hate
naufalacg;N_Target Maksud lu apaan anjenkk Munafik lu taik Kaleng kaleng lu anjenkkk;['gusmiftah'];Hate
ocatnio_;N_Target N_Target N_Target N_Target CEBONG BAU WKWKEK;['daimahta', 'komikkitaig', 'gunromli', 'ratubalkis5056'];Hate
dorayaki_hayabusa;N_Target Orang Gila;['cyber_badar_army'];Hate
si_qianzy;N_Target Pasti cebong bilang ini dubing;['dewi_topan_halilintar'];Hate
abdullohazzam2019;N_Target Presiden Cebong TOGOG jangan disamakan sama Presiden Akal Sehat;['dadangazzam'];Hate
asep_syaepullah99;N_Target Sila ktiga Persatuan indonesia bukan persatuan kecurangan paham ga bong;['toto'];Hate
satriani32145;N_Target TOLOL NYA ORIGINAL;['sujatwika'];Hate
bahrudin5935;N_Target bengak melulu cebong wkwkwk;['wijaya'];Hate
lukmanulhakim_nurdin;N_Target bong;['dianmaharani1991'];Hate
tomy.ay;N_Target brisik lo kampang;['wawanloblobly'];Hate
linnydharma;N_Target buat tambahan hai kaum kafir takut lah dg azab Allah apa belum cukup azab Allah yg telah banyak datang silih berganti ini mudah an kalian yg mempermainkan salawat nabi taubat klu tidak di laknat Allah segera;['linnydharma'];Hate
kolektor_rombenx;N_Target bukannya semua cina iyu komunis ya;['muhammadfikrisaleh25'];Hate
___mataelang__________;N_Target cacat nalar membungkam ulama bukan membantai ky pki dan cara orba di tiru rezim togog dan lebih mendekati cara pki Orang gila bisa bunuh ulama yg percaya kan gila;['mjamallud1n'];Hate
rafadriansyah;A;['None'];Not_Hate
madelina_anna;A good communication skill is one of the main criteria qualities a leader should possess in today s world Bravo Pak Anies we are proud of you;['None'];Not_Hate
yunitamardianingrum;AAAASTAAAGAAH gimana malunya itu yaaa;['None'];Not_Hate
emiwati63;AAMIIN;['None'];Not_Hate
renyseptika_oemah_pudding;AAMIIN YAA ALLAH NANTINYA BAKAL KLIATAN BRP BANYAK PENDUKUNG BELIAU INI DARI STU AJA BISA KETAUAN SIAPA PRESIDEN RAKYAT;['None'];Not_Hate
bangpalang;ADA YANG KENAL;['None'];Not_Hate
bunda_cintia;ADA YG MAU GA JD SUAMIKU;['None'];Not_Hate
zakatforlife;ALLAH AKBAR;['None'];Not_Hate
hendrobray;ALLAHU AKBAR;['None'];Not_Hate
nurquraini5123;ALLAHU AKBAR ALLAHU AKBAR ALLAHU AKBAR;['None'];Not_Hate
w4rd4haloe;ALLAHU AKBAR SMG MKIN BNYK MUJAHID MUDA SPT MRKA YG TDK TKUT AKN APAPUN D LUAR SN;['None'];Not_Hate
aisha.iis;ALLOHUAKBAR X;['None'];Not_Hate
janifavo;ANUS Aliran NUSantara alias sesat;['None'];Not_Hate
pure_collagen_ori;ATI ditangkap ntar;['None'];Not_Hate
cikokers45;Aa uu ooo aa uu oo anuuuu nu ooo;['None'];Not_Hate
adventurism_indonesia;Aaaahhhshiyaaaappp;['None'];Not_Hate
dedi_ardiansyah95;Aaaamin ya rabbal Alamin;['None'];Not_Hate
gengsuriyadi;Aaahhhh andai gw disana gw sikat nih si kulum;['None'];Not_Hate
ruslanioni3;Aaamiin ya Allah;['None'];Not_Hate
azkaasyilarahma;Aaamiin ya robb;['None'];Not_Hate
yo_indra;Aaammiiiinnn;['None'];Not_Hate
raaznan_123;Aahh gx ngerti;['None'];Not_Hate
rulikhu_maira;Aaiisss Bubaarrr Belum sempet nikmatin udah bubar ja mendingan jangan sampai mAkai naudzubillahimindzalik;['None'];Not_Hate
luth.7.4_;Aamiiiiin Ya Rab;['None'];Not_Hate
ferial710;Aamiiin;['None'];Not_Hate
agusmulio;Aamiin;['None'];Not_Hate
diahlestari642;Aamiin ALLAHU AKBAR;['None'];Not_Hate
hijriyahhusnul;Aamiin Allaahumma amiin;['None'];Not_Hate
eviapriana_;Aamiin Allahumaamiin;['None'];Not_Hate
anita_syahfuan;Aamiin Allahumma Aamiin;['None'];Not_Hate
innez.farida;Aamiin Allohumma Aamiin;['None'];Not_Hate
indyraa04;Aamiin Tetangga sy itu min;['None'];Not_Hate
lastomz;Aamiin Y Robb;['None'];Not_Hate
juna_fitri;Aamiin Ya Rabb;['None'];Not_Hate
ratnawidayati23;Aamiin Yaa Allah;['None'];Not_Hate
moelgebe;Aamiin aamiin aamiin ya Rob smga ALLAH meridhoi mu;['None'];Not_Hate
mas_8370;Aamiin maybe one day Pak Anies Baswedan becomes an indonesia s president;['None'];Not_Hate
mrs_rantynurassya;Aamiin ya ALLAH;['None'];Not_Hate
mbokke_fiaa;Aamiin ya Alloh;['None'];Not_Hate
i.nunuk;Aamiin ya allah;['None'];Not_Hate
bintimahfudh;Aamiin ya rabbal Semoga beliau habibana HRS selalu dalam lindungan Allah SWT;['None'];Not_Hate
engdwi;Aamiin yaa Allah;['None'];Not_Hate
erlianachania;Aamiin yaa Allah iyaa N_Target Mudah an tambah bnyk yg ketangkep sampe akhirnya Jangan tanya saya gak jd di lantik;['devimariana43'];Not_Hate
pipin_nurfadilah;Aamiin yra;['None'];Not_Hate
icihmaratulhabibah;Aamin ya allah;['None'];Not_Hate
iswandi.iswandi.395669;Aamin ya rabbal aalamin;['None'];Not_Hate
onearmy2270;Aamin ya robbal aalamin;['None'];Not_Hate
teddy_amoedmarugul;Abh shayat;['None'];Not_Hate
hayabvsa86;Abih wak pak kanai galeh mpak nyo pak;['None'];Not_Hate
najla_azzahra17feb;Abu Janda msh bersuami waktu itu;['None'];Not_Hate
biekiko;Abu janda gembira banget namanya disebut;['None'];Not_Hate
saputrawendy02;Abu janda langsung terdiam wkwkwkw;['None'];Not_Hate
anisah.m.a;Abu janda mana;['None'];Not_Hate
regular_house_cat;Account buzzer seperti ini dibayar untuk memecah belah dan mengadu domba dengan menyebar kebencian semoga netizen yang melihat account seperti ini cerdas untuk tidak terpancing Kalau ingin informasi lebih baik mencari sendiri dari sumber yang terpercaya daripada menerima informasi mentah dari akun buzzer seperti ini;['None'];Not_Hate
sukri.ananda96;Aceh nyusul ni;['None'];Not_Hate
ariedhaa;Ach dasar asmat;['None'];Not_Hate
rmboedhi36;Ach mereka anak ingusan yang mudah menelan provokasi Biarkan segelintir orang emosi Tetapi mereka tetap orang Indonedia;['None'];Not_Hate
opunkac;Ad duitnya ntr ngutang lagi;['None'];Not_Hate
najiyahsol;Ada aja negara;['None'];Not_Hate
kif2608;Ada apa negara Kayak mau hancur aj negara ku;['None'];Not_Hate
ubaidillah1989;Ada cowok mulutnya kayak cewe;['None'];Not_Hate
armadianari;Ada ig atau fb nya;['None'];Not_Hate
hendrawanhari;Ada pemimpin indonesia N_Target Jadilah pemimpin bukan pemimpi doang;['aniesbaswedan'];Not_Hate
enysulistyowati158;Ada pencoblosan massal;['None'];Not_Hate
ddartanto;Ada pergerakan kah;['None'];Not_Hate
anassub67;Ada satu lagi min yg selalu turun celana;['None'];Not_Hate
m.agung.hrdynsyh;Ada usul N_Target;['yulianurlizaa'];Not_Hate
strawberry.japane11;Ada waktunya ada balasannya ada juga kebijakannya yg hrs di bayar Dan rakyat sdh semakin cerdas untuk melihat ini semua Wait and see;['None'];Not_Hate
ntoion;Ada yang siapin materai Hehe;['None'];Not_Hate
yusri9343;Ada yg berani sebitkan siapa dalangnya semua ini;['None'];Not_Hate
yesiampositive;Ada yg masih sakit hati sepertinya dan gagal move on;['None'];Not_Hate
gatra1501;Ada yg tau akun sosmednya;['None'];Not_Hate
nenenga_alfiah;Addaaaaaaaaaaaaaww ATiiiiiiTt;['None'];Not_Hate
nia.nua.nia;Adduh;['None'];Not_Hate
yeyetrohyati;Adem rasanya hati punya pemimpin seperti pk anis;['None'];Not_Hate
rajutanadhanie;Admin DM videonya dong;['None'];Not_Hate
ugoxpratama;Adminnya lucu yahhh coba baca UU yg lengkap jgn cuma satu satu;['None'];Not_Hate
aisyah_putri_1514;Aduh bahasanya apa g ada bahasa yang lebih bagus lagi tuh;['None'];Not_Hate
ku.rniawan2600;Aduh kacau;['None'];Not_Hate
efridasrg;Aduh malunya;['None'];Not_Hate
bunga_pratiwiie;Aduuhh pak anis warbiasah;['None'];Not_Hate
trilola;Aduuuh itu mulut lebih parag dr mulut anjing pak;['None'];Not_Hate
wisnu_adi_buana_;Aesuaikan juga dengan pelayanannya bos;['None'];Not_Hate
nyimasweninggalih;Agak trauma dgn pemilu takut suara sah kita di ilangin lagi yaa Alloh;['None'];Not_Hate
paulusnaeksitompul;Agama mu untuk mu agama orang itu untuk orang itu so jangan paksakan agama mu untuk orang itu Gitu saja kog repot;['None'];Not_Hate
syaf_sari;Agamanya apakah di ni Pantaskah dipanggil gus Semoga Allah secepatnya mberikan petunjuk kepada ini org Aamiin;['None'];Not_Hate
imassudarman;Ahh babe kalo bicara emang rajanya raja top lahh be;['None'];Not_Hate
pradhanawibisono;Ahok Agus;['None'];Not_Hate
laskarkahfi3;Ahok dan Yusril;['None'];Not_Hate
zidnialtair;Ahoker ini;['None'];Not_Hate
ardyafdusyarif;Ahsanta;['None'];Not_Hate
rizal_praditiya13;Ahy fahri hamzah;['None'];Not_Hate
farizh_alhakim;Aim heppi aim feri hepii;['None'];Not_Hate
ericowatilynn;Aiman Wicaksono nya sampe kayak ketakutan gitu ya;['None'];Not_Hate
jujunjunaedi438;Ajaib;['None'];Not_Hate
adp883;Ajaibnya lagi PRESIDENNYA SUDAH ADA;['None'];Not_Hate
yudhizamzamy;Ajakin main ke sumut deh biar kelar;['None'];Not_Hate
qthink22;Aji Mumpung;['None'];Not_Hate
yusufkapten_supandhi;Ajibb;['None'];Not_Hate
nuraininuraini247;Ajiiiibbb;['None'];Not_Hate
ono_thaliban;Ajiiiiib dach kalo bisa bahasa Inggrisnya;['None'];Not_Hate
kodolomo;Akalnya sehat matanya ikut sehat kalo akal dongkol y kelilipan terus malah jd penyakit;['None'];Not_Hate
fathurobby80;Akan datang saatnya Tunggu sampai di mulai;['None'];Not_Hate
lianafauziyah;Akhir jaman berhati lah dalam memilih ulama;['None'];Not_Hate
wawanwawan9197;Akhir nya KEJAWAB semua tebakan gua sering main sama orng yg suka masuk tv jadi ngawur aliran nya;['None'];Not_Hate
ekosakti_1705;Akhir zaman itu nyata;['None'];Not_Hate
ariomahoni;Akhirnya bisa terjawabkan kenapa Allah ciptakan neraka Karena buat menyiksa orang orang yang mengingkari kekuasaan Nya;['None'];Not_Hate
nonih1818;Akhirnya yg di atas dah pada menikmati hasil dgn riang gembira yg dbawah merasakan nikmatnya hotel prodeo Makenye orang dbawah mah cari duit yg berkah azz jd abadi buat di akhirat jg;['None'];Not_Hate
bamzwidodo;Akhrnya mata dunia sudah terbuka;['None'];Not_Hate
dayangfitri79;Akibat banyak makan babi ngepet nih;['None'];Not_Hate
hannasyukurr;Akooh si setuju;['None'];Not_Hate
srikieteng;Akooohhhh setuju banget min;['None'];Not_Hate
sidikmas84;Aku Pemilih Pertama;['None'];Not_Hate
maya_dasuki;Aku bangga memilihmu;['None'];Not_Hate
evisofiyah_12;Aku ga punya presiden;['None'];Not_Hate
djayeng_;Aku jg setuju;['None'];Not_Hate
mrs.har07;Aku klo BPJS naik emmoh melu jrn byr rb bln sdh berat emmooooh leren wae gk melok BPJS;['None'];Not_Hate
arzha_mn;Aku kok jadi enek liatnya ya;['None'];Not_Hate
r.eputranto;Aku kok ketawa ngekek yah untung bukan presiden saya;['None'];Not_Hate
t4ntri_27;Aku mesti kepleset nyebut dia riaenes mulu;['None'];Not_Hate
purwadipurwa759;Aku ora kaget klakuane SP;['None'];Not_Hate
endangpur027;Aku padamu laaah;['None'];Not_Hate
rohyantii;Aku sih iyess;['None'];Not_Hate
aswarhaya;Aku tetap bangga denganmu wahai jenderal aku tetap yakin engkau adalah bapak pembangunan d indonesia dunia mengakui ketangguhanmu engkau putra terbauk bangsa;['None'];Not_Hate
_aziz0404;Aku tidak mau su uzon tp aku akan ingatkan kepada bapak N_Target ingat janji bapak terhadap ulama Dan ingat lah masyarakat yg memperjuangkan keadilan dan itu kami memberi kepercayaan kepada bapak jd jgn lah sampai berkhianat ya pamlk;['prabowo'];Not_Hate
milaagus428;Aku yes;['None'];Not_Hate
sabdariskyamaliajanuarry;Aku yg supan meliat wkk N_Target;['mhmmdabil_'];Not_Hate
daka_de_soebari;Akun ini akun apa si;['None'];Not_Hate
rizki_harun;Akun pemecah belah bangsa bentar lagi kena ciduk nangis wkwk;['None'];Not_Hate
jamurtlethongtlethong;Akun profokator;['None'];Not_Hate
kstetty;Alaaah boro boro si anu pecus jg gak pak Anies Baswedan dmn pun di Luar dan dlm negeri tetap berkelas dan berkualitas di Luar Negeri;['None'];Not_Hate
mama_inachef;Alaaah palingan ini permainan politik lagi say no coblos terserah siapa aja yg mau naek;['None'];Not_Hate
kibuyut_ireng;Alaah intinya sama aja rakyat harus ngeluarin duit lagi;['None'];Not_Hate
devimariana43;Alangkah lucunya negeri ini;['None'];Not_Hate
yudhi_vaidy;Alergi sepertinya;['None'];Not_Hate
teuku_razali;Alham dulillah Semoga Allah swt meberikan petunjukan kepada bapak h prabowo subinto bapak h sandiaga uno tepilih;['None'];Not_Hate
gomengomen05;Alhamdulilah akhirnya azan allah terjadi;['None'];Not_Hate
hidayani1307;Alhamdulilah semoga berfaedah dan semoga habib bahar diberikan kekuatan dan kesabaran menerima ujian ini;['None'];Not_Hate
nitaronce;Alhamdulilahh;['None'];Not_Hate
unebcoy;Alhamdulillaah;['None'];Not_Hate
greenflotilla;Alhamdulillaah Allahu Akbar;['None'];Not_Hate
bglee07;Alhamdulillaah semoga bapak anis tetap Amanah;['None'];Not_Hate
khanza9797;Alhamdulillaah untung gag ada Tayo tapi sakit juga tuh C Ommx;['None'];Not_Hate
titabargess;Alhamdulillaah yaa robb gatot dilantik Gagal Tot;['None'];Not_Hate
emiwati63;Alhamdulillah;['None'];Not_Hate
suewarno_adi;Alhamdulillah Aamiin Allahu Akbar;['None'];Not_Hate
imanherman40;Alhamdulillah Allahu Akbar;['None'];Not_Hate
abu_mirza79;Alhamdulillah Allahuakbar;['None'];Not_Hate
syarifhidq;Alhamdulillah Jokowi Menang Priode Kampret kepanasan mau bilang apa Ya sudahlah Maklum junjungan nya gak pernah dan gak akan pernah menang;['None'];Not_Hate
calief_el_gibran_;Alhamdulillah N_Target;['aniesbaswedan'];Not_Hate
marsredjo;Alhamdulillah Satu lagi sosok pemimpin yang berpihak pada kepentingan rakyat;['None'];Not_Hate
indah_trijoko_m;Alhamdulillah Setuju bangeeeetttttt Bangsa Indonesia punya pemimpin muda yg berwibawa dan amanah Aamiin;['None'];Not_Hate
sri_00076;Alhamdulillah Ya Allah;['None'];Not_Hate
hj.ratnawatimisran;Alhamdulillah Ys Allah ijabahlah doa hambamu Allahu Akbar;['None'];Not_Hate
marcelianajuliantina;Alhamdulillah bangganya;['None'];Not_Hate
rany_maulina;Alhamdulillah beliau kembali mengangkat martabat Indonesia karena Rakyat Indonesia aslinya itu cerdas;['None'];Not_Hate
tata.iit;Alhamdulillah bukan dr golongan kami;['None'];Not_Hate
kolam_cebong;Alhamdulillah dari semenjak Ampe sekarang gak pernah bayar pajak motor ane Males bayar pajak duitnya malah dimakan sama pemerintah;['None'];Not_Hate
liezzrachman;Alhamdulillah gubernur N_Target salah satu yg sy kagumi juga selain gubernur N_Target bahagia dan bangga dg beliau yang tulus dlm memimpin pemerintahan semoga Allah selalu melindungi beliau;['edy_rahmayadi', 'aniesbaswedan'];Not_Hate
fathaskari;Alhamdulillah gw masih normal amit;['None'];Not_Hate
sri.darsono60;Alhamdulillah janjinya mensejahterakan rakyat Indonesia ditepati;['None'];Not_Hate
teguh_py2018;Alhamdulillah jelas garis keturunan Ayah Kakek nya Pejuang NKRI;['None'];Not_Hate
halimatussadiyah_77;Alhamdulillah kenaa deh;['None'];Not_Hate
ikediahbudiarti;Alhamdulillah mantap pak;['None'];Not_Hate
lisdaabbas;Alhamdulillah semoga yg bubarin tetap aman ya;['None'];Not_Hate
anggasaputra04093;Alhamdulillah setuju;['None'];Not_Hate
nani.rochani.904;Alhamdulillah smg istiqomah dan selamanya beliau ada dlm lindungan Nya aamiin;['None'];Not_Hate
emiamran_;Alhamdulillah sosok pemimpin yg di harapkan rakyat;['None'];Not_Hate
ummu_ahmad_yusuf_harun_arasyid;Alhamdulillah ya Alloh;['None'];Not_Hate
herikurniawan43;Alhamdulillah ya allah;['None'];Not_Hate
watty_nana;Alhamdulillah yaa Allah;['None'];Not_Hate
ali.tatang;Alhmdulillah punya pemmpin nu padagi semoga sht sllu pa anis;['None'];Not_Hate
irmawati260;Alhmdulillah smg g jd presiden;['None'];Not_Hate
ondrysyahrul;Aliran PALSU;['None'];Not_Hate
romlirostiana;Allaahumma sholli alaa sayyidina Muhammadin abddika wa rosuulika nabiyyil ummiyyi wa alaa alihi washohbihi wa salliimu tasliimaa;['None'];Not_Hate
agus_46saputra;Allah akbar;['None'];Not_Hate
sandrabudiyanti633;Allah itu MAHA TAU;['None'];Not_Hate
rudi_wiyono;Allahhu akbar;['None'];Not_Hate
fl_81_fl;Allahhuakbar;['None'];Not_Hate
fauzi_parisambu;Allahu Akbar;['None'];Not_Hate
korokoroki;Allahu Akbar Allahu Akbar Allahu Akbar;['None'];Not_Hate
putra_shop109;Allahu Akbar Semoga sadar para petinggi NKRI;['None'];Not_Hate
yayukindahsyah;Allahu Akbar mantaap pak ustad;['None'];Not_Hate
malmala1980;Allahu akbar;['None'];Not_Hate
_assistant.marbot_;Allahu akbar Laa haula wa laa quwwata ilaa billah;['None'];Not_Hate
arisandieby;Allahuakbar;['None'];Not_Hate
bocahjunti;Allahuakbar Allahuakbar Allahuakbar;['None'];Not_Hate
felis_sf;Allahuakbar Mantap pak ustad;['None'];Not_Hate
lunckylee;Allahuakbar Mungkin ini azab Allah bagi pemimpin pendusta Segerakan timpa azab pedih yg melakukan kecurangan Pilpres kemarin;['None'];Not_Hate
handokojohari;Allahuakbar ayo silahkan mulai serang kalo nggak kami akan balas;['None'];Not_Hate
regen_noval;Allahuakbarrrrrr;['None'];Not_Hate
ima.mariyama99;Allahuakhbar;['None'];Not_Hate
muhammadfajriansyah97;Allahukbar;['None'];Not_Hate
neng1796;Allhamdullillah;['None'];Not_Hate
choirunnisak_umar;Alllahuma sholli ala saidina muhammad;['None'];Not_Hate
hendy_surawinata;AlloHu Akbar;['None'];Not_Hate
innez.farida;Allohu Akbar;['None'];Not_Hate
onearmy2270;Allohu akbar;['None'];Not_Hate
aisha.iis;AllohuAkbar;['None'];Not_Hate
apret02;Allohummasollialaa sayyidinaamuhammad;['None'];Not_Hate
suadalion;Am hepi am feri hepi tengkiu gud morneng;['None'];Not_Hate
roni_gelbe;Amaan Kalau berjanggut mah udah ditangkap;['None'];Not_Hate
ansorisory1;Amanlah udah makan nasi goreng;['None'];Not_Hate
novie_danial;Amat setuju org genius;['None'];Not_Hate
begajul_to;Amatir;['None'];Not_Hate
lilalyla32;Ambil aja semua jatah kursi menteri ambil jatah ketua ini ketua itu ambiiiilllll Anda kan yg dimenangkan Kami akan jadi penonton saja memberi respon tertawa dan menangis teriak dan mengejek kalau akting kalian gak mutu dan salah;['None'];Not_Hate
novirmanfirman;Ambil semua Bungkus utkmu mu;['None'];Not_Hate
mikocool25;Ambil videonyo Saudara;['None'];Not_Hate
antanaqueker;Amerika udh ngeruk semua emas dn minyak sekarang orang china hadeehhhh;['None'];Not_Hate
amatul1971;Amien;['None'];Not_Hate
romlirostiana;Amiiiiin;['None'];Not_Hate
khairany46;Amiiin;['None'];Not_Hate
robiyah3703;Amiiin yra no smg itu benar ga hoax lagi amiin;['None'];Not_Hate
winarekawati;Amiinn;['None'];Not_Hate
riccardo_daelli;Amiinn Gbu;['None'];Not_Hate
saqinahmawadahwarohmah;Amiinyarobbalalamiin;['None'];Not_Hate
febrisyaira_shella;Amin;['None'];Not_Hate
sofi8561;Amin Ya Allah;['None'];Not_Hate
bro.2995;Amin trimakssih atas suportnya;['None'];Not_Hate
riyos_bachtiar;Aminn;['None'];Not_Hate
wahyu_adiya;Aminn ya allah;['None'];Not_Hate
miznahtaher;Ammiinn YRA;['None'];Not_Hate
mr75kiefendi;Ampibi;['None'];Not_Hate
buchori_corry;Ampyunnnn DJ;['None'];Not_Hate
djat_soedrajat;Ana;['None'];Not_Hate
lenaria6;Ana insya allah siaaaapp kapan imam besar keluarkan fatwa anaa ikuuttt mao berjuang;['None'];Not_Hate
yudhi2312;Anak TK lagi latihan wudhu dan sholat;['None'];Not_Hate
imronkurniawan20;Anak babi;['None'];Not_Hate
ak_boy.f;Anak buah dajjal lah bermunculan;['None'];Not_Hate
rocknroll_syariah;Anak buah peytren kali hihi;['None'];Not_Hate
karyawan_tuhan_;Anak buahmu wi;['None'];Not_Hate
indahsyahyayuk;Anak cerdaas bangga dgn agama islam nya;['None'];Not_Hate
sriyanimujihast;Anak kecil aja tau;['None'];Not_Hate
sundari_uminyazahrah;Anak negara yg pintar bukanya dikasih ruang untuk memajukan malah ditahan terbalik kapan Indonesia mau maju kalau yg hebat ga diterima ga diberi dukungan oleh pemerintahannya sendiri Aceh ayo maju;['None'];Not_Hate
ganjar_zizou;Ancoooooooooooorrrrrrrrrrt;['None'];Not_Hate
koswarakaryana;Ancurrr dah kalo cuman pengen kursi dann kursi Bukan duluin kebutuhan rakyatttt;['None'];Not_Hate
uthekadnan;And U know that I Like It;['None'];Not_Hate
drg.emi_rohmawati;Andai di semua dia datang kaya itu aja semua rakyat teriak Prabowo;['None'];Not_Hate
tawakalna_farm;Ane andil dah buat bikin gedungnya Ikhlas lillahi ta ala;['None'];Not_Hate
riki_inay;Ane suka kalo dia cepet modar masuk neraka;['None'];Not_Hate
nmachil;Aneh;['None'];Not_Hate
djoniarianto;Aneh DASAR DAGELAN;['None'];Not_Hate
rismantorismanto;Aneh bin ajaib;['None'];Not_Hate
a_adun1;Aneh bin ajaib ini negri ck ck ck;['None'];Not_Hate
hr_ragil91;Anehhh Emang kenapa;['None'];Not_Hate
jazulll;Anehhh MK bilang kecurangan tdk Terbukti kalo ini apaann yahhh hahaha;['None'];Not_Hate
dennyfrsco;Anehnya si doi masih cengar cengir duduk di kursi singgah sananya kyak gak ada malu;['None'];Not_Hate
aku_meoww;Anggaran segitu plg an utang lagi disunat dah selesai jabat kabur yg bayar rakyat;['None'];Not_Hate
midwife_rima;Anggaran yg bnyak bgtu mnding buat mensejahterakan rakyat gie ne ntah apa pikiran nya ibukota pke dpn Dhn sgla rakyat loe ja bnyak yg mmbthkan;['None'];Not_Hate
indra.pramono.3532;Angkot itu perusahaan kecil perorangan tutup saja Ganti dgn perusahaan gede modal gede bus gede dan sejuk Kalo nggak kasian rakyatnya;['None'];Not_Hate
bay_alvin;Anies Baswedan Edi Rahmayadi;['None'];Not_Hate
aidilfep_reigns;Anies Baswedan insyallah jdi presiden Ahok jdi ketua RT saja;['None'];Not_Hate
nyindrasbaratawiria;Anies Sandi;['None'];Not_Hate
msyanisad;Anies baswedan;['None'];Not_Hate
aj.buddyp;Anies goosbener;['None'];Not_Hate
mulya_hana_dayani;Anies sandi jendral gatot N;['None'];Not_Hate
rulyrasdiarmansyah;Anies yes sandi no;['None'];Not_Hate
flowz.blowz;Anis Sandi;['None'];Not_Hate
skoloasky33;Anis dan sandi;['None'];Not_Hate
andariazis;Anis sama Fahri;['None'];Not_Hate
sriratna398;Anis sandi;['None'];Not_Hate
arifinb258;Anis udah cocok tuh jadi presiden;['None'];Not_Hate
alummi.rambe;Anjeng kali;['None'];Not_Hate
lamputidur_reverie;Anjiirr merinding gw dengernya salut;['None'];Not_Hate
zolazakur544;Anjiirrr kasian amat;['None'];Not_Hate
maylaffaizah;Anjing;['None'];Not_Hate
ri.yan2233;Anjing anjingg bangsatttt bangsatttt;['None'];Not_Hate
m.afafqanaah;Anjing masuk masjid dibela pake dalil Felix Siauw masuk masjid diusir seketika lupa sama dalil Bendera tauhid kau bakar gereja kau jaga anjing masuk masjid kau carikan dalil dangdutan kau nikmati kajian kau bubarkan sebenarnya Islam kalian ini belajar dimana;['None'];Not_Hate
arman_armaya1904;Anjing munafik;['None'];Not_Hate
chesterharianto;Anjing nya tu dia bukan yg perempuan;['None'];Not_Hate
mhd_arifsetiawan;Anjink beraninya sama perempuan;['None'];Not_Hate
adhieitem;Anjinkkk memang itu Sebenarnya negri ini milik pribumi atau cina sihhh kok makin jadi raja aja mereka ini di negri kita Baik polisi mwpun institusi pemerintahan yg lain ketika disumpal duit oleh mereka pada mingkem smw;['None'];Not_Hate
bih.08;Anjir jelek bat mukanya bgsd;['None'];Not_Hate
sayaiqbal_;Anjirrr kalo gw digituin auto tutup kaca mobil;['None'];Not_Hate
muhammad_mamek;Anjrittt Maju apanya dok;['None'];Not_Hate
hiqal_lubis;Antara euphoria dan kezhaliman;['None'];Not_Hate
itiep021_;Anter ajah mbak ke kampung sya;['None'];Not_Hate
viola_rdcream;Anti asing bukan berarti gak bisa gaul sama org asing Ya ampun;['None'];Not_Hate
na.mardiah18;Antu blau itu dia yg ngak bisa nuduh orang;['None'];Not_Hate
javar72;Aowkaowkaowk;['None'];Not_Hate
egy_icandra3764;Ap gak malu lewat dpn rakyat di sorakin gitu emang presiden negara sebelah sih itu;['None'];Not_Hate
darmadi1665;Apa RI saat ini punya pemikiran dan kemampuan seperti ini ya adakah yg bisa kasih penjelasanya trima;['None'];Not_Hate
nurul.hudha.7798;Apa aq gk sala dgar apa aq yg tuli ya kok ada Kata israil gawat bikin aq gamut aja Mga gk ada apa;['None'];Not_Hate
zakaria21_adam;Apa artinya pak admin;['None'];Not_Hate
halimatussadiyah_77;Apa bedanya Ya Allah berarti;['None'];Not_Hate
syahrul_rahman_87;Apa benar udah fik ni minn;['None'];Not_Hate
any_zb;Apa cuma saya yg ngerasa ibu pkk ini nyindir pak erte esbeye;['None'];Not_Hate
sasridaaaa;Apa enak perut nya aja ngomong;['None'];Not_Hate
nabilasyakila04;Apa gak malu ya duduk diKursi yg bukan hak nya;['None'];Not_Hate
yang_uniek;Apa harus ada pemberontakkan rakyat agar keadilan bisa didapatkan;['None'];Not_Hate
dianmaharani1991;Apa hubungannya kecewa dengan keputusan lalu meminta mendirikan bank apakah itu bentuk provokasi yang dibuat untuk mengadu domba masyarakat dengan pemerintahan saat ini dasar provokator;['None'];Not_Hate
_achmad_maulana;Apa ini salah satu agenda yg mau dibahas di batu tulis;['None'];Not_Hate
rasyidsz;Apa kabar teman jadi susah kan;['None'];Not_Hate
heny.diani26;Apa kabar ya yg selalu setia membela mati an junjungannya itu Udh pada Sejahtera belom hidupnya Dilarang menyesal loh ya dilarang ngeluh;['None'];Not_Hate
daeng_ady72;Apa kerjanya Pemerintah;['None'];Not_Hate
dedegpidekso12;Apa khabarnya emak Militan yang telah di bui rela meninggalkan suami dan anak nya demi bela prabowo sedangkan ybs telah cipika cipiki dan berangkulan mesra dengan JKW dan dilanjutkan dengan makan enak sambil bicara bagi kue sedangkan Emak militan makan nasi pera lauk ikan asin di sel polisi hikssss;['None'];Not_Hate
ance_melody;Apa makhluq yg dinamakan MK gak tau atau pura gak tau;['None'];Not_Hate
bonalwood3997;Apa maling jaman now terlalu;['None'];Not_Hate
rully522364rlih;Apa nama banknya gua akan tarik duit gua di bank negara;['None'];Not_Hate
ir008;Apa nunggu borok itu parah dan akhirnya diamoutasi;['None'];Not_Hate
ir008;Apa nunggu borok itu parah dan akhirnya diamputasi;['None'];Not_Hate
pelangi_air_mata;Apa perlu kt pindah ke jkt yaa;['None'];Not_Hate
rikoseptianton;Apa ruginya pertamina pedagang eceran kulakan di pertamina juga bukan bikin sendiri itu bbm;['None'];Not_Hate
chade_mhd;Apa sih yg nggak dilanggar oleh mereka;['None'];Not_Hate
umi_lmi;Apa yang cari hai gus miftah;['None'];Not_Hate
agustialam;Apa yang mereka perebutkan dengan jatah itu Seharusnya yang di pikirkan Nasib anak bangsa dan negara bukan memikirkan golongan hanya untk mencari keuntungan Disini bisa kita nilai bahwa mereka ini tujuan bukan untk negara tapi jelas untk kepentingan pribadai dan Partai Habisssss laaa Negara ku;['None'];Not_Hate
ronboy_bin_udin;Apakah Spesies ini terbiasa bicara tanpa disaring dulu;['None'];Not_Hate
nur300482;Apakah akan terjadi sesuatu pada PLN Tahun penuh fitnah;['None'];Not_Hate
hijriyahhusnul;Apakah dia akan berakhir dg su ul khotimah;['None'];Not_Hate
alifjk168;Apakah harus terulang lagi kjdian;['None'];Not_Hate
sdwi5;Apakah ini bukan bukti kecurangan dimana mata kalian wahai hakim MK;['None'];Not_Hate
agus_sriyatno;Apakah ini solusinya Listrik diputus internet diputus Coba kalau jkt yg dibegitukan bgm rasanya Mana rasa keadilannya;['None'];Not_Hate
zamzami16_;Apakah ini yang termasuk orang yang berbahaya di bandingkan dajjal;['None'];Not_Hate
pusat_pendaftaran_paytren2;Apakah mas mba sudah tau PayTren;['None'];Not_Hate
randy_alby;Apakah nanti indonesia seperti itu juga biar nampak nusantaranya;['None'];Not_Hate
fajrin_azmar;Apakah pemimpin kita menjadikan kita bermusuhan atau hanya karna kita yang sibuk dengan keperluan kita;['None'];Not_Hate
nyimasweninggalih;Apalagi menyuruh orang berhenti berjuang lwbih baik diam saja nikmati kediaman itu berjuang mati diampun pasti mati dan kira memilih mati dlm keadaan diam atau dlm keadaan berjuang tetap semangat para pejuang cyber moga Alloh merahmati kalian aamiin;['None'];Not_Hate
dedeprancep;Apanya yang di sesuaikan pemerasan terhadap rakyat;['None'];Not_Hate
dze_newzaelans;Apapun mslah negri ini yg di slahin tetep aja prabowo jdi brtanya sbnrynya presiden kita tuh prabowo apa jokowi;['None'];Not_Hate
achmadcharismundziri3i;Apapun namanya tiap bulan nambah pengeluaran gitu aja kok;['None'];Not_Hate
imanherman40;Artinya ada kecurangan kn Bukti ini jg yg ditolak Emka kemarin;['None'];Not_Hate
ahmabadrul;Asa hayang najong lak lakana aing;['None'];Not_Hate
babyzee_lee;Asal bukan PENGHIANAT;['None'];Not_Hate
annasputrakaili;Asal tidak di curangi insya Allah pak Anis dan pak sandi pasti menang;['None'];Not_Hate
emiwati63;Aseeek jadi orang kota;['None'];Not_Hate
amani.hilaby;Asiiik niiih pgn ginisakiiit aku tuh diginiin;['None'];Not_Hate
linaiskandar6683;Asiik;['None'];Not_Hate
mikocool25;Assalammu alaikum Izin saya;['None'];Not_Hate
hijrah_tarim;Assalamu alaikum Akhi Ukhti Buat kalian yang pengen liat postingan tentang Tanya Jawab Ustadz Abdul Somad Yuk langsung aja follow akun kami Insyaallah bermanfaat setiap harinya;['None'];Not_Hate
muhammadsupri28;Assalamu alaikum kak semoga hidupnya penuh dengan keberkahan yaa jangan lupa kunjungi instagram kami yaa terimakasih;['None'];Not_Hate
kolam_cebong;Assalamualaikum;['None'];Not_Hate
sinergy_racing;Assalamualaikum WRWB Bila Berkenan cek Ig Kami ya kaa;['None'];Not_Hate
filardy_id;Assalamualaikum jangan lupa sobat mampir ke instagram dakwah N_Target yah tonton dengarkan lakukan dan sebarkan semoga menjadi berkah bagi kita semuaa amiin yarabbal alaminn;['filardy_id'];Not_Hate
marthin_luther92;Astaga kok malah menjelekan sesama umat Bukan a itu trmasuk ghiba;['None'];Not_Hate
rizky_noviandi_152;Astaga kolop;['None'];Not_Hate
opaadib19;Astagafirullah al asyim ya allah branix sm cewe doank Sini lo sm gw lo yg anjing Tae lo;['None'];Not_Hate
winda.silvia83;Astagfirullah;['None'];Not_Hate
ivonneayesha;Astagfirullah Gaya bicaranya kok begitu ya Astagdirullah;['None'];Not_Hate
pelangi_air_mata;Astagfirullah Ini sdh termasuk melecehkn agama Pengen bunuh rasanya;['None'];Not_Hate
hamdanidhani86;Astagfirullah Makin menjamur kaum sesat seperti ini saat kepemimpinan sii jaee;['None'];Not_Hate
hariani495;Astagfirullah adapun kenyataanya seperti ap dan klpun bukan orang ini pling tdk org yg dengan sengaja melecehkan agama kita ini pasti akan dptkan ganjarannya dr Allah SWT Astagfirullah ampuni kami ya Allah;['None'];Not_Hate
rauff_alminangi;Astagfirullah anak ini mengidap penyakit apa mbk;['None'];Not_Hate
bintimahfudh;Astagfirullah astagfirullah astagfirullah semoga Allah SWT jauhkan kita dari fitnah Dajjal;['None'];Not_Hate
ely7059;Astagfirullah d mana hati mereka;['None'];Not_Hate
ummiadiz;Astagfirullah hal adzim busuk Skali mulut kau ingat daging para ulama beracun Nanti mati bengkok kau;['None'];Not_Hate
yantoninetyfive;Astagfirullah janji;['None'];Not_Hate
rafi.rico2018;Astagfirullah nih orang dulu sekolahnya dimn yak buat bang Dedy C segeralah bertaubat bergurulah dgn Ustadz yg lurus aqidahnya biar g semakin tersesat;['None'];Not_Hate
ariel_cui212;Astagfirullah semoga k;['None'];Not_Hate
482zizah_spirit;Astagfirullah semoga saud sadar;['None'];Not_Hate
dedehsadiah1966;Astagfirullah sudah kafir dia naudzubilahindzaliq;['None'];Not_Hate
ikasuryaman;Astagfirullah uda keluar dajal;['None'];Not_Hate
trisnawatiheni;Astagfirullahal adzim;['None'];Not_Hate
bogorhomemadecheesecake;Astagfirullahaladzim harus bergetar terlebih dahulu kah kemudian panik sehingga tersadar Innalillahiwainnaillaihirojiun negerikuuu;['None'];Not_Hate
dianawati_14;Astagfirulloh yaallah laknatulloh amit amit ihhhh jijik;['None'];Not_Hate
arintasplenggono;Astagfirulohhhh;['None'];Not_Hate
athariz_nizam_alghifari;Astaghfirulah Naudzubilah;['None'];Not_Hate
narisayekti;Astaghfirulahaladzim makin kesini orang ini kok gini model ceramahnya byk bertolak belakangnya Jazakallahu khairan Buya Yahya;['None'];Not_Hate
mie1506;Astaghfirullah;['None'];Not_Hate
dyahrini_s;Astaghfirullah Indonesia ku;['None'];Not_Hate
poppy.magdalena;Astaghfirullah Smg cepat kiamatlah Biar abis yg gitu;['None'];Not_Hate
elfisyahrini_aprilia;Astaghfirullah al adziim;['None'];Not_Hate
yuli.nurul;Astaghfirullah bukannya digandeng untuk kemajuan bangsa Indonesia tidak kekurangan orang cerdas hanya pemerintahnya saja yg tidak menghargai karya anak bangsa Ketika diklaim negara lain baru teriak haduuuhhhh miris;['None'];Not_Hate
fahrizofficial;Astaghfirullah hal adzim laknatullah klian;['None'];Not_Hate
ikhtian;Astaghfirullah iya ya;['None'];Not_Hate
datan_nasution;Astaghfirullah kajiannya apa ga pembahasan lain ta gus ya Allah smoga tdak trjadi prpecahan antar umat islam naudzubillah;['None'];Not_Hate
halimatussadiyah_77;Astaghfirullah kristenisasi syukran infonya;['None'];Not_Hate
hj.ratnawatimisran;Astaghfirullah mana aparat kita kalo nga ada pembelaan suata saat anak cucumu akan lebih parah dj lersekusi;['None'];Not_Hate
dita_miatisutomo;Astaghfirullah sabar Mbak;['None'];Not_Hate
masagusahmadgustigautama;Astaghfirullah ya Allah engkau yg maha benar;['None'];Not_Hate
be_yours_19;Astaghfirullahal adziim ya Allah;['None'];Not_Hate
rochana.harun;Astaghfirullahal adzim bukan main nih orang Sdh numpang dinegeri orang tp songong banget;['None'];Not_Hate
haryatiida6;Astaghfirullahal adzim sedih liat cewek di lecehkan walaupun hanya dengan kata gk pake kata HANYA sebetulnya pelecehan ya tetap aja pelecehan;['None'];Not_Hate
ferisirajudin32019;Astaghfirullahal aziim;['None'];Not_Hate
korokoroki;Astaghfirullahaladziem;['None'];Not_Hate
aimulyati30;Astaghfirulloh;['None'];Not_Hate
iik_ian;Astaghfirulloh didaerah mana ini min btl jahiliyah;['None'];Not_Hate
m.nur4770;Astaghfirullohal Azhiim La haula wala quwata illa billah Terkutuklah org yg menghina para ulama;['None'];Not_Hate
haysia81;Astaghfirullohal adzim;['None'];Not_Hate
dzikri_fdz;Astahfirulloooh;['None'];Not_Hate
vie_ayu_moment;Astaqfirullah;['None'];Not_Hate
emma_3ma;Astaqfirullah alazim smg Allah cpt menurun kan azabnya buat mereka Amiin ya Allah;['None'];Not_Hate
mami.yanti.5458;Astaqfirullahaladzim;['None'];Not_Hate
hijrah_akhir;Asuuuu loe andai ketemu gue dah tak remet tuh mulut;['None'];Not_Hate
al_jasum_muhibbin;Atau jangan jangan yang bilang tak sejalan adalah manusia yang tak sejalan dengan pancasila;['None'];Not_Hate
heendiisurya;Atlit tinju sebaiknya type darah tinggi;['None'];Not_Hate
eninfauzyzakyyusufraajraasikh;Atuda aneh ari nu milih loba prabowo ari nu meunang jokowi nya kieu yeuh jadina;['None'];Not_Hate
amardianto508;Aturan inti dari adanya peraturan Allah membuat peraturan yang diharam kan dan yang dihalal kan maka Allah menciftakan ada nya surga dan neraka itu hak nya Allah untuk ditaati oleh seluruh mahluknya terutama manusia dan jin sedangkan manusia bermacam macam aturan akan tetapi selalu di langgar aturan tersebut karena hukuman nya terlalu ringaan dan tidak lama atau abadi dan juga tidak tegas dan dapat berubah sesuai kebutuhaan kalau saya amati dari kalimat diatas itu bukan peraturan melainkan guyonan yang tak berdasar pada uu;['None'];Not_Hate
soorajalshahed;Audit situng kape u;['None'];Not_Hate
hdyah.s;Aura presidennya keluar dluan;['None'];Not_Hate
acisoepatmaja;Auratnya di hati ncuk;['None'];Not_Hate
rocknroll_syariah;Australia punya kepentingan;['None'];Not_Hate
azis_fachrul;Auto BARBAR;['None'];Not_Hate
firman_yn;Auto Win;['None'];Not_Hate
rasyidsz;Auto rusak tanah disana klo di jadiin ibukota jakarta contohny maksiat banyak sampah berserakan polusi kampung kumuh andaikan pindah ke kalimantan ngga lama lagi kalimantan akan bernasip sama pribumi tergusur oleh gedung milik orang berdasi;['None'];Not_Hate
m.salim_21;Auto setuju;['None'];Not_Hate
zoel.ichsan;Aw ngilu;['None'];Not_Hate
dwimurnilestari;Awakmu podo bingung opo maneh akuuuuu;['None'];Not_Hate
topit_firdaus;Awal lebih cepat lebih baik;['None'];Not_Hate
desy_dsofa;Awal nya kenapa sih Mesti tau awal nya dulu biar jelas;['None'];Not_Hate
gusti._37;Awal pergerakan rakkyat melawan pemimpin akan menyebar ke seluruh negri ini Buat prabowo lihstlah rakyt negri ini jgn mlempem km;['None'];Not_Hate
faf4340;Awal perpecahan kalau papua tidak diselesaikan dngan baik takut bnyak yng ikut tan;['None'];Not_Hate
gusti_aria_abbas;Awalnya apaan sich;['None'];Not_Hate
al_aminu_al;Awalnya gmna ya masa langsung kasar apakah digodain;['None'];Not_Hate
yusuf.hidayat.754570;Awas gila mas miris liat nya sampe segitu nya;['None'];Not_Hate
azise_setiawan;Awas nnti yg dilecehkan yg ditangkap komen ditangkap jg g y;['None'];Not_Hate
malik.sutan;Awas posting jebakan tuh ntr salah ngomong di kandangin;['None'];Not_Hate
ridmaulana921;Awas security jadi tersangka;['None'];Not_Hate
dinar.sukmara;Ay don ting abot det;['None'];Not_Hate
nendisa789;Ayo Klo Berani Buktikan N_Target;['mohmahfudmd'];Not_Hate
mas_ipal;Ayo dirikan bank sendiri aku ikutttt;['None'];Not_Hate
khanza7777;Ayo mace pace qt bersatu lawan separatis;['None'];Not_Hate
na.mardiah18;Ayo mangkanya jangan koar koar debat terbuka aja klo memang habib ngak bisa;['None'];Not_Hate
dindda_asmara;Ayo pemangku negara ini segera turunkan pasukan utk mendamai kan suasana di sana Agar tidak terjadi konflik yg memicu kerusuhan antar umat beragama Bersatu lah rakyat Indonesia;['None'];Not_Hate
mangadung1975;Ayo sempud goyang;['None'];Not_Hate
iik_ian;Ayow sdr pendukung rame setujui bank syariah prabowo sandi d klu dh jd rame pindahkan uang kita d jd nasabahnya;['None'];Not_Hate
dianrissing;Azab dan bncana atau kekacauan dmn mna;['None'];Not_Hate
daniakbar9691;Azab sdh mulai diperlihatkan Entah apa yang akan terjadi dg negeri ini;['None'];Not_Hate
jualakunline;BABE BISA AJE;['None'];Not_Hate
thyas1904;BACOD;['None'];Not_Hate
prakasaanugrah;BANSER;['None'];Not_Hate
sofyan.as1997;BANYAK BICARA KURANG KARYA Jakarta sdh masuk Darurat macet dan hendak Tenggelam kok masih menunggu Penggagasan Bisa bayangin nggak jika seorang Ibu yg mau melahirkan masih menanti Gagassan atau orang yg akan mau mati karena serangan jantung masih menunggu gagassan;['None'];Not_Hate
eddy_mentor_paytren;BEDA LHO PEMIMPIN DENGAN PENGUASA;['None'];Not_Hate
eem_kurnia;BETULLLLL;['None'];Not_Hate
gheriz;BIAR RAKYAT MELUHAT N MEMUTUSKAN TAU NEGARA MAUNYA GMN;['None'];Not_Hate
awanilham;BISMILLAAAH An Nahl ayat Dan Dia menancapkan gunung gunung di bumi supaya bumi itu tidak goncang bersama kamu dan Dia menciptakan sungai sungai dan jalan jalan agar kamu mendapat petunjuk BISMILLAAAH An Nahl ayat dan Dia ciptakan tanda tanda penunjuk jalan Dan dengan bintang bintang itulah mereka mendapat petunjuk An Nahl ayat Maka apakah Allah yang menciptakan itu sama dengan yang tidak dapat menciptakan apa apa Maka mengapa kamu tidak mengambil pelajaran Alhamdulillaah;['None'];Not_Hate
awanilham;BISMILLAAAH Sn Nahl ayat Dan jika kamu menghitung hitung nikmat Allah niscaya kamu tak dapat menentukan jumlahnya Sesungguhnya Allah benar benar Maha Pengampun lagi Maha Penyayang An Nahl ayat Dan Allah mengetahui apa yang kamu rahasiakan dan apa yang kamu lahirkan Alhamdulillaah;['None'];Not_Hate
elangdigital;BUKAN URUSAN SAYA bukankah biasanya begitu ya;['None'];Not_Hate
ukieapief;Babe;['None'];Not_Hate
dianfajarini50;Babe emang mantap;['None'];Not_Hate
restibarnas;Babe kerennn;['None'];Not_Hate
rusma367;Babeee babeee;['None'];Not_Hate
rienjanice;Babeh gw nih;['None'];Not_Hate
liliskartini7624;Babeh mah tercanggih pokoknya mah;['None'];Not_Hate
nayer212;Babi SEKARANG PADA NGELUNJAK Biadab;['None'];Not_Hate
tohar6646;Babi beraninya SM cewe;['None'];Not_Hate
irasafitri53;Babi ni orang udh numpang Di negara orang bikin ulah Lg bukan nya di ludahin aja muka nya itu;['None'];Not_Hate
tafkiran;Baby dia;['None'];Not_Hate
nakula.project;Baca ayat yg full donk Sepotong juga gak enak;['None'];Not_Hate
afrizal9713;Baca nih ketemuan yuk klo brani vs muak w liat y;['None'];Not_Hate
codotfirman;Back to gold coin dinar and silver coin dirham alias barter;['None'];Not_Hate
nakamura1987_;Background nye kenape wong feh hung bang;['None'];Not_Hate
g_dicky21;Bacoooot;['None'];Not_Hate
hendartodavidnapitu;Bacot aja lu admin sempak;['None'];Not_Hate
rochayati4;Bacot doang gede om lihatlah guru nt ceramah gini menurut lu gi mana;['None'];Not_Hate
tjsummerz;Bacot lu ah Coba ke depan istana tuh bawa banserep bubarin yg ngbarin bendera OPM Bacot lu gak pas;['None'];Not_Hate
nova_agentberl_cosmetic;Bagaikan ditelan bumi Krik Krik Krik saking sepi nya;['None'];Not_Hate
rawis.triman.tahir;Bagaikan loket ada yg bisa hanya siap ngantri yang lama karena Pertamina suka kelambatan dari pada lancar nan cepat selamat menikmati;['None'];Not_Hate
ikinleader212;Bagaimana N_Target Sya kira fh tepat fh mnjelaskan sbgaimana mestinya;['pendapatahli'];Not_Hate
djaruwot;Bagaimana dengan PKI;['None'];Not_Hate
agustrionin;Bagaimana kalau wali kota turun ke jalan ngatur lalu lintas bos Sekalian dong di komen;['None'];Not_Hate
asep_syaepullah99;Bagaimana perasaan pak N_Target;['jokowi'];Not_Hate
alfi.alamsyah.104;Bagaimana rasanya pak N_Target;['jokowi'];Not_Hate
satrio_123456;Bagi bagi duit dulu ya N_Target;['rafly_aulia_iskandar'];Not_Hate
4yi_ri;Bagi nasabah yg jarang ke bank atau cek ATM jd sasaran utama neh pindah aja ke bank muamalat ayoooooo;['None'];Not_Hate
dokter_konsultasi_payudara02;Bagus foto nya lho kak yuk cek ig kita kak;['None'];Not_Hate
careeno.case;Bagus kak saya suka dengan postingan kakak post lagi ya kak;['None'];Not_Hate
vsigitnugroho_2019;Bagus kasihkan ke saya saya rawat;['None'];Not_Hate
rahmat_ulem;Bagus nya penuh kan jakarta turunkan jokowi;['None'];Not_Hate
febikurniawan_24;Bagus pak;['None'];Not_Hate
sanusi_imran;Bagusnya digoreng tu;['None'];Not_Hate
ifitjr11;Bagusnya dipancung itu orang;['None'];Not_Hate
putera.w1_gg_united;Bah Cemana ny min Orang ny itu itu aj ku tengok;['None'];Not_Hate
kopikeppas_sidikalang;Bah bettul nyabimi mbak;['None'];Not_Hate
p.hindhardika;Bah kasihan tidak dianggap rakyat sendiri wkaw ngakak;['None'];Not_Hate
nova_agentberl_cosmetic;Bahahahaha;['None'];Not_Hate
iuan_dz;Bahasa English nya pak Anies kok gak ada yang protes yaa;['None'];Not_Hate
rissaraihan2;Bahkan di qur an pun jelas umat islam harus membela agamanya;['None'];Not_Hate
droneino;Bahlul;['None'];Not_Hate
rose38id;Bahlul antum SAUD;['None'];Not_Hate
uncle_zack;Bahlul bin bungul laknatullah alaiih;['None'];Not_Hate
erlangga.ipit;Bajer;['None'];Not_Hate
bangale2;Bajingan;['None'];Not_Hate
fitriyaalestaryy;Bajingan Provokator asu Gak bisa ngredam suasana malah bikin tambah panas Buat lo yang POST lo gak lebih dari seekor ANJING;['None'];Not_Hate
mamalika624;Bajingan tengik makin menjadi sama pribumi;['None'];Not_Hate
arief.koto.14;Bakal terjai di t yg lain Kasian presiden;['None'];Not_Hate
abd_qohar54;Bakalan di usut satu kampung ini;['None'];Not_Hate
the_bangkes;Bakar;['None'];Not_Hate
anamira_komala;Bakar TUMAN;['None'];Not_Hate
roesly79;Bakar aja;['None'];Not_Hate
arisbudiasa;Bakar hidup;['None'];Not_Hate
fajarsubhi90;Bakarrr;['None'];Not_Hate
ifanaffandy;Bakarrrr;['None'];Not_Hate
zitojink;Bakul obat;['None'];Not_Hate
reniabunawar;Balik lu k negara lu bikin kesal bgt ni manusia;['None'];Not_Hate
burger_official19;Ban jokowi;['None'];Not_Hate
budi.suyanto.7330;Banci babi tu olang;['None'];Not_Hate
4dien_aje;Banci kaleng itu mah tandain mukanya;['None'];Not_Hate
sulaiman_sastrodihadjo;Bandot;['None'];Not_Hate
desiristanti1;Bandung gokil;['None'];Not_Hate
mahani.nuraini;Bandung hebat jagoanlah cihuuuuuyyyy;['None'];Not_Hate
billylewandowsky;Bandung kapan nih;['None'];Not_Hate
rr_zakiyyah5274;Bandung keren;['None'];Not_Hate
aryani2305;Bandung lautan api Semangat mereka tidak pernah bisa dipadamkan;['None'];Not_Hate
km01_paint;Bandung mantab;['None'];Not_Hate
arissutiaris;Bandung mantap pisann ke mun lewat ken masi te trimaas uwingg presiden hsil;['None'];Not_Hate
widiyani21;Bandung tea atuh;['None'];Not_Hate
ummysarrah;Bandung teaaaa;['None'];Not_Hate
iam_nurass;Bang N_Target;['hotmanparisofficial'];Not_Hate
wijay_veejay;Bang nitip sekalian kalau ketemu ini orang sunatin sekali lagi;['None'];Not_Hate
wily_agustian;Bangeeeddd;['None'];Not_Hate
lulutevioptus2;Bangeeeeeeeeeeeeeeeeet;['None'];Not_Hate
nank_8421;Bangeeeeeeeet;['None'];Not_Hate
nabilmnur;Bangeeeeettt;['None'];Not_Hate
nollynur8;Bangeeeeettttss;['None'];Not_Hate
yenny2262;Bangeeeet;['None'];Not_Hate
maulidautomo;Bangeeeetttt;['None'];Not_Hate
ayi_za76;Bangeeet;['None'];Not_Hate
norjanah45;Bangeeet se;['None'];Not_Hate
umi_lmi;Bangeettt;['None'];Not_Hate
didiksuryana;Bangeettttttt;['None'];Not_Hate
sugengbudi0163;Banget;['None'];Not_Hate
hermanvalufi;Banget Tumbang kan Rejim sintoloyo;['None'];Not_Hate
galery_afifah;Banget banget ah;['None'];Not_Hate
slv_esa23;Banget setuju nya;['None'];Not_Hate
mr.g_nugroho;Bangett;['None'];Not_Hate
wiwienagus;Bangetttt;['None'];Not_Hate
adang.hermawan;Bangetttttt;['None'];Not_Hate
rndsfiafd1512;Bangeut;['None'];Not_Hate
zha_46;Bangeuuuuudddd;['None'];Not_Hate
amirudin_ibnu_sidiq;Bangga indo punya putra terbaik bangsa ini;['None'];Not_Hate
hasni_hosny;Bangga nyaaa ini baru presiden kitaa;['None'];Not_Hate
firdaaprie_firmanti;Bangga sama pak Anies tapi pujilah orang tanpa harus menjatuhkan org lain Itu gak menunjukkan km lebih baik min;['None'];Not_Hate
ah_maesuri68;Bangsaaat yg suka hina ulama;['None'];Not_Hate
aanputra5620;Bangsat;['None'];Not_Hate
binafa._;Bangsat kok saya yg kesel liat congorx;['None'];Not_Hate
den.mas14;Bangsat ni org pgn gw tonjok gigi lu sampe rontok bangsat;['None'];Not_Hate
rayendra84;Bangsat tu orng klo ada aq disana saya finis him tu orng;['None'];Not_Hate
trisulis.alzy;Bangsat tuh orang;['None'];Not_Hate
fadhil.yannas;Bank kok ngene rekk mending multi bank di simpen di sini dan sono biar klo bermasalah ada cadangannya kayak genset;['None'];Not_Hate
ida130956;Bank sendiri dan station TV sendiri untuk mengimbangi berita rekayasa;['None'];Not_Hate
aldosyahir14;Bank toyib;['None'];Not_Hate
yeffriansjah.s;Banknya mas sandi bukopin ya gunakan itu saja;['None'];Not_Hate
angkek_simelue;Banser;['None'];Not_Hate
ade_af91;Banser Banser tolong ado yg mau makar iniiii;['None'];Not_Hate
zaffrullah24;Banser NU;['None'];Not_Hate
wahyuananto29;Banser apaan itu ya;['None'];Not_Hate
wildshaf;Bantai aja tuh orang;['None'];Not_Hate
myheroyuki;Bantai nih babi;['None'];Not_Hate
indrawhydi_;Banyak uang dan cewe;['None'];Not_Hate
dimitria1130;Banyak yg awam hnya tau brita yg indah indah d tv jd muja muji kerja nya presiden yg dimenangkan pdhl;['None'];Not_Hate
jank_muiz;Bapak N_Target lihat ini pak begitu cintanya rakyat kepada bapak Jangan sakiti mereka yg berjuang pak saya yakin dan percaya bapak tidak akan melakukan itu;['prabowo'];Not_Hate
bangpoh86;Bapak adalah Peresiden sesuai dgn pasal UUD selamat;['None'];Not_Hate
novalindaa_;Bapak meni keren;['None'];Not_Hate
akisherman2018;Bapak pinter pisan;['None'];Not_Hate
mohammadmardiono;Bapak sehat pak;['None'];Not_Hate
suwardiwiratama;Bapak yg satu ini dikeroyok dr segala penjuru krn beliau sudah dikepung pengkhianat negara pengkhianat yg jual negaranya ke asing demi memperkaya diri sendiri semoga alloh melindungimu pak;['None'];Not_Hate
nonongxx;Bapamu ni N_Target;['fris'];Not_Hate
windy_setyani;Barakallah;['None'];Not_Hate
elia93400;Barakallah Ustad;['None'];Not_Hate
dhannylov929;Barakallah be sehat slalu tetap hati jangan sampe jadi tersangka be ane tau babe gak takut masuk penjara tapi kalo masuk kan nanti kekuatan berkurang be N_Target;['haikalhassan_quote'];Not_Hate
icih_caroline08;Barakallah fiikum Habib;['None'];Not_Hate
poppy.magdalena;Barakallah pak Anies;['None'];Not_Hate
masnahana;Barakallah pak Anis;['None'];Not_Hate
arif_himawan92;Barakallah pak anies Presiden;['None'];Not_Hate
mama_nisya_rey;Barakallah pak anis;['None'];Not_Hate
narisayekti;Barakallahu Fikum Buya Yahya;['None'];Not_Hate
nurasiagorgasiregar;Barakallahu apa bisa ya si jae beginian ekekekeekk;['None'];Not_Hate
ray_barbershop;Barakallahu fiik pak Anies;['None'];Not_Hate
rinjohara;Barakallahu pak Anis;['None'];Not_Hate
dewiatang_212;Barakallohu habibbana;['None'];Not_Hate
aj.buddyp;Barang haram dipakai malah membikin gelisah;['None'];Not_Hate
sujanaengkan;Barokallah;['None'];Not_Hate
nunacookies18;Barokallah fiikum p Anis semoga Allah pelihara anda dri fitnah dunia akherat selalu sehat dan dlm rahmad Allah amiin;['None'];Not_Hate
korokoroki;Barokallahu fiykum barisan Jundullah;['None'];Not_Hate
ahmadsyarif.heryadi;Barokalloh Pak Anies;['None'];Not_Hate
niken_brownies;Barokalloh fiik ustadz;['None'];Not_Hate
suminartiimas;Barokalloh pa semoga Indonesia bisa dipimpin seperti beliau;['None'];Not_Hate
o_ih76;Barokallohufik Ustadz Fadlan Algaramatan;['None'];Not_Hate
brawijayasupllaier_service;Barrakallah habib Terbukti saat ini;['None'];Not_Hate
bookharee_man_up;Baru bisa ngajakin masuk Islam pak ogah aja udah mulai berani nih si emif;['None'];Not_Hate
budinoye;Baru kali ini pemimpin dak dihargai dg rakyatnya;['None'];Not_Hate
ingcollectiont;Baru liat lgsg merinding Aids skrg udh banyaj;['None'];Not_Hate
chuspri;Baru punya satu modal siapkan modal lain nya;['None'];Not_Hate
51298_sadra;Baru sadar dulu kemana ajah;['None'];Not_Hate
hdani;Baru sedikit yg merasa gerah he bentar lagi akan lebih banyak yg kerasa semoga bersatu;['None'];Not_Hate
ramdhan616;Baru tau gw ada demobener tv jaman now;['None'];Not_Hate
sadhamchocs_;Bau Pak jokowi priode;['None'];Not_Hate
yudhicom;Bau babi mulutnya;['None'];Not_Hate
emiwati63;Bawa kedebok pisang buat apa itu;['None'];Not_Hate
makmur.muhammad;Bayangin klw Tu posisi pak president ditanya panjang lebar seperti itu mnggunakan english speak What happened;['None'];Not_Hate
chila_070716;Bebas dengan minta maaf;['None'];Not_Hate
saepulbhary;Bebas klau orang kya gini mahh;['None'];Not_Hate
sandy.hash;Bebas mah dia ga bakal di kasus kan;['None'];Not_Hate
zenal.mutakien;Beda banget sm presiden;['None'];Not_Hate
tinul_401;Beda gak ya sama tukang palak;['None'];Not_Hate
ida130956;Beda kelas;['None'];Not_Hate
adeofficial12;Beda lah beban hidup sama berat mobilmah;['None'];Not_Hate
apudmahpudin;Beda level pemikiran Beda level kebijaksanaan dan beda level segala galanya So start from now i will stop comparing coz it is mot comparable;['None'];Not_Hate
mohana_clearesta;Beda perlakuan antara ISLAM DAN KRISTEN;['None'];Not_Hate
lailannazly;Begitu nasib kl negara berutang rakyat yg hrs membayar derita mkn panjang ajaaaaa;['None'];Not_Hate
raufnanny;Begitulah Indonesia yg tdk pernah menghargai kerja keras anak bangsa;['None'];Not_Hate
bebebnanoey;Belajar berhitung gaes;['None'];Not_Hate
bunda.dara.dzaky;Belajar dicomberan;['None'];Not_Hate
maikaltar;Beliau ini habib rizieq mas bukan rijik anda hati klau berbicara anda nanti mau minta syafaat sama siapa Ini bukan orang NU orang NU itu Ahlussunnah wal jamaah;['None'];Not_Hate
ayu_aida98;Beliau kacau jadilah NEGARA KACAU BELIAU;['None'];Not_Hate
sonyaaaaw;Beliau pun hampir melecehkan teman saya juga waktu malam didaerah kelapa hybrida pas teman saya pulang kerja Kayanya emng beliau gangguan jiwa kalo beliau ngegodain cewe tp sama cewe ga direspon bakal dikata katain seperti itu Ruko beliau bersebelahan dengan tempat saya bekerja daerah hybrida kelapa gading;['None'];Not_Hate
bambang_fahrozi;Beliau yakin jeruk takkan makan jeruk atasannya satu prinsip dg nya ingat herbertusjk;['None'];Not_Hate
t4ntri_27;Beliaunya mah mungkin ngga pengen KITA YG PENGEN Pak;['None'];Not_Hate
rsnou;Belum lagi rencananya impor rektor penguasa skrng rada rada kecompret;['None'];Not_Hate
fajarezan;Belum tau aja si cowok kalau cewek udh ngamuk untung mbak nya sabar;['None'];Not_Hate
fadelmuhammadfriz;Benalu gokil kayak ndase;['None'];Not_Hate
nurul766hi2019;Benar banget bang Rocky;['None'];Not_Hate
alle_man87;Benar benar terbuat dari apa hatimu pak prabowo Yg sebelah mah kalah x pernah dtg ke pelantikan gak siiih;['None'];Not_Hate
hanakaru33;Benar bgt min itu si entong belum di sunat x;['None'];Not_Hate
enno_kurnia;Benar sekali itu;['None'];Not_Hate
anwaricandra;Benar yg diucapkan BAPAK SOEKARNO KITA MELAWAN BANGSA SENDIRI PRAYFORPAPUAPAPUASATUNKRI;['None'];Not_Hate
abiabi9674;Benarkah ini min;['None'];Not_Hate
iwan0731;Bener banget;['None'];Not_Hate
anwar_7963;Bener bener merinding moga yang lain gitu juga;['None'];Not_Hate
tatisiregartati;Bener ga neeh beritanya Klw bener seneng banget;['None'];Not_Hate
evanssukasuka;Bener gak dianggap;['None'];Not_Hate
kepompongkupukupu123;Bener ini min bukan vidio kmaren kampanye kan;['None'];Not_Hate
ming_miaalbasir;Bener kata rocky gerung Pak jokowi memang menang di MK namun legitimasi kemenangan yg sesungguhnya ada di rakyat;['None'];Not_Hate
niennovitasari;Bener nih gubernur Indonesia N_Target N_Target N_Target N_Target N_Target;['acan07', 'kenkenar', 'adelisasardi', 'aldousadela', '_siitast'];Not_Hate
nopalempire.c;Bener sekali Gus Saya ini asli tdk NU tp salut dg anda Sabar sj Gus dan selama ada kebatilan dan kecurangan saya yakin anda salah satu yg menentangnya walaupun banyak munafik dan penghianat bangsa pd memusuhi anda Saya yakin Allqh bersama anda;['None'];Not_Hate
pancarsarana;Bener ucapan bung RG di ILC yg presiden tdk ada beban lg maka bila merampok jg tdk ada beban;['None'];Not_Hate
herudirgo;Beneran min Ruar biasa Mesti ada kejadian tak terduga terjadi nieh;['None'];Not_Hate
halimatussadiyah_77;Beneran teh Seriusan Biayanya Terus ngutang lg gitu BPJS apa kabarnya Lieeurrr saya mah;['None'];Not_Hate
esa_setya;Bentar lagi mati bocah itu;['None'];Not_Hate
diazayta;Bentar lg jg minta maaf sambil nangis;['None'];Not_Hate
bambang_fahrozi;Berani karena beliau yakin;['None'];Not_Hate
irawandee5;Berani mereka terang an karena melanggar UU;['None'];Not_Hate
yudhicom;Berani ngk pak polesong bubariin;['None'];Not_Hate
siddiq_bin_achmad24;Berani ny sama cewe belom pernah makan golok kali tu mulut ya;['None'];Not_Hate
wijanarko4312;Berani nya sama cewek mulut kaga disekolahin bangke;['None'];Not_Hate
m.alinur1976;Beraninya sama perempuan ngomong yang tak pantas padahal dia lahir dari seorang ibu yg juga perempuan sungguh perilaku yg tak terpuji dan tidak patut dicontoh;['None'];Not_Hate
adhikarautomo;Berapa sih pengaruhnya ibu beli tas impor terhadap neraca perdagangan Indonesia Haduuh Impor komoditi tuh baru gede pengaruhnya;['None'];Not_Hate
vinny_cantik;Berarti kan memang ada kecurangan tuh Knp kata MK ga ada Poniang kami rakyat jelata nih meliat keatas;['None'];Not_Hate
tatang.mardiana;Berarti pinter c udin awas din ada rajia kena tilang nyata di dunia;['None'];Not_Hate
_dcahyo;Berarti putin paham sma Islam Nice;['None'];Not_Hate
ivonneayesha;Berarti seruan hati nurani rakyat sengaja diremehkan ya min;['None'];Not_Hate
tinihariss;Berasa Presiden bicara ke dunia;['None'];Not_Hate
firmanpi;Berat suara anis untuk jateng dan jatim sandiaga mending sama jenderal gatot nurmantyo;['None'];Not_Hate
ronipramidya;Berbahagialah kalian dengan pilihan kalian bong;['None'];Not_Hate
neng.idiiw;Berdebat dgn kebuduhannya sendiri;['None'];Not_Hate
iqbal_makaro;Bergetar hati ku Masya ALLAH;['None'];Not_Hate
kiki_bendre;Berhubung yang ngomong matanye kagak lebaaar Ntr yg diproses yg dikata in jadinyaa Semoga Allah melindungi anda mbaa Krn hukum di sini tau sendiri laaah;['None'];Not_Hate
linnydharma;Berikan ajalah dulu yg terbaik untuk negri ini;['None'];Not_Hate
bunda.dara.dzaky;Berita lama;['None'];Not_Hate
raaraaa_09;Beritax beda banget dgn di media cuma ini yg berbeda;['None'];Not_Hate
lenaria6;Berjuang belum usaiiii;['None'];Not_Hate
andikatubqk00;Berjuang tete;['None'];Not_Hate
bradjasakti;Berkelas Gubernur rasa presiden;['None'];Not_Hate
codotfirman;Berpakaian tapi telanjang;['None'];Not_Hate
torro_poy74;Berpikir positif aja jangan menghakimi dgn apa yg dilakukan bertemu krn itu bisa memperpecah kita dukung sampe membuktikan apa yg terjadi;['None'];Not_Hate
firman_mu21;Berrak;['None'];Not_Hate
apakabarfriend;Bertarung dengan TGB nanti di;['None'];Not_Hate
murwahyuni06;Besok besok kl lewat lg sorakin lg;['None'];Not_Hate
suwardiwiratama;Betapa susahnya mencari sosok penegak hukum yg jujur dan amanah dinegeri ini diantara banyaknya orang pintar dinegeri ini sangat sulit menemukan orang yg jujur dan amanah apakah ini pertanda akan hancur leburnya kehidupan berbangsa yg berasas keadilan sosial bagi seluruh rakyatnya;['None'];Not_Hate
_ilham_y;Betol betol betol;['None'];Not_Hate
arsenio3007;Betul;['None'];Not_Hate
ermaprihartini;Betul FPI selalu di dpn membantu rakyat;['None'];Not_Hate
syfha_ramadhan;Betul aja firasat gw;['None'];Not_Hate
bglee07;Betul banget;['None'];Not_Hate
qadari_hiyadara;Betul betul betul;['None'];Not_Hate
duaempat_property;Betul betul betul Gus;['None'];Not_Hate
najwashop08_;Betul gus ngeri lihatnya udah bosan rezim ini ngubar ngubar janji BUMN satu persatu runtuh tandanya apa ini;['None'];Not_Hate
karim_maliq;Betul n Bnar bget Tidak Terbantahkan;['None'];Not_Hate
muhammadilhamumar;Betul pak Anis;['None'];Not_Hate
elangbiru737;Betul sekali itu ungkapan Aa Gym;['None'];Not_Hate
rikoseptianton;Betul setuju biar ketahuan kerja ngapain;['None'];Not_Hate
nismaislami;Betulll;['None'];Not_Hate
sukandi.akhmad;Beuuhhh ini presiden jakarta speaking well english;['None'];Not_Hate
lindlcrochet;Bgm ni N_Target N_Target N_Target N_Target N_Target;['jokowi', 'kemendagri', 'jusufkalla', 'infotemanjokowi', 'wapresri'];Not_Hate
latrisa_la;Bgtt;['None'];Not_Hate
saepulbhary;Bgtt Pasti indonesia disegani dunia;['None'];Not_Hate
irawan1680;Bhs Inggris nya lancar ya seperti saya N_Target N_Target N_Target N_Target;['gintingkecil', 'rahmatakbarmz', 'mhdfadhila_', 'biimasatriia'];Not_Hate
bekam_bdg;Biadab;['None'];Not_Hate
hannasyukurr;Biadab laknat tuh orang;['None'];Not_Hate
arasharcy;Biadap tu orang;['None'];Not_Hate
tinul_401;Biar apaaa coba pada gitu;['None'];Not_Hate
vuad_hassan;Biar azab allah yg membalas org curang atas kuasa mereka di dunia;['None'];Not_Hate
_bokengslowlay;Biar bangkrut;['None'];Not_Hate
achonk1468;Biar minggat smua;['None'];Not_Hate
idamalmahdi;Biar pa mentri agama ajh yg jawab;['None'];Not_Hate
erikasusanti_18;Biar saja Meraka teriak entar malu sendiri;['None'];Not_Hate
sidikmas84;Biar saja mo milih syurga ato neraka pilihan masing aku milih yg enag aja sate kambing;['None'];Not_Hate
sutarmanlibra12;Biar seperti kerajaan;['None'];Not_Hate
4_bintang_kawanua;Biar tidak ada yang berani mengulang;['None'];Not_Hate
vhinocahk;Biarin min ntar jga kena asap tebal;['None'];Not_Hate
rusma367;Biarlah kami rakyat menonton keangkuhan kalian;['None'];Not_Hate
rowitanjung;Biarlah wktu yg mnjwb;['None'];Not_Hate
jamurtlethongtlethong;Biasa aja gak usah lebae dan provokatif;['None'];Not_Hate
almsyhhh;Biasa nya yg minimalis gini mah aman di mata negara wkwk;['None'];Not_Hate
novannbanyoll;Biasa presiden;['None'];Not_Hate
yogisuswandi;Biasanya kalo ke pihaknya pak prabowo di potong terus ngmngnya giliran ke ahok diem malah kalah;['None'];Not_Hate
fitria_rahmawati06;Biasanya orang kayak gini matinya lama;['None'];Not_Hate
lilalyla32;Biassaaa;['None'];Not_Hate
kayanesandi;Bibit yajuj majuj;['None'];Not_Hate
terassq;Bikin BANK sendiri sma Bikin TV sendiri biar beritanya berimbang soalnya TV Mainstream gk asyik udh gk berimabang;['None'];Not_Hate
koswarayusup;Bikin bulu kuduk ini merinding begitu kecintaan pada Pak Anies Allahu Akbar Pemimpin yang terbaik dimiliki Bangsa saat ini lanjutkan Pak Anies;['None'];Not_Hate
al_fahrud;Bilang anjing sama orang padahal yang temanya anjing mah dia gak percaya Di rumahnya dia satu atap sama anjing hahahaha;['None'];Not_Hate
gelora_jiwa88;Bilang taik lah Anjing lah itu aja yg diucapin;['None'];Not_Hate
ruslan_inspirer;Binatang di tembak aja tu orang pemecah umat dan satu lagi pemerintah mana kok yang ginian di diemin belum ada beritanya mana yang slalu teriak NKRI harga mati;['None'];Not_Hate
drg.emi_rohmawati;Bingung dah mau ngomong apa lagi;['None'];Not_Hate
dedyju_sabyan11;Bingung mo ngerjain sapa;['None'];Not_Hate
m.fajar57;Bingung siih tapi selagi masih ada kesempatan untuk nikaah yaa mending nikaah dulu kalo udah nikaah baru ajak istri beerjuang untuk mencegah kemunkaran sang istri berdakwah ketempat ibu yg suka rumpi kita sang suami ancurin tempat miras perjudian terus tempat zinaaa dll;['None'];Not_Hate
maryuniastuti;Bisa aja;['None'];Not_Hate
iwan_suhendri;Bisa apa lu N_Target;['jokowi'];Not_Hate
rockwear_hardskill_bookink;Bisa jadi cm sekali aja tdr cm jam krn insomnia;['None'];Not_Hate
pramamtya.icha;Bismillah;['None'];Not_Hate
bismillaah8867;Bismillah Allahuakbar ya Allah SWT teguh lah negeri ini;['None'];Not_Hate
hodieprabowo;Bismillah N_Target N_Target N_Target;['rterdogan', 'chedetofficial', 'kingsalman'];Not_Hate
hodieprabowo;Bismillah N_Target N_Target N_Target N_Target N_Target N_Target N_Target N_Target N_Target;['nytimes', 'washingtonpost', 'cnnindonesiatv', 'cnnmuslim', 'bbcnewstv', 'washingtonpost', 'reuters', 'aljazeera', 'aljazeeraenglish'];Not_Hate
riayut;Bismillah pendukungmu selalu mengiringi setiap langkahmu pa prabowo sandi dengan doa;['None'];Not_Hate
wantiayu089;Bismillah setuju bgt;['None'];Not_Hate
lailatulizaty;Bismillah ya Allah mudahkanlah lancarkanlah dn lindungilah demo saudara yg berada di jkt Aamiin;['None'];Not_Hate
bogorhomemadecheesecake;Bismillahirrahmanirrahim InsyaaAllah ketika dajjal muncul dia masih hidup kemudian Allah turunkan laknat kepadanya dengan tiada ampun untuk keturunannya juga aamiin InsyaaAllah;['None'];Not_Hate
sandy_nderick;Bisnis para elit;['None'];Not_Hate
mpo_toyib;Bjn pres gue x;['None'];Not_Hate
rahmadinara.id;Bkn di apresiasi;['None'];Not_Hate
hidayani1307;Bkn ngakak lg bang tapi terheran;['None'];Not_Hate
mrullyfirdaus87;Bkn presiden ku;['None'];Not_Hate
tiana_ajah;Bkn urusan saya Jae;['None'];Not_Hate
wahyuhda;Blagu amat bab kura;['None'];Not_Hate
diaasriani;Blg musibah dgn rasa bangga bahagia congkaknya Kemenangan curang mmg musibah kata itu doa bu;['None'];Not_Hate
dewimarzuqi;Blm pernah liat anak gadisnya masak;['None'];Not_Hate
sigithendratno;Bloon sampe ketulang;['None'];Not_Hate
rahmisyof;Blooooon poool;['None'];Not_Hate
meifanny_ilyas;Blunder lg deh kader PSI;['None'];Not_Hate
heendiisurya;Bntar lg nyambung kencing nanah;['None'];Not_Hate
doyokma;Bnyk duit kyknya;['None'];Not_Hate
simon.jr82;Boaa edaaannn eta mak;['None'];Not_Hate
jsjans;Bocah gede;['None'];Not_Hate
totokuda23;Bodo amat;['None'];Not_Hate
zaraazzale;Bodo amat lah;['None'];Not_Hate
maynimayy;Bodo amat lah Mao naek kek mao disesuaikan kek judul nye rakyat ke beratan;['None'];Not_Hate
yunia_fatmawati;Bodo amat untung ga pake bpjs;['None'];Not_Hate
rmboedhi36;Bodoh kok dipelihara;['None'];Not_Hate
fadhlan13_proart_design;Boleh digunting tuh lidahnya;['None'];Not_Hate
teti_knia;Boleh ngakak gk;['None'];Not_Hate
raffi_galausky;Bos N_Target sikat nih makhluk;['opposite6890'];Not_Hate
andiyusroniyusroni;Bos paling gendeng min;['None'];Not_Hate
_fandfandi;Bpjs di naikkan tarif nya rakyak makin menderita;['None'];Not_Hate
kulillah_jambari;Bpk Anies Baswedan Yang Beriman santun Cerdas Baik Jujur tegas loyal kpd Rakyat dan Adil Aamiin;['None'];Not_Hate
ahmad.sumarno.7528;Bpk Anies Baswedan is the best semoga beliau selalu dalam lindungan Allah SWT Aamiin Aamiin Aamiin ya robbal alamin;['None'];Not_Hate
anna.rochana.98;Bpk Gubernur yg sangat membanggakan rakyat Indoesia;['None'];Not_Hate
khanza9797;Brarti qt yg ditinggal jadi orang apa Orang udik apa orang kampoong yak;['None'];Not_Hate
hanakaru33;Bravo;['None'];Not_Hate
firdsoul;Bravo Goodbeneer indonesia;['None'];Not_Hate
elpinamita;Bravo Pak Prabowo Semoga sukses selalu Aamiinu;['None'];Not_Hate
meifanny_ilyas;Brengsek nih keparat;['None'];Not_Hate
laily_hpai;Brp hrgnya mba;['None'];Not_Hate
ransialgandhi;Bsa streaming gak nih;['None'];Not_Hate
andi.indah274;Buahahahhahaha panik;['None'];Not_Hate
gumelar.nugrahag_;Buang aja org kayak gtu kasihan negeri ini d kotori kaum gila;['None'];Not_Hate
andre_zaghi;Buat apa;['None'];Not_Hate
abdurrosyid_fahmi;Buat lucu lucuan Kalo kata tuWIR;['None'];Not_Hate
gengsuriyadi;Buat yg blm tau apa itu arti radikal nih contoh nyata radikal yg sebenarnya bukan yg ceramah di masjid;['None'];Not_Hate
kantiarkansa;Buat yg iri silahkan tunjukkan dengan prestasi Jgn malah cari kesalahan yg bukan hal yg salah;['None'];Not_Hate
papa_hiko;Bubar;['None'];Not_Hate
ummah_maslacha;Bubar Bubar;['None'];Not_Hate
hj.ratnawatimisran;Bubar bubar tenggelamkan;['None'];Not_Hate
asepalesales;Bubar deh indonesia;['None'];Not_Hate
yudhicom;Bubariin noh ormas berpaham komuniz;['None'];Not_Hate
medanimedani;Bubarin aja ini negara;['None'];Not_Hate
kurakuraterbang21;Bubarkan FPI;['None'];Not_Hate
hambali593;Bubarkan partai perusak;['None'];Not_Hate
kechenk_farm4;Buk megang sapunya kok gitu;['None'];Not_Hate
torro_poy74;Buka mata buka telinga jangan tutup mata tutup telinga Prabowo masih menggema;['None'];Not_Hate
muslimindonesiajaya;Buka semua rekaman cctv pemprov DKI biar pada nggleper semua;['None'];Not_Hate
daeng_ady72;Bukan Gagal tp ga mau;['None'];Not_Hate
naufalrn_;Bukan Urusan saya;['None'];Not_Hate
gilangpranjuni;Bukan cina nya yg salah tapi manusia nya yg salah banyak cina muslim dan baik stop rasis;['None'];Not_Hate
selvironny;Bukan gagap memang ga bs sama sekali;['None'];Not_Hate
eriza_dragneel;Bukan lupa tpi gatau;['None'];Not_Hate
sulaiman_sastrodihadjo;Bukan marah kok cuman si itu tangkap si itu tangkap cuma itu;['None'];Not_Hate
prjont;Bukan ujaran kebencian bukan hoax tapi faktanya Presiden Dunia yg GAGAL memimpin negara nya Presiden Venezuela Nicolas Maduro Mantan Presiden Zambia Yahya Jammeh Mantan Presiden Zimbabwe Robert Mugabe ki joko bodho presiden dunia ghoib N_Target meski anda mau jungkir balik nyusun kabinet spt apapun yg anda inginkan negeri ini akn ttp kocar kacir dgn pertumbuhan ekonomi tdk lbh dr tau kenapa krn sebuah kapal akan tenggelam jika pengemudinya bukan seorang nakhoda;['jokowi'];Not_Hate
rizki_gent;Bukan urusan saya;['None'];Not_Hate
yan.kurnianto;Bukan urusan sy Bangga dg kecurangan kebusukkan ke boongan sehingga pendhzoliman pd rakyatpun mengikuti menjadi periode Biar rakyat semakin tahu semakin cerdas paham akan pilihannya;['None'];Not_Hate
west_z25;Bukan urusan sya;['None'];Not_Hate
hampir.ompong;Bukankah suara N_Target di papua tapi kok terjadi sebaliknya;['jokowi'];Not_Hate
saidah_humairo;Bukannya ga menghormati tapi sama punya prinsip;['None'];Not_Hate
rubyriswanto;Bukannya kasih kajian malah ngasih lelucon astagfirullah perasaan kemaren ga ko koar sekarang dah punya panggung mulai keliatan aslinya;['None'];Not_Hate
nanabehind;Bukannya memang menghina agama Kristen ya;['None'];Not_Hate
dadangazzam;Bukannya presiden kita skrg melakukan yang disebutkan juga bro Jgn selalu menyalahkan presiden dukung dan doakan bro yg mimpin negeri ini;['None'];Not_Hate
famakenz;Bukannya sudah dimenangkan ya;['None'];Not_Hate
nanda_busana;Bukanya bersatu;['None'];Not_Hate
sur7570;Bukti di setir tanpa pemikiran sendiri;['None'];Not_Hate
handi.purwanto;Bunuh yok;['None'];Not_Hate
harso_jamus;Buriikkk sini dong nungging sini biar abang jejek;['None'];Not_Hate
dhanie_lr;Busehhhh video sama backsound nya serem min;['None'];Not_Hate
jaybtn22;Busuk;['None'];Not_Hate
aleale4921;Bwahahahahaaaaaaa;['None'];Not_Hate
maya_antara;C na lg iiiii;['None'];Not_Hate
sitirahmatika17;CERDAS BERWIBAWA KEREEEN DEH PK ANIS;['None'];Not_Hate
jhunita.at;CERDASSSS;['None'];Not_Hate
adistwn18;CIE KEMAREN N_Target ketmu bapak N_Target yasik;['prabowo', 'jokowi'];Not_Hate
herupasticrue;CINA;['None'];Not_Hate
di_an_dra123;COBA PEMIRSAH BOLEHKAH KITA SALING HUJAT KATANYA INI ORANG USTAD TP KO MENGHUJAT SAUDARA MUSLIM YG LAIN APAKAH DIBENARKAN OLEH ALLOH YG KAYA BGITU JADI RAGU DGN GELAR USTAD NYABUKANKAH SESAMA MUSLIM KITA BERSAUDARA;['None'];Not_Hate
uci9139;CURAAAAAAANG;['None'];Not_Hate
peraza3168;Cabron;['None'];Not_Hate
okieeputra;Cakarcakaran amazing;['None'];Not_Hate
yetty.yb;Cakeeep dach;['None'];Not_Hate
nendah_sutan;Cakep;['None'];Not_Hate
windarwati_;Cakep keren mbak Sherly kena banget;['None'];Not_Hate
sesamaulida;Cakep ngt dah ah;['None'];Not_Hate
verryroli;Cakeppp;['None'];Not_Hate
ka_sur007_shop;Calon pemimpin;['None'];Not_Hate
fachrulhadi;Calon pilpres;['None'];Not_Hate
syofyanali;Calon presiden;['None'];Not_Hate
soorajalshahed;Calon presiden yang ideal;['None'];Not_Hate
ciptosatu;Campakkan kelaut aja tu orang;['None'];Not_Hate
ar.diansyah7933;Cangkemmu gus Ati;['None'];Not_Hate
syifaazzura413;Cantik bangett ibu yg pakai sepeda didepan ny ad keranjangg berhijab;['None'];Not_Hate
herikurniawan43;Cantik tapi dongo Kasian yang jadi laki nya Menanggung malu Punya bini bloon;['None'];Not_Hate
slv_esa23;Caper mo terkenal;['None'];Not_Hate
sapta_jayapura;Capres;['None'];Not_Hate
fiansofian8543;Caprukb;['None'];Not_Hate
a911official;Caption nya freeport tapi di video nya tentang LNG sorong Hoax macam apa ini banyak juga yang percaya hanya dari caption tanpa lihat video utuh;['None'];Not_Hate
_sofyantaufik;Cara bicara ny kayak obama;['None'];Not_Hate
muhammadsyafiqalamin;Cara mendapatkan rumah dp gimana min;['None'];Not_Hate
retno9009;Cara menghentikan korupsi Stop dibodohi;['None'];Not_Hate
rodiyahsyaifudin;Cara terkenal itu bermacam cara salah satunya dg cara norak;['None'];Not_Hate
rudi_wiyono;Cari mati ni orang;['None'];Not_Hate
novannbanyoll;Cba dh min liat di fb bnyk bngt jlk in UAS;['None'];Not_Hate
riyan_chungit;Cc N_Target;['ndorobeii'];Not_Hate
dimasep23;Cc N_Target N_Target N_Target iji tag komandan;['suryoprabowo2011', 'indah', 'infokomando'];Not_Hate
putra_yudhapratama;Ceburin ke got;['None'];Not_Hate
wisnudewanto90s;Ceburin sapiteng;['None'];Not_Hate
arum.fatimah.96;Ceceb tuh bang anies kakenya pahlawan bangsa;['None'];Not_Hate
dewi_daftar_paytren;Cek Bio kita ya Kak;['None'];Not_Hate
fauzan_bookstore;Cek profil kita kak;['None'];Not_Hate
satriadumers;Cekek terus rakyat;['None'];Not_Hate
lhkws;Cekrek cekrek chess;['None'];Not_Hate
mbok_fanny0184;Cemen;['None'];Not_Hate
kureydoank;Centang nu kieumah;['None'];Not_Hate
johankago;Cepat kali naik dari pratu k kopral Haha;['None'];Not_Hate
sidqia_1712;Cepatlah datang;['None'];Not_Hate
hendrakoswara94;Cerdaaas;['None'];Not_Hate
herumurtado;Cerdas;['None'];Not_Hate
abdularohman84;Cerdas amanah fatonah;['None'];Not_Hate
dharzana;Cerdas berwibawa dan merakyat;['None'];Not_Hate
hentylatifani;Cerdas berwibawa ikhlas;['None'];Not_Hate
aliehambali;Cerdas dan berakhlak mulia;['None'];Not_Hate
lidiandiyanto;Cerdas kaya aku;['None'];Not_Hate
kusmoriyanto;Cerdas lugas dipercaya;['None'];Not_Hate
winarekawati;Cerdas pemimpin guanteng;['None'];Not_Hate
gerimis_freshmilk_kasembon;Cerdas tegas berwibawa;['None'];Not_Hate
cowboy_vintage_store;Cerminan para pemimpin bisa dilihat dari kejadian yg ada di negara itu sendiri;['None'];Not_Hate
aang51274;China;['None'];Not_Hate
dimassallem;China boleh kuasai tapi jangan sampai negara kita di pegang China;['None'];Not_Hate
omojak;Chinaaaaaa oh noooo;['None'];Not_Hate
herumurtado;Cie cie cie duda bertemu janda nasional;['None'];Not_Hate
teguh_albean;Ciina blunder;['None'];Not_Hate
arie.np;Ciledug dong Ciledug lebih deket ke jakarta nih soalnya malah ngerasa kaya bukan orang tangerang;['None'];Not_Hate
rosiahmadi;Cina;['None'];Not_Hate
ikyewa;Cina lagi Cina lagii;['None'];Not_Hate
s_boangm;Cina lagi cina lagi;['None'];Not_Hate
soedirmansaid;Cina lagi deh;['None'];Not_Hate
wiranata562;Cina lg cina lagi;['None'];Not_Hate
edisyahputr4;Cina mah bebas dibawah pemerintahan jae;['None'];Not_Hate
ahmadzainuddin279;Cina meraja Lela;['None'];Not_Hate
jumilahhanny;Cina sekarang makin berani kalau salah sll dibela maka nya mereka berani;['None'];Not_Hate
salamrudy15;Cina semakin di depan;['None'];Not_Hate
septian_adi05;Cina tengil;['None'];Not_Hate
farid_syahzikri;Cina yaa;['None'];Not_Hate
chrollo.lucilfeer;Cinaaaaaaaa;['None'];Not_Hate
cak_stiker;Cino a iku;['None'];Not_Hate
ewyca_nutritionclub;Apa maksud pak polisi nyusup pake topi bertulis tauhid yaa Mo nuding kl aksi damai disusupi HTI gtu yaa Apa ini bagian drama sandiwara dan sinetron murahan yg selama ini mereka mainkan;['None'];Not_Hate
miss_leuk2;Coba pengen tau ntar ada telolis kerak telol dtg ga;['None'];Not_Hate
healthy.pudding_;Itulah yg membuat kelian jadi org picik dan sempit berpikirnya Rugiii lho dikibuli sama arav yaman itu Kelian dpt apa dia mah dibayar jalan keluar negeri Hidup bak raja dibiayai sang maestro Tp kaliaaan bln ngerasain sih dimaki dibentak sama si wowo;['None'];Not_Hate
bangjos15;Kalo ane justru nyumpahin pas pelantikan terjadi gempa bumi diwilayah gedung mpr dpr aja jangan yg lainnya;['None'];Not_Hate
supriatna2506;LGBT akan menghancurkan akidah Islam makanya harus di berantas;['None'];Not_Hate
jekybandaro;Mari lh para pengangguran minta gaji sama jokawi lgi yg nganggur ayo minta gaji janji jokowi hrus d tagih jgan sampe kena kibul lgi kta Ingat Ingat Ingat pengangguran dpat gaji pendukung jokowi segera tagih;['None'];Not_Hate
richielreal;Menteri menteri ABS gue yakin yg d sodorkan ke Jokowi setiap dia mau konpres itu di kasih data data ABS Di kasih data real pun paling mentok sikapnya cuman bilang Kaget bukan urusan saya Nunjuk itu anunya ngacir;['None'];Not_Hate
kodratsw;Menurut MK itu bukan kecurangan Menurut Raja Curang Bukan urusan saya yg penting gw dimenangkan Menurut Al Qur an Yang curang pasti celaka;['None'];Not_Hate
reza.sagaf;N_Target berkata berdasarkan yg diajarkan dlm islam ajaran apa ajaran membenci ahlulbait apa perlu saya perjelas dengan dalil akhlak dan adab bisa lebih jelas lagi akhlak dan adab yg mana yg salah dr beliau anda bertemu dengan beliau sayyidina umar bin khattab lembut dgn umat muslim yg taat tapi sangat keras dgn kafir dan munafik coba anda jelaskan akhlak dan adab beliau;['fandyaulia87'];Not_Hate
fandyaulia87;N_Target ga akan dibaca tpi nimbrung juga di kolom konentar saya kan HALU jadinya wkwkwkwk;['indonesian_akhwat_'];Not_Hate
via_syilvia08;N_Target ini org yg bantuin lu scr curang g lu bantuin Pasti jawaban lu wong bukan urusan saya;['jokowi'];Not_Hate
wahyupetol;N_Target institusi lu GX lebih hebat dari pengadilan negri di kabupaten lebih jujur Curang bos curang;['mahkamahkonstitusi'];Not_Hate
mr.romsky;Singa ya melahirkan anak singa Bukan kodok Mantaf Sayyid Ibrahim;['None'];Not_Hate
dyethafitra_18;Asli geram mba lihat rezim ini sesukax thdp ulama kita semoga Allah mbalas dgn balasan yg setimpal utk mereka yg dholim kpd Habib Bahar;['None'];Not_Hate
gilangiqbaal;Gemetar tu polisi di keliling sama emak cantik emak dilawan;['None'];Not_Hate
kpqtrw;Innalillahi ya ALLAH mudah an menyusul yang lainnya Arief Budiman dan rezim ini;['None'];Not_Hate
biekiko;Kemana saja selama ini wiwi kok baru melek defisit sudah dilepas sutradara kah;['None'];Not_Hate
indonesian_akhwat_;N_Target mubahalah itu ada;['giyono_69'];Not_Hate
erlianachania;Aamiin yaa Allah iyaa N_Target Mudah an tambah bnyk yg ketangkep sampe akhirnya Jangan tanya saya gak jd di lantik;['devimariana43'];Not_Hate
putrayoga.pratama;Admin yg sebar video dia pasti tau sapa yg bershalawat kaya tai ini;['None'];Not_Hate
yang_uniek;Apa harus ada pemberontakkan rakyat agar keadilan bisa didapatkan;['None'];Not_Hate
ance_melody;Apa makhluq yg dinamakan MK gak tau atau pura gak tau;['None'];Not_Hate
fadhiab58;Bismillah kalau kita ambil Hikmahnya Berarti ALLAH SWT punya Rencana Lain yg Lebih Bagus Buat Pak Prabowo Sandy yg tdk kita mengerti mungkin juga ini Umat banyak yg tdk amanah jadinya dapat Pemimpin GJ Hanya ALLAH SWT yg mengetahuinya;['None'];Not_Hate
m.i.suhaf;Bnserap dmn bantuan mu adaksh yg bermanfaat dan beramal soleh;['None'];Not_Hate
ajirachmawati_313;Bp Prabowo buat kami msh yg terbaik kalah tdk masalah dr pd menang hasil curang akan hina dunia akherat Salam semangat dr ema ema Majalengka;['None'];Not_Hate
indonesian_akhwat_;N_Target ssharusnya hukuman mati krn mereka aparat;['andalas190'];Not_Hate
burisrowo69;N_Target suwek lu bang gua esmosi nih;['benci_kedok_agama'];Not_Hate
andrian_skywalker;Takut mereka klo banyak anak muda merapat ke mesjid dasar penyuka lobang tai laknatullah;['None'];Not_Hate
fadli_dedek_88;ACEH selalu mendukung mu Pak Bravo Kuta Raja;['None'];Not_Hate
fandyaulia87;AKUN PROVOKATOR;['None'];Not_Hate
emiwati63;ALLAHU AKBAR;['None'];Not_Hate
sahalmakarim;ALLOHU AFUWWUN TUKHIBBUL AFWA MAN ANTA;['None'];Not_Hate
sahalmakarim;AQ OGAH LIAT TV JUGA LBH BAIK NONTON PAK MARAH;['None'];Not_Hate
mpok_rogaye;AYE MAH EMNG KAGA NONGTON TIPI MIN MALES ISINYA ANEH NGEHAYAL YANG BENER ADZAN SUBUH SAMA ADZAN MAGHRIB DOANG;['None'];Not_Hate
a_ridzi;Aamiiin;['None'];Not_Hate
anita.kusuma.94214;Aamiin;['None'];Not_Hate
innez.farida;Aamiin Allohumma Aamiin;['None'];Not_Hate
evi_mandalika;Aamiin yra;['None'];Not_Hate
emzakki;Acara apa itu Sejak April saat quickqount ngawur ga pernah nonton tayangan tv;['None'];Not_Hate
budi2795;Acung jempol buat emak cantik pk polisi gemeter di intrograsi emak cantik Jd cengar cengir Terciduuuk Aduuh;['None'];Not_Hate
dedihawk;Ada masa dimana ada kaum yg membenarkan tentang ke dzoliman;['None'];Not_Hate
enysulistyowati158;Ada pencoblosan massal;['None'];Not_Hate
yusri9343;Ada yg berani sebitkan siapa dalangnya semua ini;['None'];Not_Hate
juliana_nskep;Ada yg bs bantu jawab kenapa impor sampah Memangnya kita kekurangan sampah tah Pakai impor segala;['None'];Not_Hate
endangsri53;Adab yang baik untuk seorang pemimpin Masya Allah Barokallah;['None'];Not_Hate
arashiaslan;Ah siang di tempatku Rembulan masih termangu;['None'];Not_Hate
rey.safitry;Ahhhh mles bukan presiden gua Presiden gua ttp no Two;['None'];Not_Hate
ida_ny.ikaana;Akan ku ceritakan pada generasiku akan sosok pahlawan sejati SPT Sukarno;['None'];Not_Hate
nonih1818;Akhirnya yg di atas dah pada menikmati hasil dgn riang gembira yg dbawah merasakan nikmatnya hotel prodeo Makenye orang dbawah mah cari duit yg berkah azz jd abadi buat di akhirat jg;['None'];Not_Hate
hermanto.10;Aku liat lautan itu dalamnya tapi aku ga liat itu hati dalamnya apa ukuran cinta kita terhadap mansia adalah apa yg nyata di mata dan hatinya ukurannya sederhana bukan;['None'];Not_Hate
maia.lee3;Aku sih dr awal sidang MK dah gak nnton berita apalagi nnton pelantikan presiden hasil Ga tau deh isi sndri;['None'];Not_Hate
loninaylo;Aku terharu;['None'];Not_Hate
wijarnaka;Al Qur an di buat main main berarti orang ini akan menanggung beban berat hidupnya karena;['None'];Not_Hate
mamvell;Al Qur an kitab yang menjadi penuntun umat agar selamat dunia akhirat Hati dgn sumpah yg menyertakan Al Qur an;['None'];Not_Hate
bibir_berissix;Alam telah mnjadi saksi;['None'];Not_Hate
mpok_rogaye;Alhamdulillah Habib Pulang;['None'];Not_Hate
deriza12;Alhamdulillah allahu akbar;['None'];Not_Hate
citystep.official.id;Alhamdulillah g punya tipi;['None'];Not_Hate
unimarsuni;Alhamdulillah ga punya TV;['None'];Not_Hate
ary_ant11925;Alhamdulillah sejak dimulai nya rezim ini berkuasa sy jarang nonton tv dsamping sibuk mmg gak suka krn byk yg ditutup tutupi dtambah wkt pemilihan presiden Tv ane kabelny dilepas total mending liat IG lebih real;['None'];Not_Hate
dessypurihermianti;Alhamdulillah sejak hari pencoblosan sore hari udah QC tv ku mati smua sampai hari ini dah ah udah ga minat lagi nontonin rezim nambah dosa emosi jiwa;['None'];Not_Hate
ikinleader;Alhamdulillah sudah menjadi bagian dari perjuangan PAS di tengah GBK;['None'];Not_Hate
alifulfa42;Alhamdulillah sy memang ga pernah nonton tv lokal;['None'];Not_Hate
dinda.fitrianti;Alhamdulillah tv ane lgi rusak;['None'];Not_Hate
sony.fadillah;Alhamdulillah udah lama ga pernah nonton TV;['None'];Not_Hate
yossimyasty;Alhmdulillah Allah tunjukan;['None'];Not_Hate
harry_djs;Allah SWT berfirman Luth berdoa Ya Tuhanku selamatkanlah aku dan keluargaku dari akibat perbuatan yang mereka kerjakan QS Asy Syu ara Ayat;['None'];Not_Hate
panduridho250;Allahhuakbarr pejuang ttp lah pejuang semoga allah selalu melindungi ustad;['None'];Not_Hate
derymirwanda19;Allahu Akbar;['None'];Not_Hate
jpretteam;Allahuakbar;['None'];Not_Hate
innez.farida;Alloh swt mempunyai rencana lain in syaa Alloh akan memberikan yg terbaik untuk sang jendral sejati bang sandi tetap semangat;['None'];Not_Hate
ardabili8909;Amiin ya Allah;['None'];Not_Hate
wibowo1208;Aminnnnn Bapak N_Target N_Target Tetap Presiden dan Wakil Presiden RI Kami;['prabowo', 'sandiuno'];Not_Hate
jackgunzz;Amit jabang bayi geli saya ngeliat nehh org;['None'];Not_Hate
hafshah__;Anak sholeh doakan abakmu selalu ya nak;['None'];Not_Hate
nurkumari_lee;Anak soleh;['None'];Not_Hate
a_adun1;Aneh bin ajaib ini negri ck ck ck;['None'];Not_Hate
andreguestav;Apa n lg ini kpn tenangnya ini negara;['None'];Not_Hate
officialjalanninjaku;Apa sih ini;['None'];Not_Hate
sdwi5;Apakah ini bukan bukti kecurangan dimana mata kalian wahai hakim MK;['None'];Not_Hate
yandi_2502;Apakah masih bisa di gugat di makamah internasional min sengketa pilpres ini;['None'];Not_Hate
betty_011279;Apapun hasilnya kami tetap selalu dibarisan mu dan kami tetap bangga kpadamu pak Prabowo dan N_Target tetap semangattt pak kalian pilihan kami;['sandiuno'];Not_Hate
mansrahyu;Apes dech yg punya nama Jaenudin;['None'];Not_Hate
oviikadrimuda;Aq bangga telah mendukung kalian pak kalah terhormat;['None'];Not_Hate
ambarah07;Aq tetap bangga kepada pilihanku semoga umat islam kedepannya akan lebih bersatu Aamiin;['None'];Not_Hate
dzahin_anakbaba;Arief budiman insyaallah dalam waktu dekat;['None'];Not_Hate
imanherman40;Artinya ada kecurangan kn Bukti ini jg yg ditolak Emka kemarin;['None'];Not_Hate
teguh_eko;Artinya apa itu Min;['None'];Not_Hate
3singkong;Asal gk MAIN Pleciden plecidenan aja;['None'];Not_Hate
arashiaslan;Asek;['None'];Not_Hate
komarpandev;Ashiyaaaap;['None'];Not_Hate
mhdzulfanpandjaitan;Aspal nya masih basah itu;['None'];Not_Hate
febriandanus;Astagfirullah ga boleh gitu juga Mereka dan kluarga sedang berduka Kecurangan dan kedzaliman biar Allah yg menjadi hakim;['None'];Not_Hate
ny.ulfa16;Astagfirullah halaziim;['None'];Not_Hate
heru1120;Astaghfirullah;['None'];Not_Hate
duhayastrid;Astaghfirullah Smg rezim ini tdk bertahan lama;['None'];Not_Hate
abs.item;Astaghfirullah aladzim;['None'];Not_Hate
saher_syah;Astaghfirullah mau jadi apa negeri ini kedepan Ya Allah;['None'];Not_Hate
fahrul.azam328;Astghfirullah kok ada y orang yg pake akun palsu menyembunyikan dirinya sok berkata spt ini Emangnya klo menyebar kebencian fitnah kebohongan pake akun palsu ALLAH nggak tau apa Tidak akan memaafkan meskipun bertaubat Emangnya yg menerima taubat seseorang itu anda apa Apa anda seorang tuhan ALLAH memberikan akal pikiran kok nggak dimanfaatkan sih Banyak hal yg positif baik dan bermanfaat yg bs difikirkan dan dibagikan ke yg lain Ini kayak nggak bermanfaat aja apa yg ALLAH berikan Taubat lah bro Smoga Taubatmu diterima ALLAH;['None'];Not_Hate
manrusman08;Asw Semoga ni menjadi pengapus dosa kita semua allah beserta arang yg sabar prabowo presiden di hati kami;['None'];Not_Hate
apsari.argarini;Atau Bisa jadi malah gk sempat dilantik;['None'];Not_Hate
indriyaniyurima;Aw aw aww gimana ini N_Target;['divisihumaspolri'];Not_Hate
etzoel;Awal ketauannya gimana min Waspada ya emak emak di modusin;['None'];Not_Hate
putra_selatan27;Ayo kita ajukan ke AFC UEFA dan FIFA biar internasional tau enzim ini bobrok;['None'];Not_Hate
yudhicom;Ayo matikan tv;['None'];Not_Hate
gheriz;BIAR RAKYAT MELUHAT N MEMUTUSKAN TAU NEGARA MAUNYA GMN;['None'];Not_Hate
jasnelly;BKP luar biasa insya Allah Allah akan angkat derajad mu se tinggi mungkin aamiin;['None'];Not_Hate
nenenga_alfiah;BODO AMAT TUMAN;['None'];Not_Hate
vinnyavianti07;Baca komen kok jd baper;['None'];Not_Hate
nurzanah_;Bagaimana kalau Pak Prabowo dan pak Sandy Rakyat yg lantik saja;['None'];Not_Hate
akasasaidina;Bagi kami presiden pilihan rakyat tetap PRABOWO SANDI;['None'];Not_Hate
wina_brown;Bagi saya pak N_Target presiden saat ini;['prabowo'];Not_Hate
galang1779;Bagi sy andalah pemenang a pak prabowo n sandiaga uno;['None'];Not_Hate
lukmannul86;Bagi yg pernah bekerja di level managerial tegur menegur biasanya dlm rapat intrernal hasil dari rapat adalah keputusan rapat yg menjadi tanggung jawab sang manager Bila press relace ke publik itu sdh bukan wacana kesalahan anak buah melainkan sang Manager yg mengbil posisi sebagai pelaksana tugas yg diemban Lah ini;['None'];Not_Hate
siswanto3167;Bagian dari yg tdk bisa legowo;['None'];Not_Hate
zura_store_mulia;Bagus banget foto nya kak kepoin ig kita yuk;['None'];Not_Hate
umuqis;Bagusan nonton film kingkong;['None'];Not_Hate
m.i.suhaf;Bahaya nih;['None'];Not_Hate
rotibakar_alala;Balang watu waee;['None'];Not_Hate
dwianamarsudi;Bangga bersamamu my president in my heart;['None'];Not_Hate
khalisahrochman;Bangga kami berada di barisan bapak bgi kami bapak ttp presiden kami;['None'];Not_Hate
mouza_onur;Bangsat;['None'];Not_Hate
pamaanni;Bapak presiden buat rakyat indonesia yg tttp setia kpd bapak swmangat;['None'];Not_Hate
dyani_royyani;Bapak tetap president di hati sy sy bangga ada di balakang barisan bapak;['None'];Not_Hate
arynuur4;BapakN_Target;['prabowo'];Not_Hate
pet.lugas;Baru bikin teksnya biar gak menit;['None'];Not_Hate
sorlem_barbershop;Beliau seorang negarawan dan pejuang sejati;['None'];Not_Hate
richardsusilaw;Benar sekali ini tanda ahkir zaman;['None'];Not_Hate
razak.17;Bencong;['None'];Not_Hate
budifirmansyah32;Bener bingit;['None'];Not_Hate
vinny_cantik;Berarti kan memang ada kecurangan tuh Knp kata MK ga ada Poniang kami rakyat jelata nih meliat keatas;['None'];Not_Hate
indonesiaa_45;Berharap sebelun dilantik tiba tiba serangan jantung;['None'];Not_Hate
bayustyw;Berjiwa besar tapi tidak mau mengakui ke kalahanya di pidato semalem;['None'];Not_Hate
gietpnd;Beruntung gw g tahu jadwal pelantikannya g mau tahu jg lagian apa yg dibanggakan dari presiden ini;['None'];Not_Hate
nonih1818;Besok;['None'];Not_Hate
xigy_yagigiri;Besok hari jumat lantunkan al kahfi berdoa bada ashar in sya Allah mustajab aamiin;['None'];Not_Hate
bilfagihalfiandra79521;Betul betul betul;['None'];Not_Hate
zai_piliank;Betul sekali min mending gk usah sumpah pakai al quran deh kasian yg bersumpah ntar hisab ny tmbah berat karna ikut nabsu ajj itu sumpah tukar ajj ama janji sambil pegang leher;['None'];Not_Hate
rositasarita79;Biar di hisabnya lebih cepat sekalipun berat;['None'];Not_Hate
4_bintang_kawanua;Biar tidak ada yang berani mengulang;['None'];Not_Hate
syahrialsuryandana;Biarin biar dia main mainin sumpah gan biar tambah berat di hari n perhitungan kelak;['None'];Not_Hate
yudahasanalbogori;Bodo amaat;['None'];Not_Hate
ozbink;Bodo amat cuk;['None'];Not_Hate
darwisdarisman;Bodoh amat ogah nonton;['None'];Not_Hate
ddartanto;Boleh juga tuh cara introgasinya supaya ngaku dikelilingin emak cakep ngaku dah keren bgt;['None'];Not_Hate
utami_aaeiu;Boleh kok berjuang terus ssmpai ajal menjemput bersama doimu;['None'];Not_Hate
norlaila_has;Bpk Prabowo Sandi jgn pernah tinggalkan kami teruslah berjuang bersama kami Dan jgn pernah membersamai Rezim dlm bentuk apapun utk alasan apapun;['None'];Not_Hate
savianaryasya0;Bpk lah Presiden ku sampai kapanpun;['None'];Not_Hate
arfandy24;Buang listrik aja nonton sampah negara;['None'];Not_Hate
misdianto92;Buat Pak Prabowo kesabaran akan membawa keberkahan hanya Allah yg punya kuasa Dan segalanya;['None'];Not_Hate
ponco494;Buat apa kita buang energi kita buat ngurusi yg nggak penting semakin kita komen dia bangga biarin aja aku yakin ALLOH pasti udah nyiapin tempat buat mereka mereka;['None'];Not_Hate
cut_bang_peh_tem;Bukan air mata sedih ketika kalah tapi air mata haru yg mengalir bentuk luapan hati dan diri akan kebanggaan pada pendirian dipihak yg jujur dan teguh pendirian semoga perjuangan ini akan terus berlanjut sampai indonesia benar kembali kepemimpin pro indonesia dan kemakmuran serta keadilan rakyat;['None'];Not_Hate
ratu_evanputra_anita;Bukan apa apa hemat listrik bong;['None'];Not_Hate
pet.lugas;Bukan baru tahu cuma baru siap teks nya biar gak cuma menit;['None'];Not_Hate
mpok_rogaye;Bukan patah hati lg tp sakit hati;['None'];Not_Hate
santy_okta_1;Bukan urusan saya;['None'];Not_Hate
iyan_bhowiel;Bukan urusan saya mau di lantik ap tidak;['None'];Not_Hate
jefry_adhyastha;Bukti bahwa di negara ini masih bnyak orang yg baik dan beriman tapi jumlah yg tidak tidak sedikit jg pada orang yg munafik;['None'];Not_Hate
gigih_pratama93;Bukti bahwa kita telah di kalah;['None'];Not_Hate
deny_irawan___;Cakep tuh emak emakngaku juga;['None'];Not_Hate
mama_ntik;Cantik;['None'];Not_Hate
wr.oddo;Cara bikinnya gimana nih min;['None'];Not_Hate
mariawati60;Ciaap pleciden;['None'];Not_Hate
anggaarantxa;Ciye kalah ciyeeeeeee;['None'];Not_Hate
najibtamami;Ckckckk kasiann amat sihhh;['None'];Not_Hate
abdilah544;Coba Laporkan ke MK Pasti dibilang Hoak;['None'];Not_Hate
ata.3509;Coba minta tolong pak joko;['None'];Not_Hate
panjie_84;Coba simak sama semuanya Apakah kalian sadar sumpahnya jg g diatas kepala Ya mau boong juga gpp wong sumpahnya diatas pundak;['None'];Not_Hate
sonny.gantira;Coba tanya siapa yang SURUH;['None'];Not_Hate
madmbilung77;Cocok;['None'];Not_Hate
irwanvht12;Cuih;['None'];Not_Hate
ima_fatmawati_al;Cuman punya tv min buat anakku nonton film anak;['None'];Not_Hate
jatha_khan;D cyduk emak emak Wkwkw;['None'];Not_Hate
ebwood81;Dah curang ngibul Hadoh;['None'];Not_Hate
ramabojes;Dan saya salah nya ada di barisan mu;['None'];Not_Hate
rahmatlife;Dan saya salah satu dari jutaan orang Disana sangat membanggakan sekali;['None'];Not_Hate
hardyhazzard;Dari kmren jg saya udh mlez koq min ngliat nya;['None'];Not_Hate
rudy__surya;Demi Allah saya katakan saya tidak pernah menyesal berada di barisan ini;['None'];Not_Hate
satria.pontianak;Demi allah jk kemenangan benar curang Smoga yg berlaku curang d tunjukan dan mndapat hukuman allah subhanawatallah;['None'];Not_Hate
eko_yoyok;Demi menghindari pertumpahan darah pak Prabowo rela utk mengalah bukti beliau itu pemimpin sejati bukan spt tetangga sebelah;['None'];Not_Hate
riniaisjah;Di hati saya Bpk tetep seorang presiden kita smua saya bangga jd pendukung Bpk;['None'];Not_Hate
ayang.kay.7;Di sumpahnya jgn pake alquran tkut kena azab pake komik doraemon aja;['None'];Not_Hate
ando040114;DiMana TV qu;['None'];Not_Hate
fireryan1602;Dia mah gak bkalan ngerti arti hisab makanya asik dia mah yg penting kayaaaaa peduli amat ama rakyat miriss;['None'];Not_Hate
pacekrizal;Dicicil per;['None'];Not_Hate
yorizkyalf;Dilantik jam dini hari lagi aja pas rakyat lagi tidur;['None'];Not_Hate
d14hp;Disumpah pake komic sinchan aja;['None'];Not_Hate
sovaanita;Doa org kcl yg trdzolimi blm smpat menikmati hasilnya sdh dipanggil yg maha Esa;['None'];Not_Hate
nolabl5;Doaku kan slalu menyertaimu pak;['None'];Not_Hate
yulin_imoet;Duh berat kalimat tauhid dijadiin prilaku jelek;['None'];Not_Hate
mulyantisrieka;Dulu saya favorit dgn ibu ini Krn mewakili perempuan di pemerintah dan cerdas Tapi skrg koq agak agak gitu ya;['None'];Not_Hate
shanty2870;Dzoliim tidak adil;['None'];Not_Hate
agchz;Ebong mana ebongg;['None'];Not_Hate
sebaztianonie;Edan dilantik blm dah pada nongol ngeri yaah apa jadinya tahun kedepan;['None'];Not_Hate
hartini4478;Emak aku bangga padamu;['None'];Not_Hate
erniwien8637;Emak cantik kali;['None'];Not_Hate
neli.handayani2;Emak cantik n pinter jgn coba dikibulin;['None'];Not_Hate
tuti.pretty;Emak cerdas cantik dan berani berani demi tegaknya keadilan dan kebenaran dinegeri ini top dech;['None'];Not_Hate
firdsoul;Emak di lawan;['None'];Not_Hate
pandu.hanggono;Emak dilawan;['None'];Not_Hate
diviantav;Emak emak ai lo lop yu;['None'];Not_Hate
arsah_24;Emak emak dilawan;['None'];Not_Hate
ayudia_inara7;Emak emak kereeennn abisss;['None'];Not_Hate
iisnurjanah123;Emak emang keren;['None'];Not_Hate
benci_kedok_agama;Emak ini sepertinya dah lama gak diksh nafkah bathin nemu cowo lgsg kegirangan;['None'];Not_Hate
satriyabhakti6173;Emak militan cerdas;['None'];Not_Hate
juanda76zero;Emak militan dilawan;['None'];Not_Hate
nurhatatihusin;Emak nya cantik;['None'];Not_Hate
afifah_masruniwati_r_r;Emak nya cantik yaa;['None'];Not_Hate
nikensriretnoningsih;Emak nya kinclong bngt jadi polisi tak berkutik;['None'];Not_Hate
retno_susi3;Emak pendukung emang MANTAP cantik cerdas dan berani salam jari macan;['None'];Not_Hate
nyirangdaaraban;Emak semngttt mak;['None'];Not_Hate
dyethafitra_18;Emang jd dilantik haaaa makin malesss liat tv presidenku mah gk dtv tp di hati;['None'];Not_Hate
mama_eneng19;Emang kami mah udah ga liat tv malas;['None'];Not_Hate
oliveazzahr4;Ember dah sejak keputusan MK ga perna nonton tv klo lg nonton trus ada muko ono langsung q off in tv nya;['None'];Not_Hate
rickynakp;Emg itu di berita apa Detik apa kompat ato yg lain Saya mau baca;['None'];Not_Hate
haipetualannng;Follow N_Target untuk berbagi foto video;['explore_petualang'];Not_Hate
supro.indo;Follow back yaa ka;['None'];Not_Hate
muhammad.3127;G usah ditonton kita dibohongin doang;['None'];Not_Hate
gus_silo;GK USAH PAKAI GERRAKAN TV SY DIRUMAH WAKTU REAL COUNT SDH TAKJUAL;['None'];Not_Hate
reyhan_m.syaiqal;Ga ada yg mau liat;['None'];Not_Hate
eringhariyani;Ga bakalan sampai lebaran monyet juga biarlah nanti kna azab tkg ngibulin;['None'];Not_Hate
jemysalmah;Ga bisa ngomong lagi ternyata sampah impor lebih berharga dari manusia;['None'];Not_Hate
partarjuna;Ga da rekonsiliasi;['None'];Not_Hate
abdulwfa;Ga kebayang gimane dia di akhirat;['None'];Not_Hate
babyzee_lee;Ga pernah ntn tv lokal sy abis acara pencitraan semu hoax hoax hoax;['None'];Not_Hate
nina_rosyantimarzuki;Gak ada pengaruhnya lawan badai ngaciro;['None'];Not_Hate
shitady1;Gak jadi di lantik In Syaa Allah;['None'];Not_Hate
dudinsuandi;Gak punya tv nya Alloh Maha Tau apa yang terbaik buat negeri ini;['None'];Not_Hate
annur_hafizhoh;Ganti presidennya;['None'];Not_Hate
army_abr;Gapapa lah yg penting sudah sujud syukur;['None'];Not_Hate
deviarianto441;Gass pepet trus makkk Keren Habis;['None'];Not_Hate
fulanahbintialibinumar;Geblek;['None'];Not_Hate
burisrowo69;Gemess banget sm emak cantik;['None'];Not_Hate
zaprilianto;Gileee pilpress sdah slesai ujaran kebencian masih ada;['None'];Not_Hate
gitaaurel81;Gk malu y dilantik dgn jalan kecurangan krn kedudukan semoga dilaknat keturanan aamiin ya rabbalallamin;['None'];Not_Hate
rafa_alfarasyi;Goblok permanen;['None'];Not_Hate
ahabib;Gp ansor;['None'];Not_Hate
abidinsetiawan;Gw g peduli mo dilantik ato ga;['None'];Not_Hate
hatake_kakashi90;Gw gak mungkin nonton;['None'];Not_Hate
is_mail_ms;Gw jg ogah nonton pelantikannya walaupun dr berita yg udah ga live baca berita jg gak minat;['None'];Not_Hate
nanda_salwaduta;Ha Ha Mantaapp Poull Emak in;['None'];Not_Hate
lilalyla32;Haaaaaallllaaaahhhhh hancorr indonesia Yang salah dibenarkan dan diberi tempat Yang benar disalah kan dan dimatikan Memang sudah dekat kehancuran dimulai dari sini;['None'];Not_Hate
t.herawatihamid;Habis manis sepah dibuang;['None'];Not_Hate
heni_gita;Hadehhh parahhh;['None'];Not_Hate
hermansyahrh;Hahaha Sumpahnya yang di takut kan;['None'];Not_Hate
effendith;Hahaha maren kemaren kog GK di angkat ke MK ya;['None'];Not_Hate
syafriyenniyeyen;Hahhahqhahahaahhahaha N_Target;['hellokeepp'];Not_Hate
bajumuslimanak.jombang;Hai kak foto kamu bagus Cek ig kita ya;['None'];Not_Hate
mursynaa;Hakim Mk noh srh liat Biar mikir;['None'];Not_Hate
pelautmilenial;Hakim yang mulia kan juga punya selera;['None'];Not_Hate
dhifaana;Hakimnya diajak besok orang ini dpenjara supaya jelas itu buktinya Tp pas ditanya apa yg dcoblosin itu lebih dr juta suara Kl jawabannya GA maka ga akan mmpengaruhi hasil Jd ya biarlaaah itu dcoblos asal ga smpe jt;['None'];Not_Hate
bambangsoreang;Halah presiden tidak baru Wapresnya yang baru;['None'];Not_Hate
taufikwahyudi.se;Hamba Ikhlas dan Bangga Bersama PRABOWO SANDI ALLAHUAKBAR;['None'];Not_Hate
assyahrun;Hanya Allooh SWT yg Maha Mengetahui dan Maha pemberi Pembalasan stiap jeritan hati atas kezholiman dan kecurangan yg terjadi;['None'];Not_Hate
arizalkiky33;Hari hemat ENERGI ko bisa BUKAN URUSAN SAYA;['None'];Not_Hate
adindatriandini;Hasilnya udh bisa kita duga dr awal tadinya masih mencoba berfikiran positif tapi yaaaaah ternyata jalan cerita kayak ftv mudah ditebak;['None'];Not_Hate
dina.donat15;Hhh aneh bin ajaib wkwkwk;['None'];Not_Hate
dina.donat15;Hhh jgnkan pas pelantikan setiap nongol d layar tv j langsung saya ganti hhhhh;['None'];Not_Hate
jayndn02_;Hidup tni hidup habib Bahar ku;['None'];Not_Hate
zakysef;Hihihi gi fokus nganggur biar dapet gaji;['None'];Not_Hate
nenny.irianie;Hiii males liat nya juga;['None'];Not_Hate
salimdiamantemustofa;Hmmmm lapor hakim mk dong biar g di jadikan tersangka kan bukti video Dr internet katanya g kuat;['None'];Not_Hate
koboykeok;Horeeeeeee Pak dhe dan bangsa ini menang Cepat ucapkan selamat donk cepaaatttt;['None'];Not_Hate
ricoahmedmarco;Hormat pak Jendral Anda tetap juara pak dan tak tergantikan;['None'];Not_Hate
rahmananan;Hrs nya tdk ada ini berarri kn suaranya itu gelap tapi tetap tdk bisa d jd kn bukti;['None'];Not_Hate
regryanhan;Hukum gimana enaknya sesuai selera;['None'];Not_Hate
hafiz_uhan;Hukum suka suka;['None'];Not_Hate
boneng_khusafa;Hukumanya tak sebanding;['None'];Not_Hate
rainbo129;I love prabowo sandi;['None'];Not_Hate
akillaksmana.matakaca;I love you sir;['None'];Not_Hate
alfimu1;INSYAALLAH UPACARA KEMERDEKAAN DI MONAS AGUSTUS INSYAALLAH BISA LEBIH DAHSYAT LAGI AYO RENCANAKAN DAN WUJUDKAN BERSAMA SEMOGA MNJADI UPACARA TERBESAR DI DUNIA UNDANG MILITAN N SIMPATISAN SELURUH DUNIA UTK HADIR HARI SABTU SENIN SABTU MONAS MINGGU SENIN DI DPR MPR;['None'];Not_Hate
alfimu1;INSYAALLAH UPACARA KEMERDEKAAN DI MONAS AGUSTUS INSYAALLAH BISA LEBIH DAHSYAT LAGI AYO RENCANAKAN DAN WUJUDKAN BERSAMA UNDANG MILITAN N SIMPATISAN SELURUH DUNIA UTK HADIR HARI SABTU SENIN SABTU MONAS MINGGU SENIN DI DPR MPR;['None'];Not_Hate
mpok_rogaye;ITU KORAN ONLINE COBA YA GA USAH DIKETIK CARANYA PAKE AJE KATA LAEN EMANG KATA LAEN UDH ABIS APE PERBENDAHARAANNYE;['None'];Not_Hate
ratu_rufianti;Iih berani bener ya menangnya curang tapi masih berani sumpah pake Al Quran;['None'];Not_Hate
yuyunjunaidi;In shaa Allah ga berubah haluan prabowo sandi ttp di hati;['None'];Not_Hate
mas_ghannes;Indonesia nasibmu;['None'];Not_Hate
syahrendy97;Infrastruktur;['None'];Not_Hate
homestaydieng_istana21;Infrastruktur mana ya;['None'];Not_Hate
fenyswsinergy;Ingest in naggis ak;['None'];Not_Hate
boby_bobs06;Inginku berkata kasar tapi takut dikira makar;['None'];Not_Hate
ronlenon05;Ini kan salah satu bukti;['None'];Not_Hate
muzaz_12;Ini lah orang yang laknatullah;['None'];Not_Hate
azzam_azzred;Ini mah berita kemarin min sebelum lebaran beliau dan keluarga dalam perjalanan mudik ke pemalang;['None'];Not_Hate
tiersya2705;Ini nggak bisa jadi barang bukti yaa ada kecurangan;['None'];Not_Hate
nvmn02_211_;Ini nih gerombolan sahabat N_Target n N_Target iya kan;['daimahta', 'ukhti2815'];Not_Hate
asepnuryana;Ini pemenang sebenar nya;['None'];Not_Hate
rannia_beauty_skin;Ini pemimpin yg mencintai dan dicintai rakyatnya;['None'];Not_Hate
hermanto.10;Ini persiden gue kecintaan rakyat guys;['None'];Not_Hate
saridareah;Ini yg sebenarnya presiden yg sebenarnya Allah maha baik;['None'];Not_Hate
adihsunardi3592;Inilah tanda akhir zaman yg sudah di terangkan oleh hadist;['None'];Not_Hate
chiara_yaffa_08_;Innalillaaahi semoga bukan hoax;['None'];Not_Hate
dinar_by_sr;Innalillaahi wainna ilaihi roji uun;['None'];Not_Hate
tien.rizky;Innalillahi segitunya muja org;['None'];Not_Hate
kedairumahkita;Innalillahi wa inna illaihi rojiun;['None'];Not_Hate
sangawing;Innalillahi wainna ilahi rojiun;['None'];Not_Hate
sobirinadipratama;Innalillahi wainnaillaihi roji un demi apa yaa kok isa impor sampah;['None'];Not_Hate
blackorchidmotor;Insha ALLAH tetap Istiqomah ga Berpaling;['None'];Not_Hate
menny_st;Insya Allah saya tetap berada di barisan yg menyesuarakan kebenaran;['None'];Not_Hate
prabowosandiuntukindonesia;InsyaAllah kita udah berjuang keras Dan kami juga melihat perjuangan keras dari Prabowo Sandi dan kawan kawan Untuk itu kami juga merasa bangga di barisan pendukung N_Target Apakah ada juga yang penilaiannya sama kayak kami;['prabowosandiuntukindonesia'];Not_Hate
diannovita76;Insyaallah allah akan memberikan yg terbaik buat bapak prabowo dan bang sandi amin ya robalallamin;['None'];Not_Hate
isundias;Isi sumpah nya tambahin klaw saya ingkar janji turunan celaka dunia akhirat dan miskin dalam keadaan hina;['None'];Not_Hate
xigy_yagigiri;Istighfar istighfar istighfar;['None'];Not_Hate
husin_aldriansyah;Itu bukan presiden gue;['None'];Not_Hate
putraspeed999;Itu bukan urusan saya;['None'];Not_Hate
elin_elsap_hadecollection;Itu bukti ya min bukti ada kecurangan;['None'];Not_Hate
sayyid_asseqqaf135;Itu kok di hukum ada penciblosan masal Ada buktinya gk Kalo ada berupa apa Tapi kok di MK di tolak permohonan dari BPN;['None'];Not_Hate
tengku.indah05;Itu pak TNI nya senyum lo;['None'];Not_Hate
abisalma8;Itulah indonesia;['None'];Not_Hate
saikou.arts;Izin nyuri;['None'];Not_Hate
24_angus;JANGAN LECEHKAN AL QUR AN UNTUK KECURANGAN SEMOGA ALLOH MENIMPAKAN AZABNYA BAGI YANG MEMPERMAINKAN AL QUR AN;['None'];Not_Hate
bayuhermanto698;JANGAN MUDAH TERPROVOKASI SEDULUR SEMUA;['None'];Not_Hate
sobirinadipratama;Jaman almarhum pak harto habis ni orang orng sesat di biarkan tambah menggila akhirnya muncul sesatan yg lain;['None'];Not_Hate
hartinisifri;Jangan banyak berharap biarlah tabirnya dibuka oleh Allah SWT;['None'];Not_Hate
utyyanti;Jangan bersedih Saudara ku Kedzoliman dan ketidak adilan di akhir Zaman adalah bagian dari SunatullahNya Keadaan Akhir zaman yang kita alami sekarang ini sudah di nurbuat kan oleh Rasulullah Adalah Sebuah keniscayaan Beruntunglah engkau yang dirindukan oleh Rasulullah Beruntunglah engkau berada di barisan para Ulama yang lurus dan bersama para pembenci kemunkaran dan kemunafikan Bersama pembela keadilan di barisan Pengkhianat bangsa atau penista agama Sabda Rasulullah Tidak pernah salah karena sabda Rasulullah berasal dari Allah Rasulullah Bersabda Sungguh bumi ini akan dipenuhi oleh kedzholiman dan kesemena menaan Dan apabila kedzholiman serta kesemena menaan itu telah penuh maka Allah akan mengutus seorang laki laki yang berasal dari umatku namanya seperti namaku dan nama bapaknya seperti nama bapakku Maka ia akan memenuhi bumi dengan KEADILAN dan KEMAKMURAN sebagaimana bumi telah dipenuhi sebelum itu oleh kedzholiman dan kesemena menaan Di waktu itu langit tidak akan menahan setetes pun dari tetesan airnya dan bumi pun tidak akan menahan sedikit pun dari tanaman tanamannya Maka ia akan hidup bersama kamu selama tahun atau tahun atau tahun HR Thabrani Kapan itu terjadinya Rasulullah bersabda Sesungguhnya Allah akan mengutus untuk umat ini setiap masa seratus tahun orang yang akan memperbaharui agamanya H R Abu Dawud Al Hakim Jika melihat hadits diatas tentang setiap seratus tahun Allah akan mengutus pembaharu agama Islam maka jika kejayaan Islam masa khilafah terakhir Turki Ottoman runtuh pada tgl Maret tahun maka tahun kemudian Insyaa Allah akan lahir pemimpin baru kira kira tahun Bersabarlah Waktu itu akan datang Tidak lama lagi Apakah Pemimpin baru yang dimaksud adalah Imam Mahdi Apakah pergantian dari pemimpin dzolim kepada pemimpin Amanah di negeri kita tahun adalah tonggak awal Kejayaan Islam Apakah sebuah kebetulan visi dan misi kita semua sama dengan Hadits yang dimaksud Rasulullah yaitu ADIL dan MAKMUR Apakah kejayaan;['None'];Not_Hate
ilhmnution;Jangan kan matiin tv jual tv pun jadi;['None'];Not_Hate
rachimaninda;Jarang nonon TV pajangan doang;['None'];Not_Hate
taufik_veranida;Jarang nonton tv skrang Buat maen game aja tv nya;['None'];Not_Hate
atankcolection;Jdi Ketauan vangkeeee hahah;['None'];Not_Hate
d3dy.damhudi;Jgn fokus pelakunya tp fokus siapa dalanganya jgn hanya kebawah saja tp ke atas jg;['None'];Not_Hate
meihandaripipit;Jgn gt mimin;['None'];Not_Hate
uwais_alqorni2992;Jijik;['None'];Not_Hate
titiklarasati1963;Jijix;['None'];Not_Hate
mahranimado;Jika diliat dr layangan tersebut mka Prabowo Sandi menang menang dn menang fakta yg bicara tp uhhhh sabar sabar Allah tdk tidur;['None'];Not_Hate
benci_kedok_agama;Jiwa besar itu menerima kekalahan;['None'];Not_Hate
wiwinnnnnn_;Jngankn pelantikan liat muka nya dah ogah;['None'];Not_Hate
dr_fatahillah;Jokowi periode Yang ga setuju ga masalah Jokowi aja ga butuh kalian kok;['None'];Not_Hate
najibtamami;Jual aja tv nya ganti smart phone;['None'];Not_Hate
blantikskalir.id;KALAH DI EMKA MENANG DI HATI RAKYAT INDONESIA;['None'];Not_Hate
mumyu_;KALI AJA TU QUR AN BOHONGAN CUMAN SAMPUL;['None'];Not_Hate
davidputra710;KARTU PRA KERJA GAES INGAT JANJI ADALAH HUTANG GAK BISA DI BAYAR DI DUNIA YA DI AKHIRAT KELAK DI TAGIH;['None'];Not_Hate
hamrodius.chaniago;KLO GW JADI DIA NGAPAIN DIBTNAGKAP TOH GA TERBUKTI;['None'];Not_Hate
teh.virgo.716;Kalah deh klau udah di buru emak emak cantik;['None'];Not_Hate
supriatna2506;Kalau benar menang tak perlu nuduh rakya yg harus di lindungi rakyat karena menang licik muda aha para para bajing kena azab Allah;['None'];Not_Hate
nannietya;Kalau sekolam mah bebas Semaunya boleh saja;['None'];Not_Hate
kencana6736;Kalian menang dr hukum dunia tapi TDK akan lepas dr hukum allah sungguh Allah menghukum manusia tepat pada waktunya;['None'];Not_Hate
deisy_ummu_aisyah;Kalian org kuat ikhlas Ada kebaikan dibalik semua ini utk kalian Tp yg berbuat keburukan ada keburukan jg bt mrka yg melakukan Allah tdk tidur Prabowo Sandi luar biasa;['None'];Not_Hate
mulyantisrieka;Kalian yg buat maksiat kita semua yg kena azab kecuali Allah selamatkan yg Dia kehendaki;['None'];Not_Hate
arif.hakim.rahman;Kalo aq ga mungkin matikan TV TV dirumah kubiarkan rusak sdh tahun lebih;['None'];Not_Hate
ferry_azzam17;Kalo mau pegang alqurannya bukan di belakang biar tambah berat hisab nya;['None'];Not_Hate
cathlana_ailda;Kalo pak anies hari malam dikomenin tuh pasti;['None'];Not_Hate
hesarika;Kami Tetap Bersama Pak Prabowo Sandi Pemenangnya Presiden Pilihan Rakyat Sejujurnya Sebenarnya;['None'];Not_Hate
hestigerina;Kami bangga padamu jendral;['None'];Not_Hate
deliani7031;Kami bangga prabowosandi;['None'];Not_Hate
anekajayatech7;Kami jarang nonton tv nasional min Kecuali tv one bila ilc;['None'];Not_Hate
novalda_17;Kami semua akan selalu menganggap anda Presiden dan wakil presiden kami pak Lupakan kesejahteraan dan mulai lah meningkatkan iman di akhir zaman ini Kita tunggu aj indonesia terjajah secara nyata;['None'];Not_Hate
laila_.sahara;Kami senang jadi bagian perjuangan pak Prabowo Subianto dan Sandiaga Uno i love you;['None'];Not_Hate
bagoes_arnesths;Kami tak salah memilih nomer bagi kami lah pemenangnya pemenang melawan hawa nafsu dan haus kekuasaan ttp semangat pak prabowo sandi pegang trs kejujuran dan amanah sllu;['None'];Not_Hate
dachesamant;Kami tetap berada di belakang Anda anda p Prabowo p Sandy Kami siap membantu dan mendukung kapanpun di perlukan demi Negara dan Rakyat Indonesia Adil Makmur;['None'];Not_Hate
indaah_ratna;Kami tetap di barisan jendral;['None'];Not_Hate
yuliarahmah78;Kami tetap mendukung mu;['None'];Not_Hate
rafiqohbahrudin;Kamu ketahuan kena deh;['None'];Not_Hate
nennyhilmy;Kan ada tol langit;['None'];Not_Hate
ninganggorowati;Kan dah biasa janji bukti zonkkkk;['None'];Not_Hate
bruryr;Kan kecurangan bagian dari demokrasi Kok mereka ditangkap;['None'];Not_Hate
qiyara21qief;Kapan gunting pita ke sini jae;['None'];Not_Hate
ikhwana_kby;Kapan tuh;['None'];Not_Hate
dimas_kecot;Kapok;['None'];Not_Hate
imus72_;Karena telah bersumpah atas nama allah dan ttidak mematuhi perintahnya begini lah jadinya;['None'];Not_Hate
dodik080878;Karepmu bong;['None'];Not_Hate
een_raniah;Kasian N_Target;['jokowi'];Not_Hate
rahardjo_25;Kasian deh luh;['None'];Not_Hate
yanti_sulistya;Kasian ya anak mahasiswa hanya bisa demo parkiran ngga ad kerjaan;['None'];Not_Hate
aescula.pius;Kasian yg jd anaknya;['None'];Not_Hate
sierlynolia;Kasiannya lah padahal yg ngasi Komando kelen udah cair banyak eh kelen yg dipenjara;['None'];Not_Hate
mulyantisrieka;Kasihan atuh nanti gak ada yg lihat Siapa yg lihat nanti;['None'];Not_Hate
dayax_kota;Kasihan dikau;['None'];Not_Hate
cahyadi41;Kata mk itu hoax bukti video nya ga kuat Lah itu ngapain pada ditangkep Biarin lah bukan urusan gw tinggal nunggu azab aja bagi mereka yg curang;['None'];Not_Hate
fandyaulia87;Katanya pingin membusuk di penjara hadepin aja dgn ikhlas jgn memberontak;['None'];Not_Hate
fenyross;Kau ttp presiden kami;['None'];Not_Hate
karadika7;Kaya paling bener loe pada ngaji aja jarang;['None'];Not_Hate
ien_bj_ghuchi;Kaya tapi tdk menikmati;['None'];Not_Hate
ibnuriizq;Kebanyakan Impor bang Coba mikir;['None'];Not_Hate
barka531;Kebenaran tetaplah kebenaran meski agak pahit tp kami selalu ada dibarisan ini;['None'];Not_Hate
ana.wijayanti.9634;Kebeneran kaga pernah nonton tv sibuk dagang haaa;['None'];Not_Hate
stmegasundari;Kebetulan di rumah tipi dah hari renyek aj antena ny gag ad signal;['None'];Not_Hate
hanafi.matondang;Kelar hidup lu kalau udah kepergok emak militan;['None'];Not_Hate
ismaulassawiliy96;Kemaren mencak sekrang mewek;['None'];Not_Hate
bayooubay;Kemenangan di Dunia bukan tujuan utama tapi disetiap perjuangan dalam hal KEBENARAN insyaAllah untuk akhirat kelak;['None'];Not_Hate
dadang.herdi;Kemenangan yg sesunggunya adalah kejujuran;['None'];Not_Hate
shintaherdiana96;Kenapa penegak agama jadi pada d jeblosin k penjara sii Emang bener pada ora takut azab;['None'];Not_Hate
purwadikris;Kenapa sang habib di sidang Sementara si korban aja tidak menuntut Berarti dalam artiannya tidak ada laporan dari si korban bkan Hanya sebatas video viral;['None'];Not_Hate
susi_fatmawatiee;Kenapa ya Buka ig rocky g Berita yg dulu dulu udah di hapus Pdhal pengen liat lg yg ilc kmrn;['None'];Not_Hate
oprasetio59;Kereeen maak;['None'];Not_Hate
hendrisaja04;Kereen maakk;['None'];Not_Hate
febifranata;Kerja kerja kerja Kerja cari sensasi;['None'];Not_Hate
kupanji;Keturunan nabi muhammad;['None'];Not_Hate
mullah_oges;Kira presiden yg dimenangkan;['None'];Not_Hate
dikahaes;Kisah masa lalu yang kelam;['None'];Not_Hate
dodidedwi;Kita dukung yg melawan ketidakadilan besok Prabowo real leader;['None'];Not_Hate
_suryaakbar;Kita ketemu di mahkamah internasional;['None'];Not_Hate
mpok_rogaye;Kita liat aja YANG CURANG PASTI CELAKA dan Allah pasti ngabulin do a orang yg terdzolimi cepat ataw lambat sekarang ataw nanti orng yg curang hidupnya ga akan tenang;['None'];Not_Hate
tamtam8981;Kita lihat ke depanya nanti Jadi apa negara ini di pimpin jokowi;['None'];Not_Hate
sherlytamara2_;Kita sebagai generasi muda wajib waspada terhadap pembingkaian informasi media tertentu apalagi dari sumber yg belum tentu valid apalagi terindikasi provokasi dan ujaran kebencian;['None'];Not_Hate
firman_alamsyah88;Kita tunggu AB aminnnn;['None'];Not_Hate
wirvolvo;Kita tunggu AB ya;['None'];Not_Hate
arcitekturegrafika;Kl liat mukanya pas lg mringis enek gua;['None'];Not_Hate
ondelia86;Klo liat mak konde pengen banget pengen ngasih sarang tawon;['None'];Not_Hate
tin_kazashe;Klu Kalian mati sapa yg mo mandiin laki apa perempuan yg ngemandiinnya;['None'];Not_Hate
yanti03_fr;Klu terbukti di tps nias ada pencoblosan masal gk menutup kemungkinan di tps lain jg ada arahan sprt itu jg;['None'];Not_Hate
widyaheffendy;Knp br diungkap mk sdh ngasih putusan kasihan rakyat yg menanggung;['None'];Not_Hate
sitti_salon_samarinda;Kok goblok amat yaa;['None'];Not_Hate
andalas190;Kok ringan banget Yg melayang nyawa lho Minimal kurungan thn;['None'];Not_Hate
hamam_hakim;Komik;['None'];Not_Hate
komariahbambang;Koq gak dibela Wi;['None'];Not_Hate
sriisusilaningtyas;Koq saya ga yaqin beliau yg bakal dantik oktober nanti ya;['None'];Not_Hate
zcky45;Korban ambisius nya mereka yg tetap ingin berkuasa tapi tak punya rasa percaya diri menang karena curang;['None'];Not_Hate
bunda.dara.dzaky;Kpn pelantikannya;['None'];Not_Hate
miftah_nakama;Kumandangkan AL KAHFI di malam jum at dan hari jum at ini Kekuatannya dahsyat Ammiiinn;['None'];Not_Hate
litarolit_fp;Kurang;['None'];Not_Hate
bambangsoreang;Kurang kerjaan;['None'];Not_Hate
sebaztianonie;Kyknya Kalo ada keajaiban GT pasti banyak yg nonton tv yaah semisal pas pembacaan tiba roboh lah atapnya minimal ketiban semen karung gitu;['None'];Not_Hate
yudho11;LOGIKA nya kalo pelaku pencoblosan CURANG divonis bersalah maka kecurangan itu memang ada dan ini FAKTA HUKUM nya Tapi kenapa hakim MK seolah olah menganggap fakta ini TIDAK ADA;['None'];Not_Hate
gita_primaputra;Laaaaahh hakim MK kemarin gk tau berita ini ya;['None'];Not_Hate
mpok_rogaye;Laaaah kemaren waktu emak bapak pada di depan bawaslu pada kemana lo tong timbang duit gtu mah tinggal ngomong aje sonoh sama rektor pake perwakilan bem usul KARTU GRATIS PARKIR KHUSUS MAHASISWA jadi lo pada mau bolak balik brp x jg kaga bayar tp lo sadar diri aja bayar sama TUKANG PARKIR sebagai tanda terima kasih;['None'];Not_Hate
muhammadilhamsyah98;Lagi dan lagi kita tdk bsa melawan pemerintah Siapa yg bisa mengalahkan nya Jawaban nya diri mereka sendiri Klw mereka tau yg tak dn yg bathil dia bisa mnah ga marwhnya untk bangsa ini tapi jika klw dia tdk bsa mengutamakan dirinya dn Allah inilah yg terjadi bhkan sudah disumpah pun mereka msih bisa berdusta dn mnutup mata mereka itulah krna lidah tak bertulang Trima ksih MK trima kasih pak jokowi trima ksih lak Prabowo telah ikut mencerdaskan rkyt Indonesia tenang politik di Indonesia saat ini Semoga ini bisa menjadi catatan sejarah untuk kite semua;['None'];Not_Hate
dewi_mamafarthia;Lah kemarin di Mk nggk lolos bukti kejahatan nyata tapi i di pengadilan daerah di adilin Aneh negara;['None'];Not_Hate
lissaazzah;Laknatullah;['None'];Not_Hate
hikman_soulitd24;Lanjut ke MK Internasional dan PBB;['None'];Not_Hate
yunbalahmar;Lanjut ke Mahkamah INTERNASIONAL Kami bersamamu jendral;['None'];Not_Hate
nizar_alzebays;Laporin aja;['None'];Not_Hate
danellap_;Lb;['None'];Not_Hate
indoweekend;Lb my new post kak;['None'];Not_Hate
ajieyonk_jie;Lbh baik nonton dvd;['None'];Not_Hate
sitiaisjahdjakfar;Legowo Jawa tapi akal sehat masih belum ikhlas;['None'];Not_Hate
gustika_yeni12;Lfl;['None'];Not_Hate
ksdyah_13;Lfl new post;['None'];Not_Hate
rahma_a_f;Lfl no php and follow me please;['None'];Not_Hate
elsafadillah_is;Lfl pict;['None'];Not_Hate
whyudiaan;Lfl post u;['None'];Not_Hate
ristinanggraeni02;Lfl u;['None'];Not_Hate
bundoshadiq;Lg sakit gigi;['None'];Not_Hate
wied.77;Lha iyok di setiap langkah di semua tempat selalu meriah meluber kog yg menang yg sepiiii aneh;['None'];Not_Hate
fafiai_dek;Lho kata hakim N_Target tidak ada kecurangan Tp ada buktinya nih yg di hukum penjara Piye pak hakim N_Target;['mahkamahkonstitusi', 'mahkamahkonstitusi'];Not_Hate
titris_sula;Lho kata pak N_Target sdh ada trans papua kok msh aja ada yg seperti ini;['jokowi'];Not_Hate
febri.ms;Lhoh kok buat astaghfirullah subhanallah;['None'];Not_Hate
bulan_bintangs;Like back;['None'];Not_Hate
firdhaalifiah;Likeback;['None'];Not_Hate
shaki3604;Love u pak always;['None'];Not_Hate
nstikhsan;Luar biasa nih emak Mantaaappp jiwa;['None'];Not_Hate
hadiannataprawira;MANTUL;['None'];Not_Hate
ibukk8;MASYAALLAH smoga kelak menjadi penerus abahmu nak ya membela Islam dari orang yg munafik;['None'];Not_Hate
jajasunjaya;MEJUS;['None'];Not_Hate
lilalyla32;MK harusnya malu besar karena anggap tdk bersalah sedikitpun Harusnya MK meralat dan bertaubatan nasuha;['None'];Not_Hate
dhiedinar;Maa Syaa Allah;['None'];Not_Hate
budi_tengger;Mahasiswa gombal amoh;['None'];Not_Hate
derymirwanda19;Mahasiswa koplak;['None'];Not_Hate
rianti_ags;Mak emak sayang kamu udah tua jadi pk Polisi gak ngefek kamu nyanyikan;['None'];Not_Hate
basmallah.love18;Maka nya jgn ikut jalur tukang tipu Mereka menang Lo semua kagak bkln di anggap Bego sih Lo tergiur duit yg gak seberapa dunia Lo di hukum akhirat juga dah nungguin;['None'];Not_Hate
zakysef;Makanya jgn nakal de biar gk di blokir;['None'];Not_Hate
dithakurniaputri;Makanya neng mbak mas jangan mau dikibulin harusnya yg nyuruh elu nyoblosin surat suara tuh yg dipenjara;['None'];Not_Hate
mtaufiqaneukaceh;Makin bnyakk ajarann baru kira pa lgiii yaaa kedepan nyaaa;['None'];Not_Hate
dewi_dsw;Makin ga respect sama dia;['None'];Not_Hate
rahman.aditia;Makin gajelas kerjaanya;['None'];Not_Hate
2212gefaa;Makin sayang sama pak prabowo dan pak sandiaga semoga ALLAH selalu menjaga beliau dan semua relawan pendukung koalisi adil makmur;['None'];Not_Hate
yusrusinih_hafidz;Maksudnya ini kartu apa min;['None'];Not_Hate
elfakartina;Malam ini saya ingin mengadu kepada Sang Pencipta yg Maha Adil Agar terhapus rasa kecewa ini N_Target;['prabowosandi_02_2019'];Not_Hate
firdausi_kamil;Males liat tivi N_Target N_Target;['mahadewi161', 'opposite6890'];Not_Hate
maylizyatro;Males lihatnya;['None'];Not_Hate
fujisf666;Males nontonnya Maen ML aja lah;['None'];Not_Hate
iponyulia5;Males ntn;['None'];Not_Hate
narshenachi;Mamam tuh yg memang spaa yg ditangkep siapa;['None'];Not_Hate
indraakbr;Mampus lu;['None'];Not_Hate
hananhatiku;Mana janjinya dulu stop Impor Astaghfirulloh;['None'];Not_Hate
jpretteam;Mantap;['None'];Not_Hate
tengku.indah05;Mantap Jgn sepele ama mak Emak ya mantap Cantik lagi;['None'];Not_Hate
ponco494;Mantap bu terus jalan teus la wong gubernur je bebas meh ngopo aeeee seng penting kamu suka;['None'];Not_Hate
rizkifaisal974;Mantap hisab nya akan lebih berat di akhirat bersama para pengkhianat;['None'];Not_Hate
atokmarta12;Mantul;['None'];Not_Hate
priyani35gopin_lawyer;Mantul emak;['None'];Not_Hate
iyanrianto;Mantuuull emak emak lebih hebat dari intel;['None'];Not_Hate
allohitaallasofia;Mari kita kibarkan bendera merah putih setengah tiang;['None'];Not_Hate
diski_visano;Mari sama kita tarik semua uang kita di bank;['None'];Not_Hate
rahayunidarmojo;Mariiii setuju;['None'];Not_Hate
dienda_rose;Masaallaaaaah we love pak prabowo pak sandi;['None'];Not_Hate
aci_119;Masha Allah tabarakallah;['None'];Not_Hate
thoney_rastavara;Masih blm move on;['None'];Not_Hate
arifaris_city;Masih blom nerimo Tah cah Kesian Urip mu Aja nesu Lanjutkan hidupmu jgn bobok mulu;['None'];Not_Hate
inungismail;Masih blom percaya aja segitu banyak nya bisa kalah kalo ga curang apalagi coba;['None'];Not_Hate
asriamin;Masih dak percaya c doi tukang bohong akibatnya begini dibui pembelaan dak ada insentip tinggal angan berharaplah kartunya dak bohong;['None'];Not_Hate
fitriafitria86;Masya ALLAH presiden yg sesungguhx we love u pak prabowo;['None'];Not_Hate
andilili76;Masya Allah Semoga Allah swt jaga kita semua Amin yrb;['None'];Not_Hate
ifantiyani;MasyaAllaaaaaah;['None'];Not_Hate
ilho_sofra79;MasyaAllah;['None'];Not_Hate
dessypurihermianti;MasyaAlloh Smoga Alloh swt jaga kita smua aamiin;['None'];Not_Hate
maharanimodiste;MasyaAlloh pal Kami tetap bersamamu;['None'];Not_Hate
dekarsita_13;Masyaallah;['None'];Not_Hate
ikha_anest;Masyaallah Allah meninggikan derajat org yg mulia dan merendahkan yg hina;['None'];Not_Hate
rafi_sotiano;Masyaallah kesatria sabar dan berjiwa besar beliau sadar bahwa itu hanya ubud dunia n u are the real presiden;['None'];Not_Hate
rheksi;Mati aja lu;['None'];Not_Hate
thoney_rastavara;Matian aja TVnya bila perlu Pecah in Wkwkwkwkwkw Kasian bngt Barisan Sakit hati hisab Mah Urusan Sama Allah Semangat;['None'];Not_Hate
shitady1;Matikan tv;['None'];Not_Hate
oliveazzahr4;Matikan tv ra sudi liatnya;['None'];Not_Hate
datuk383;Matikan tv sama dengan menghemat listrik kereennnnn;['None'];Not_Hate
akbar38ami;MatikanTV;['None'];Not_Hate
wandielshirazi;Mau bagai mana lagi masih banyak pngkhianat demokrasi yg mnginginkan dy jdi pnguasa mau tdk mau kt jg hrs mnkmati khnciran bangsa ini;['None'];Not_Hate
mimin_settyawati;Mau donk Cara bikinya gimn;['None'];Not_Hate
adyslst.26.27.01;Mau gmn coba klu udh kaya gini;['None'];Not_Hate
homestaydieng_istana21;Mau kemana dan bagaimana negri ini jika ini terus dibiarkan malah dibela mari lindungi anak iita klg kita;['None'];Not_Hate
arih2o;Mau seribu kali sumpah gk akan pernah dia tepati janji;['None'];Not_Hate
socianagmail.com5833;Me too;['None'];Not_Hate
buchori_corry;Memang gg pernah nonton tv lokal Ketauan semua TV Lokal penyebar berita bohong di era kepemimpinan skrng;['None'];Not_Hate
rendyy_putraa;Memilih Pemimpin Negara sidangnya cuman seminggu;['None'];Not_Hate
yuniartis5421;Menang Tpi Gk Lega Baru Ada Di Zaman Kini;['None'];Not_Hate
srisugiyatmisugiyatmi;Mending tidur dr pd nonton;['None'];Not_Hate
iffin__;Mendingan gerakan banting TV gitu biar seru;['None'];Not_Hate
arba_nst;Mengapa ya pak petinggi negara ini sudah tau sebenarnya itu salah dan terjadi kecurangan tapi mengapa mereka membela yang salah padahal mereka itu sebagian taat kepada Allah tapi mengapa lagi mereka membela yang bathil;['None'];Not_Hate
homestaydieng_istana21;Mengerikan kebaikan dihalang halangi LGBT yg jelas dilarang agama malah digembor gemborkan Dan heranya pelsku dan pembelanya merasa bangga;['None'];Not_Hate
ien_bj_ghuchi;Mengorbankan Rakyat demi nama baik;['None'];Not_Hate
drwater_hongkong;Menjaga stamina kesehatan dan penyembuhan penyakit dengan terapi alami minum air rendam botol dr water made korea Miliki botolnya informasi dan konsultasiwa call;['None'];Not_Hate
__amelia09;Menjijikkan;['None'];Not_Hate
july_handy;Menteri Bukan urusan sy pakde Jangan tanya ke sy Bener lagi kan yg dibilang PAS klo defisit ngeyel sih malah nanya data Skrg fakta yg berbicara;['None'];Not_Hate
alf_polomas_garage;Merdeka mari jaga kedaulatan bangsa dan bangga menjadi rakyat Indonesia yg ingin mendapatkan keridhoan Lilahi ta alaa;['None'];Not_Hate
tjahyonoimam;Mereka cuma alat dikibulin;['None'];Not_Hate
tianotak_al_syarif;Mereka di sahkan atas nama kebebasan oleh negara tapi hal ini tidak di benarkan enam agama indonesia kalau suda terlaknat ya terlaknat aja bikin wabah penyakit aja;['None'];Not_Hate
syarah83;Mereka smua haus kekuasaan;['None'];Not_Hate
kelana7126;Mhon info valid ponpes yg sebenarnya di tiap propinsi;['None'];Not_Hate
kebenaran_keadilan08;Min emang mau ada pelantikkan apaan;['None'];Not_Hate
angga_kamdap;Minta tolong kpu noh biar bebas kan video di sosmed gak bisa jadi alat bukti;['None'];Not_Hate
nurul.aishah.3158;Mirip bngt;['None'];Not_Hate
odhank11;Mls ah lyt tv;['None'];Not_Hate
hepy_to;Mm ini ada buktinya knp ga dipake MK kasian ya mbae n pae;['None'];Not_Hate
alisumarni83;Mmg ad pengcoblosan surat suara jd bingun aq;['None'];Not_Hate
hennydesmarni75;Moga dilaknat Allah saat itu dtg kunfayakun;['None'];Not_Hate
yuyunjunaidi;Mohon keadilan MU tuk org org yg curang ya Allah;['None'];Not_Hate
partarjuna;Muak liatnya;['None'];Not_Hate
hj_marwahh_;Mudahan yg curang dimusnah kan allah Aamiin;['None'];Not_Hate
tisonmarola;Muka tembok tu gx tau maluuu;['None'];Not_Hate
x_go_kong4;Mustahil d kalahkan tp kok aneh ya;['None'];Not_Hate
noor_ubet;My President;['None'];Not_Hate
faridsulastyo;My real President;['None'];Not_Hate
benci_kedok_agama;N_Target;['nunuk_wahyuni'];Not_Hate
siti.aminah1606;N_Target Aamiin;['dyethafitra_18'];Not_Hate
maharanimodiste;N_Target Aamiin Mari tetap dalam barisan yg sama yg istiqomah;['afrinawudu'];Not_Hate
indonesian_akhwat_;N_Target Aamiin aamiin aamiin yra;['dyethafitra_18'];Not_Hate
indonesian_akhwat_;N_Target Aamiin aamiin aamiin yra sakit hati aku liat keadilan d negeri ini;['duhayastrid'];Not_Hate
uah_ancha9;N_Target Aamiin ya Robbal alamin;['khilafa_islamia'];Not_Hate
nuur_1987;N_Target Aamiin ya rabbal alamin termasuk pengikutnya setianya;['khilafa_islamia'];Not_Hate
indonesian_akhwat_;N_Target Aduh klo bener dlmnya kosong brrti nmbah dosanya krn membohongi rakyat dr awal;['firaunnya_cebong'];Not_Hate
kiruntigor;N_Target Amiiiiin;['mut4686'];Not_Hate
kiruntigor;N_Target Amiiin;['yayahsutrisno_0779'];Not_Hate
nisvuati;N_Target Apa imam besar kami HRS sdh menyakiti ibu mu Sehingga kau menghina beliau sebegitu kotornya Bala komenan saya;['sahalmakarim'];Not_Hate
benci_kedok_agama;N_Target Apa lu pret;['nunuk_wahyuni'];Not_Hate
idahalyabalfas;N_Target Astaghfirullah La Hawla Wala Quwwata Illa Billah;['negaradarurat'];Not_Hate
kiruntigor;N_Target Bgitu jga dgn saya;['rudy__surya'];Not_Hate
mpok_rogaye;N_Target CUMA ITU KAN HEADLINE JADI KUMAHA ETA KITU RASANA PAS MACA;['indonesian_akhwat_'];Not_Hate
dyethafitra_18;N_Target Dimenangin beda ya sama menang lagi;['kartikapraja'];Not_Hate
benci_kedok_agama;N_Target Gak ada yg nanya;['rudy__surya'];Not_Hate
junnatha;N_Target Gila lu ndro itu tol bikin GREGET amat Ku ingin teriak tapi takut dituduh makar;['jancok'];Not_Hate
nunuk_wahyuni;N_Target Iiiigh sowrry g sudi bingit;['benci_kedok_agama'];Not_Hate
dyethafitra_18;N_Target Iyah mba aku juga gk rela dunia akhirat;['indonesian_akhwat_'];Not_Hate
sitipallupi;N_Target Jun cepetan balik di tunggu mbok pagere Selak di gembok;['junnatha'];Not_Hate
fat.ma947157;N_Target KRN UDH DIVKONDISIKN;['yudho11'];Not_Hate
kiruntigor;N_Target Kami ttp di barisn ini;['anhinasty3131'];Not_Hate
kiruntigor;N_Target Kami yakin mereka mlm ini gelisah;['bank_sha_dewwa'];Not_Hate
silviazzein;N_Target Kata nya kezaaaam de Tp Kk sangat syuukkaaa Hahahaa;['arfandy24'];Not_Hate
indonesian_akhwat_;N_Target Knp dr rapp babeh jd tagonian;['mpok_rogaye'];Not_Hate
hari_suranto_saputro;N_Target N_Target;['prabowo', 'sandiuno'];Not_Hate
hari_suranto_saputro;N_Target N_Target N_Target;['kpu_ri', 'bawasluri', 'mahkamahkonstitusi'];Not_Hate
ahmad_jamyaby;N_Target N_Target N_Target N_Target;['jono7661', 'prabowo', 'sandiuno', 'indonesiaadilmakmur'];Not_Hate
sadeultras45;N_Target N_Target min ini real gak;['infokomando', 'tnilovers18'];Not_Hate
sivittfitry;N_Target N_Target pa kiayi kalau ini gbs jd bukti kecurangan ya;['ahmad_jamyaby', 'yusufmansurnew'];Not_Hate
khajiluki;N_Target Nah Ini Dia Komen Yg Di Tunggu;['4yi_ri'];Not_Hate
deriza12;N_Target Ni geuleuh naudzubillah;['millatulf_11'];Not_Hate
ahmad0809_gw;N_Target Ooooo;['pelangi_air_mata'];Not_Hate
hendrihrdnt;N_Target Pak ko gini sih hmm;['jokowi'];Not_Hate
khalisahrochman;N_Target S kita referendum aj;['nurzanah_'];Not_Hate
batik_anasasirangan;N_Target Tanda akhir zaman sdh terlihat;['arba_nst'];Not_Hate
_soema_widjaja;N_Target Tim Kampanye Nasional TKN Joko Widodo Ma ruf Amin menerima laporan dugaan pelanggaran atau kecurangan yang menguntungkan paslon Prabowo Subianto Sandiaga Uno di dalam negeri Direktur Hukum dan Advokasi TKN Ade Irfan Pulungan mengatakan laporan tersebut diterima dari berbagai pihak melalui posko pengaduan yang telah dibuka sejak April Ada laporan pengaduan yang masuk melalui posko pengaduan ini hampir di seluruh nasional Indonesia mulai dari Aceh sampai dengan Papua kata Ade saat konferensi pers di Rumah Cemara Jakarta Pusat Rabu Sumber kompas;['nyimamay'];Not_Hate
susanto1305;N_Target Toh sebelun dan setelah itu tetap saja ngiboel sdh tabiat buruk;['priskilaasianty'];Not_Hate
khajiluki;N_Target WA ALAIKUM SALAM WR WB;['ra'];Not_Hate
yansuryana50;N_Target aamiin;['nurfazriahnurfazriah'];Not_Hate
mat.siregar;N_Target aamiin Percaya sama saya ahok adalah salah satu di kabinet jokowi skrg;['kiruntigor'];Not_Hate
__amelia09;N_Target aamiin Ya Allah;['arfandy24'];Not_Hate
yantimartutik;N_Target aamiin aamiin ya rabbal alamin;['indonesiaa_45'];Not_Hate
endangsriwabyuni;N_Target aamiin allahumma aamiin;['satria'];Not_Hate
akasasaidina;N_Target aamiin ya Allah;['khilafa_islamia'];Not_Hate
setiarsihenny;N_Target aamiin ya allah;['devimariana43'];Not_Hate
yadikuningan1;N_Target aamin yrb;['bangjos15'];Not_Hate
sitipallupi;N_Target ada Freeport kok jalannya becek kasian PAPUA;['keyla'];Not_Hate
fandyaulia87;N_Target aduh maaf saya ga percaya gituan neng karena itu perbuatan SYIRIK yg sangat dilaknat oleh Allah hidup dan mati saya cmn Allah yg berhak melakukannya bukan dari lisan manusia yg menentukannya kecuali SANTET ulah dari tangan jahil manusia yg diperdaya oleh JIN;['indonesian_akhwat_'];Not_Hate
jaff_arman;N_Target agreeeeee;['rasyidsz'];Not_Hate
jaff_arman;N_Target ah kata siapa aku sering liat di tipi ngedlosor MotoGP;['yuniartis5421'];Not_Hate
fandyaulia87;N_Target akun islami tpi doyan menebar fitnah dan kedengkian;['indonesian_akhwat_'];Not_Hate
agoenghs;N_Target alhamdulillah kagak pernah nonton tv selama ada youtube dan kuota berlimpah tv ku bafuck;['tiarais'];Not_Hate
xigy_yagigiri;N_Target alhamdulillah sy tidak pernah dan tidak akan pernah menghamba sama manusia semoga ditetapkan iman islam sampai akhir hayat sy lailahaillallah muhammadarasullallah aamiin;['anggaarantxa'];Not_Hate
dianrissing;N_Target amien allohuma amien;['khilafa_islamia'];Not_Hate
wing9958;N_Target amiiin;['novalda_17'];Not_Hate
wing9958;N_Target amiiin allaah tidak buta;['khilafa_islamia'];Not_Hate
firman_alamsyah88;N_Target amin;['kpqtrw'];Not_Hate
reza.sagaf;N_Target anda itu bisa mahami kata atau tidak saya tdk menyuruh anda mengakui saya hanya mengingatkan anda jgn berprasangka buruk dlu sblm anda mengetahui betul krn apabila yg anda prasangkakan itu salah artinya anda sudah menanam dosa buat diri anda faham gak sih;['fandyaulia87'];Not_Hate
pelangi_air_mata;N_Target ane mah bukn provokasi tp kritis dan ngk mau tertipu ke x Bgmn mau ngajak membangun kl pemerintah ini justru menghancurkn;['fahrul'];Not_Hate
ceperituangga33;N_Target apa hubungannya sm ngaji;['karadika7'];Not_Hate
rethaanhar;N_Target apolo ko ha;['mohsultoni70'];Not_Hate
indonesian_akhwat_;N_Target aseeeekkkktralalala tetotet tetotet;['mpok_rogaye'];Not_Hate
ra.ngga148;N_Target assalamualaikum Cocok;['khajiluki'];Not_Hate
ra.ngga148;N_Target assalamualaikum saudaraku Gua maau ketawa lah;['m_jahudi_r'];Not_Hate
retnobrillierdo2720;N_Target astaghfirullah liat profilnya yg berhijab dan lisannya yg tdk terjaga sy jd sedih;['hz_mawar'];Not_Hate
diannovita76;N_Target audzubillah himinaa syaiton nirojim;['anggaarantxa'];Not_Hate
kartikapraja_;N_Target balasannta menang lagi mas;['dyethafitra_18'];Not_Hate
giyono_69;N_Target baper;['indonesian_akhwat_'];Not_Hate
fandyaulia87;N_Target baru hidup di negara ya;['barrackhusein'];Not_Hate
jaff_arman;N_Target bebek aduz xali;['tin_kazashe'];Not_Hate
jaff_arman;N_Target bener;['annur_hafizhoh'];Not_Hate
_mufthi13;N_Target bener gan;['santyprisianti'];Not_Hate
mpok_rogaye;N_Target benul;['ragil_sri_m'];Not_Hate
firngadi_braling1;N_Target berani gak yaa;['firngadi_braling1'];Not_Hate
deklepung;N_Target berjiwa besar kata ny amini aja;['bayustyw'];Not_Hate
kiruntigor;N_Target berjuta juta umat khususnya para kiyai ustad insyaalloh doanya terkbul nntinya amiiin;['mat'];Not_Hate
dyah8387;N_Target bersama prabowo sandi;['Bangga'];Not_Hate
yadikuningan1;N_Target betul;['hamz'];Not_Hate
juliebelle888;N_Target betul Pak prabowo klo pidato hebat Saya kayak menemukan air ditengah padang gersang Gantinya pak soekarno Bahkan insyaALLAH lebih baik lagi Beliau begitu tegas tapi juga sabar Hebat;['ida_ny'];Not_Hate
ali.usmans007;N_Target betul Tul Tul;['bank_sha_dewwa'];Not_Hate
muhammadilhamumar;N_Target betul itu mbak;['shintaherdiana96'];Not_Hate
godsparta_1;N_Target biarin aja entar kita saksikan di sidang allah;['ratu_rufianti'];Not_Hate
2212gefaa;N_Target biarin aja kalah yg jelas aq mlah makin sayang sama pak N_Target pak N_Target;['fbrnadhrs_', 'prabowo', 'sandiaga uno'];Not_Hate
anandaefran;N_Target biasa bang hakim juga punya rekening dan selera;['wahyupetol'];Not_Hate
yafiehaikal;N_Target bnr bro itu karena korban jg salah mencemarkan nama baik habib;['purwadikris'];Not_Hate
pelangi_air_mata;N_Target bnyk bng Coba browsing aja Ada dr trimbun solo pos kompas dll Dan kepseknya nangis Dan urusan seragam muslim diserahkn pd walimurid Tp wali murid ada yg masih mau memakaikn seragam muslim pd anknya Meskipun aturan itu telah dicabut;['rickynakp'];Not_Hate
fandyaulia87;N_Target bos membela untuk menegakkan ga ada yg larang tpi lisan hrs dijaga noh HRS yg suka memberontak kpda pemerintah akhirnya kabur ke arab saudi kaga kembali punya nyali apa kaga itu orang teriak jdi provokator di negeri orang dia mah ongkang kaki disono;['reza'];Not_Hate
rudy.hamid.505;N_Target budeg hati karna mata duitan bu;['ance_melody'];Not_Hate
jaff_arman;N_Target bukan ini moto GP;['ahabib'];Not_Hate
fitria.ilmi;N_Target bukti nyataaaaa iniii berita kompas bukan dari medsos apa maaih tak terlihat;['mahkamahkonstitusi'];Not_Hate
burisrowo69;N_Target cuih ga sudi gua mending minta gaji ama pak Prabowo;['khilafa_islamia'];Not_Hate
fandyaulia87;N_Target dan ini tagar ga ada urusannya sama si bahar tolong lah buat postingan yg lbh mendidik hehehehe;['indonesian_akhwat_'];Not_Hate
fbrnadhrs_;N_Target dan nyatanya prabowo yg menangis karena kalah mulu di pilpres;['ali'];Not_Hate
reza.sagaf;N_Target dari sini jelas anda sudah salah sangka habib bahar membahas pemimpin terkait kejadian dahulu yg mana para ulama dan umat muslim ditembaki gas air mata beliau marah krn kejadian tsb tdk diatasi oleh pemerintahan dgn baik anda lupa kejadian tsb atau pura lupa kemudian beliau marah trhadap pemimpin salah yg anda bela itu ulama atau pemimpin sadar bung kemudian beliau diusut soal tsb beliau tdk bersalah dicari lah kesalahan beliau ketemulah saat beliau menghukum santri yg mengaku habaib dan menjelek kan ahlulbait skrg saya tanya sama anda sejauh mana ilmu anda soal akhlak dan adab apalagi soal kepemimpinan anda itu sudah salah masih ngotot kalau punya otak gunakan dgn baik apa untungnya anda berprasangka kpd orang yg sejatinya anda tidak kenal dekat dgnnya bisa jadi orang yg anda hina itu kedudukannya lebih tinggi dihadapan Allah jadi hati lah dalam berprasangka dewasa dalam berfikir;['fandyaulia87'];Not_Hate
jaff_arman;N_Target dengan kekuatan semvak merah;['okieeputra'];Not_Hate
hastuti116;N_Target di cintai sapa mahluk halus ya menyengsarakan rakyat iya;['musdalifahc33'];Not_Hate
reza.sagaf;N_Target dibaca baik komentar saya anda sndiri apakah sudah mengetahui jelas nasabnya di rabithah anda sndiri tdk bisa membuktikan kok asal menghina saja hati bung;['fandyaulia87'];Not_Hate
kartikapraja_;N_Target dihati sumatra kahjangn d gebyar uyah g mengakui hak anda namun penyelenggara nya siapa hehehhe;['reza'];Not_Hate
kartikapraja_;N_Target dimenangin sama allah swt alhamdulilalh yg penting di silslah keluarga g pernh kasus pak jokowi PRRI eaaaaaa;['yafiehaikal'];Not_Hate
endangsriwabyuni;N_Target dmn arah ke mk diblokade jalur jd muter g karuan;['parmadinatto'];Not_Hate
indonesian_akhwat_;N_Target dtg laagi akun lock yg baru Heran kok jokower akunnya pd d lock post dikit pngikut jg pd dikit kalian ada masalah sosial apa gmn si;['musdalifahc33'];Not_Hate
barrackhusein;N_Target emangnya beliau memberontak di bagian mana;['fandyaulia87'];Not_Hate
fandyaulia87;N_Target emangnya si bahar selevel derajatnya dgn Sahabat Rasulullah istri dan juga anak nya emang siapa dia sdh bisa menebak neraka tempat saya karena tdk mengakui bahar sebagai ahlul bait wkwkwkwk;['reza'];Not_Hate
fandyaulia87;N_Target ente hidup di jaman Saydina umar bin khatab beliau keras terhadap orang kafir dan orang munafik emang berkata kotor gitu;['reza'];Not_Hate
indonesian_akhwat_;N_Target gak pernah se BT ini denger vonis dr rezim jahanam ini im not in the mood now;['mpok_rogaye'];Not_Hate
ponco494;N_Target gak respect gimana la itu gubernur lo bebas dong mau apa aja lawong mau kencing di jalan di epret ibaratnya yo gak popo la gubernur lo;['dewi_dsw'];Not_Hate
darmawatialvi;N_Target geus nyaho;['itamami_'];Not_Hate
bank_sha_dewwa;N_Target haha ente membolak balikan fakta lieurr;['fbrnadhrs_'];Not_Hate
reza.sagaf;N_Target hahaha iya deh bung bicara sama org yg gak tau apa malah bingung saya sumpah anda itu sok tau bgt sesuka anda aja deh bung;['fandyaulia87'];Not_Hate
reza.sagaf;N_Target hahaha iya iya yg menang tapi kok gak percaya diri dan ngotot untuk bertemu krn mreka sadar mreka menang hanya di MK dan KPU bukan dihati rakyat dan tdk akan akui legitimasi pemilu;['kartikapraja_'];Not_Hate
reza.sagaf;N_Target hahaha yg hati itu anda bung anda bisa ngmng nasab gak jelas itu dr mana dr berita atau anda sudah melihat sndiri di rabithah hati bung dalam menilai alim ulama;['fandyaulia87'];Not_Hate
fbrnadhrs_;N_Target hajar bang;['anggaarantxa'];Not_Hate
pelangi_air_mata;N_Target hhee Ngk nakal kok cm hoby ngacak akun jokowi aja ngk kerja to;['zakysef'];Not_Hate
mie1506;N_Target hihihi sama;['dina'];Not_Hate
hz_mawar;N_Target hmmm gtu ya min Tp sy lebih suka Uas aagym Ubn Uhaikal sy suka ceramahnya;['indonesian_akhwat_'];Not_Hate
khilafah_islamia;N_Target hore Gue nganggur nih ntar gue minta gaji akh sama Jokowi eseeeekkk Mantap Mari teman kita tagih janjinya Jokowi yang mau gaji pengangguran hayoooo serbuuuuu;['benci_kedok_agama'];Not_Hate
anggaarantxa;N_Target ih ga nyambung gua ngmg apa lu ngmg apa;['xigy_yagigiri'];Not_Hate
threesaputro;N_Target ingat kata pa prabowo di gbk yg menang pasti menang biar allah yg jawab semua pasti ada rencana di balik semua ini;['kartikasr_engga'];Not_Hate
sitipallupi;N_Target ini infrastruktur off road;['homestaydieng_istana21'];Not_Hate
sitipallupi;N_Target ini off road neng nanti dikabarin kalo potong;['yayang973'];Not_Hate
acoykupu2;N_Target ini orang spam Ngapain di ladenin hahaha Buang waktu;['fandyaulia87'];Not_Hate
fandyaulia87;N_Target ini ranahnya bukan urusan politik lgi tpi ahlaq kita sebagai umat muslim dituntut untuk bersikap lebih tawadhu lgi terhadap sesama aplgi kpda pemimpin negara;['indonesian_akhwat_'];Not_Hate
ratu_rufianti;N_Target iya betul;['godsparta_1'];Not_Hate
indonesian_akhwat_;N_Target iya bun itu jg klo jadi dilantik;['dyethafitra_18'];Not_Hate
kartikapraja_;N_Target iya wes manut dimenangin sama tak termenangkan berkali kali itu winstrike apa lose strike;['dyethafitra_18'];Not_Hate
sitipallupi;N_Target jae ngopi yuk ah;['zakysef'];Not_Hate
muhammadirfan_srg99;N_Target jgn di ladenin bg bencong mah gitu;['reza'];Not_Hate
fandyaulia87;N_Target jgn tnya saya yg sombong diawal dan berkata sampe busuk pun dipenjara ga bakal minta maaf nah skrg lisannya balik ke dia sendri ngapain org begituan di do ain alangkah baiknya di Do akan agar cepat bertaubat utk merubah lisannya utk tdk berkata sembarangan maaf ya saya bukan pendukung dri tpi saya berkata begini berdasarkan apa yg diajarkan dlm islam agar lebih berahlaq lgi dan mempuyai adab untuk menyampaikan sesuatu;['indonesian_akhwat_'];Not_Hate
indonesian_akhwat_;N_Target jstru mgkin mw nunjukin sebetapa gatau malu nya itu si aktivis LGBT ngmng gt teh;['mpok_rogaye'];Not_Hate
xigy_yagigiri;N_Target kalah di MK menang di hati rakyat perjuangan dalam kejujuran yg hakiki skenario Allah maha tinggi;['anggaarantxa'];Not_Hate
arya_madhavi;N_Target kalau gua sih gag perlu kartu wkwkwk Sorry ya gua mampu kok;['fpi_cilkot'];Not_Hate
xigy_yagigiri;N_Target kami bangga mnjadi bagian dari perjuangan yg haqiki dan jujur bukan sesuatu yg hebat jika menang dengan kecurangan semoga Allah kasih tuntunan baik kepada anda astaghfirallah haladzim aamiin;['anggaarantxa'];Not_Hate
xigy_yagigiri;N_Target kami hidup didunia ini atas ijin dan kuasa Allah kami hanyalah insan yg doif kami menghormati keputusan MK kami harus hidup dalam tuntunan Allah anda faham;['anggaarantxa'];Not_Hate
di_an_dra123;N_Target kan jalan arah mk dan bawaslu dipasang ranjau coba kalau polisi ga jaga udah pasti tumpeh tumpeh tuh;['parmadinatto'];Not_Hate
pelangi_air_mata;N_Target kartu pekerja cm berlaku buat ank umur an ngk berrlaku buat th ke atas;['zakysef'];Not_Hate
zakysef;N_Target katanya si jae kaga doyan kupi tuh;['sitipallupi'];Not_Hate
ummi_arkha;N_Target kejam;['indonesian_akhwat_'];Not_Hate
pelangi_air_mata;N_Target kesabaran kt akn diuji sampai th kedepan;['harwanto'];Not_Hate
indonesian_akhwat_;N_Target ketika di DT habib dtg auranya begitu kuat luar biasa habib yg mempunyai kedalaman agama yg luar biasa memang berbeda Beliau jg sbtlny bkn org keras Video yg di viralkan sj jd membuat citra beliau seperti itu Sudah benar muak sm rezim skr;['mpok_rogaye'];Not_Hate
benci_kedok_agama;N_Target kl lo blg presidennya dia berarti negaranya kertanegara yg gak ada dlm google map;['mrs'];Not_Hate
anggaarantxa;N_Target kl yg menang wowo masi curang g wkwkwkwk ciye kalah ciyeee;['bank_sha_dewwa'];Not_Hate
fandyaulia87;N_Target klo benar gmna buktikan dulu lucu statetment hnya mengira;['reza'];Not_Hate
indonesian_akhwat_;N_Target klo berani bawa balik;['mpok_rogaye'];Not_Hate
hasna_amalia2;N_Target km jualan healthy pudding tp jiwa mu ga healthy;['healthy'];Not_Hate
fazriynsah_albanjar;N_Target kok gini;['jokowi'];Not_Hate
semut.padjadjaran;N_Target komik juki juga bisa tuh;['priskilaasianty'];Not_Hate
dyethafitra_18;N_Target kshan yaa presiden yg dipaksakan;['indonesian_akhwat_'];Not_Hate
burisrowo69;N_Target kwkwkwkw;['benci_kedok_agama'];Not_Hate
sitipallupi;N_Target lagi ada blokade di langit;['nennyhilmy'];Not_Hate
sitipallupi;N_Target lagi ganti oli;['m'];Not_Hate
fandyaulia87;N_Target lah itu urusan ente menilai saya pada intinya ya mulutmu harimaumu jgn salahkan pemerintah mereka juga butuh keadilan agar tidak menfitnah dan berkata kotor kpda org lain;['reza'];Not_Hate
anggaarantxa;N_Target lah ya ini skenario Allah wowo kalah gmn sih lu;['xigy_yagigiri'];Not_Hate
dayshi_galuh;N_Target lo kali yg santai sampe komen disini komen aja tuh di kubu sono sapa tau Lo bisa gantiin jd wapresnya;['bayustyw'];Not_Hate
namikazedani;N_Target lucu kan bng Segitu ramainya segitu padatnya kenapa yang dimenangkan yang sepi wkwkwkw;['wied'];Not_Hate
rudy__surya;N_Target maf saya tidak bicara dengan Anda;['benci_kedok_agama'];Not_Hate
alfimu1;N_Target makasih;['ahmad_jamyaby'];Not_Hate
sitipallupi;N_Target mantap;['syahrendy97'];Not_Hate
anekajayatech7;N_Target mantap tv nya bro sy jg mau setting jg lah bro;['bajigoy46'];Not_Hate
christieunyu;N_Target mantull;['agustinaandriani7'];Not_Hate
arifinpayapo;N_Target mantuuuuuul;['nyimamay'];Not_Hate
fbrnadhrs_;N_Target masih saya tunggu jawaban anda boss narasi mencerminkan pemahaman anda tentang politik kalo anda paham politik anda pasti bisa menyangkal pernyataan saya dengan bijak;['bank_sha_dewwa'];Not_Hate
imbanana77;N_Target matanya ketutup pohon duit;['sdwi5'];Not_Hate
thooriqarrisyad;N_Target mending hindari debat kayak gini mah bang ga bakal abis abis percuma soalnya;['reza'];Not_Hate
wartymarsudi;N_Target mending liat ftv Ms Mlh menghibur;['supandi942'];Not_Hate
fandyaulia87;N_Target muhabalah yg kembali kpda dirinya sendiri kan Allah Subhana Wa Ta ala maha adil apa yg dilakukan oleh hambannya;['indonesian_akhwat_'];Not_Hate
farizh_alhakim;N_Target mungkin kurang banyak jadi kurang demokratis;['bruryr'];Not_Hate
anwarhamdouna;N_Target mungkin menantimu untuk bangkit dari tempat tidurmu;['arashiaslan'];Not_Hate
zezee_737;N_Target nah betul;['d3dy'];Not_Hate
farizh_alhakim;N_Target nahini;['nura_moms'];Not_Hate
indonesian_akhwat_;N_Target nangis aku bun denger beritanya rezim laknatullah aku gaakan maafin meski mndatangi lgsh dan meminta maaf;['dyethafitra_18'];Not_Hate
fandyaulia87;N_Target ngaku ahlul bait tpi nasabnya ga jelas hati pertanggung jawabanmu di akhirat kelak;['reza'];Not_Hate
anggaarantxa;N_Target oh ya udah Allah nuntun elu dibawah jokowi karna yg diridhoi jd presiden ya jokowi wkwkwkwk trima dong;['xigy_yagigiri'];Not_Hate
negaradarurat;N_Target otak perempuan Indonesia yg diserang Indonesia warning;['idahalyabalfas'];Not_Hate
sitipallupi;N_Target pasti;['widyanifs'];Not_Hate
didi_muno_irawan;N_Target pemilu udh usai mbok y jgn saling mencela;['ai_anduuut'];Not_Hate
anwarhamdouna;N_Target pencuri yang Budiman;['saikou'];Not_Hate
dhimassigitpurnama;N_Target pendapatnya ka;['sherlyannavita'];Not_Hate
muchlisritam;N_Target perjuangan tiada akhir kawan tetap maju pantang mundur;['prabowosandiuntukindonesia'];Not_Hate
nunuk_wahyuni;N_Target positif tinking broo kau kalah level sm mak;['benci_kedok_agama'];Not_Hate
lyz_collection;N_Target presiden maksa suara yg milih cuma mak saja paham huh;['anggaarantxa'];Not_Hate
fitria.ilmi;N_Target presidenku;['prabowo'];Not_Hate
junnatha;N_Target pulang kemana mbok pulang ke solo opo mbok;['sitipallupi'];Not_Hate
benci_kedok_agama;N_Target sabaaarrr;['burisrowo69'];Not_Hate
ali.usmans007;N_Target sabar Seperti y slogan dari rakyat oleh rakyat dan untuk rakyat sudah tak berlaku di negeri kita;['nurzanah_'];Not_Hate
harienyuliyani;N_Target sakit y hidup di negeri dongeng krn yg pegang kuasa sang sutradra;['namikazedani'];Not_Hate
uah_ancha9;N_Target sama Allah Akbar;['rudy__surya'];Not_Hate
hj.amatul1971;N_Target sama dulu ngefan krn pinter skrg no no no;['mulyantisrieka'];Not_Hate
solihin_soccer;N_Target sama mas;['asep_boer'];Not_Hate
afrinawudu;N_Target sama mas bangga banget teruslah berjuang saya yakin Allsh Swt tetap bersama kita cepst atau lambat kebenaran yg haqiqi akan tampak save our demokracy ALLAHUAKBAR MERDEKA;['lingkar_maiyahbanten'];Not_Hate
is_hidayah;N_Target sama sayapun bangga sdh ikut berjuang dgn no;['rudy__surya'];Not_Hate
endangsriwabyuni;N_Target sama sy ada disitu dkt pnggung n dkt ruang vvip pak prabowosandi;['rahmatlife'];Not_Hate
lingkar_maiyahbanten;N_Target sangat banyak mas;['prabowosandiuntukindonesia'];Not_Hate
anggaarantxa;N_Target saya bangga bukan jadi golongan anda wkwkwkwk;['yayahsutrisno_0779'];Not_Hate
rudy__surya;N_Target saya tetap bersama pak prabowo sampai titik dara penghabisan;['prabowosandiuntukindonesia'];Not_Hate
sutini_haunani;N_Target saya tidak sekolam ya Saya tetep setia;['nura_moms'];Not_Hate
ali.usmans007;N_Target saya yakin mereka yang sudah d menangkan malam ini bathin y sedang menangis Karena hati kecil mereka mnyadari kalau yang d lakukan adalah ketidak jujuran Saya yakin sekali;['2212gefaa'];Not_Hate
indonesian_akhwat_;N_Target sbtlny byk yg biasa aja waktu ke daarut tauhid jg biasa aja cuma mgkn yg di viralkan yg keras nya saja;['hz_mawar'];Not_Hate
novalda_17;N_Target selamat atas kecurangan anda eh maaf kemenangan maksudnya;['anggaarantxa'];Not_Hate
srisugiyatmisugiyatmi;N_Target semg aj;['sriisusilaningtyas'];Not_Hate
harienyuliyani;N_Target semoga disegerakan;['firman_alamsyah88'];Not_Hate
qurniahyun;N_Target semoga gak jdi di lantik prabowo yg d lantik smga d cabut ehem pas d lantik;['dyethafitra_18'];Not_Hate
kartikapraja_;N_Target setidaknya sudah berusaha seburuk itukah yg dia lakukan kepada anda;['mamvell'];Not_Hate
uah_ancha9;N_Target setuju;['aishyllazivanna'];Not_Hate
ayuririzki;N_Target setujuuuuuu;['nurzanah_'];Not_Hate
bayukurniawan89;N_Target siap gk yah nanti kalo anak mondok;['nurviithreeany'];Not_Hate
kartikapraja_;N_Target siap maaf kan saya tolak reklamasi ups;['reza'];Not_Hate
ahmad_jamyaby;N_Target siap siap siap;['alfimu1'];Not_Hate
fbrnadhrs_;N_Target siyapp;['2212gefaa'];Not_Hate
__amelia09;N_Target smg gk jd dilantik;['indonesian_akhwat_'];Not_Hate
arfandy24;N_Target smoga nanti bikin masalah dan gk jadi di lantik amin;['__amelia09'];Not_Hate
kiruntigor;N_Target stuju;['aishyllazivanna'];Not_Hate
sitipallupi;N_Target sudah gue bilang aspal belum garing nekat masuk;['mhdzulfanpandjaitan'];Not_Hate
indonesian_akhwat_;N_Target suka bener dehh;['arfandy24'];Not_Hate
mpok_rogaye;N_Target syalala lala lala lala;['indonesian_akhwat_'];Not_Hate
rudy__surya;N_Target terimakasih bg aq;['kiruntigor'];Not_Hate
rudy__surya;N_Target terimakasih saudara aq;['dian_fahesty'];Not_Hate
lingkar_maiyahbanten;N_Target the real president;['saridareah'];Not_Hate
bank_sha_dewwa;N_Target tidak ada kata curang bagi haram hukum nya;['anggaarantxa'];Not_Hate
sitipallupi;N_Target tol langit menuju kayangan;['makmur'];Not_Hate
mpok_rogaye;N_Target tp PERINGATAN HALUS dr Habib Bahar ke Hakim baik loh min bahwa pengadilan Allah adalah pengadilan yang seadil adilnya;['indonesian_akhwat_'];Not_Hate
indonesian_akhwat_;N_Target trnyta mreka skr cuma pduli sm diri sendiri recehan pula;['ragil_sri_m'];Not_Hate
indonesian_akhwat_;N_Target tuh dengerin org tua ngmong;['mpok_rogaye'];Not_Hate
itamami_;N_Target tuhh dengekeun;['darmawatialvi'];Not_Hate
bie_as22;N_Target ud mkn duit ga halal msuk bui Biar tau rasa;['miftakhul_firdaus96'];Not_Hate
islam_cahayahidupku;N_Target waduh maaf kami bukan orang kementrian agama;['kelana7126'];Not_Hate
aba.dil_;N_Target wah bisa sombong juga;['arya_madhavi'];Not_Hate
indonesian_akhwat_;N_Target wah jeli bgt iya d pundak kanan ya apa biar lgsg dicatet sm malaikat atw sbtlny gak ngakuin itu kitab suci nya dia kan muslim klo ngakuin al quran shrusnya bela ulama n islam jg lha ini ada apa sm muslim mingkm atw banter blg bukan urusan saya;['panjie_84'];Not_Hate
firaunnya_cebong;N_Target wallahualam bissawab;['indonesian_akhwat_'];Not_Hate
kartikapraja_;N_Target win strike kakak alhamdulilah;['yafiehaikal'];Not_Hate
bayustyw;N_Target wkwk santai broo emang kalo prabowo yang menang ente jadi menteri segitunya banget wkwk;['dayshi_galuh'];Not_Hate
m_jahudi_r;N_Target wlaikum slam bebas gan;['ra'];Not_Hate
dery_randa;N_Target wong Nias mna suaranya kasi tau uwongnya young klu di omongi ngeyel;['ferrijuniansyah'];Not_Hate
liameisje;N_Target ya betul cukup dihati aja yaahhh;['cpencuriilmu210717'];Not_Hate
ramdanihikma;N_Target ya ngak tau ya ko mo tanyak saya bukan urusan saya;['yudho11'];Not_Hate
andriyan.nisa;N_Target yess bangga di sisi yg di curangi bkn di sisi pelaku curang;['agustinaandriani7'];Not_Hate
pelangi_air_mata;N_Target yg lg trend di twiter itu bng masa ana ganti sih Hhee;['ahmad0809_gw'];Not_Hate
devidee1968;Nah gitu donk Jadi Negarawan lebih terhormat dan harus legowo;['None'];Not_Hate
faisalefndii;Nah loh;['None'];Not_Hate
upaydahlan;Nah nih bukti kurang bukti ya di MK;['None'];Not_Hate
rohmanarif901;Najis lihat pelantikan kecurangan;['None'];Not_Hate
abwibowo03;Najis mugholadoh;['None'];Not_Hate
yopieyasin3916;Najis nonton pelantiksn Mendinggan nonton flim BF seru lgi;['None'];Not_Hate
rasyidsz;Nama nya akhir zaman yang ngenyindir orang kayak gitu takut di sorakin balik;['None'];Not_Hate
gaharu_99;Napa MK kemarin gak merujuk pada bukti ini Bukankah ini kecurangan;['None'];Not_Hate
mpok_rogaye;Naudzubillah;['None'];Not_Hate
putrabatavia73;Negarawan sejati tetap dihati RAKYAT istiqomah dlm perjuangan rakyat menuju adil makmur;['None'];Not_Hate
faidzfaidz_07;Ngakak;['None'];Not_Hate
m_jahudi_r;Ngga curang min ngga itu cuman nancepin paku ke kertas doang ko;['None'];Not_Hate
m_jahudi_r;Ngga enak tidur tuh;['None'];Not_Hate
jessica_kucing;Nggak pengen nontonnya;['None'];Not_Hate
masterasn2019;Niceeeeee jangan lupa senyum hari ini;['None'];Not_Hate
letisiaov;Nntn ilc cm pengen liat pak Rocky ngomong doang salam akal sehat;['None'];Not_Hate
atikd6;Nonton berita d tv bkin enek;['None'];Not_Hate
dialfat14;Ntr dibilang hoax LG;['None'];Not_Hate
dg_muli;Nusuk banget ke dalam;['None'];Not_Hate
azzuraidah1984;Ogah nyala in tv mending tidur;['None'];Not_Hate
eka.kart;Ogah rekonsiliasi;['None'];Not_Hate
a_adun1;Oow kamu ketauan;['None'];Not_Hate
ninom8909;Ora sudi nonton pelantikan presiden dan wakilnya hasil curang yang curang pasti celaka;['None'];Not_Hate
fajar_rabiul;Orang yg paling banyak bohongnya nih sama rakyat tukang kibul gadungan semoga dapet balasannya amin;['None'];Not_Hate
ebwood81;Org curang mah bebas emang ada penjahat nurut aturan;['None'];Not_Hate
vhi_novitashari;Otak nya lah konslet;['None'];Not_Hate
yanimulyaningsih21;PAS selalu mantaf d hati perjuangkan terus kebenaran sampai datang pengadilan dr Allah yg seadil adilnya;['None'];Not_Hate
fachrulbikers662;PAdam listrik indonesia;['None'];Not_Hate
makmur.muhammad;PEMIMPIN YANG SESUNGGUHNYA tertukar;['None'];Not_Hate
bukhorizema;PLESIDENT manaaa yaa minta yoo;['None'];Not_Hate
aan.safanah.1;PRABOWO PRESIDEN menuju adil makmur;['None'];Not_Hate
wilson_syalom88;PRESIDEN PRABOWO TTAP DI HATI RAKYAT;['None'];Not_Hate
sahalmakarim;PULANG AJA NANTI YG JEMPUT FIRZA HUSSEIN KAN ASSOY;['None'];Not_Hate
vazara_279;Pada hakekatnya kebenaran yg ttp menang;['None'];Not_Hate
githa.id;Pak N_Target and bang N_Target you re real the winner and my President forever i m always stand with you Remember gusti ALLAH SWT never sleep for the loser;['prabowo', 'sandiuno'];Not_Hate
momy_shansa;Pak N_Target papa online N_Target pak pengacara di save ya;['prabowo', 'sandiuno'];Not_Hate
hasan_ohek;Pak Prabowo dan Pak sandi rakyat selalu berdo a semoga Pak Prabowo dan Pak Sandiaga sehat selalu dan diberikan keberkahan amin yarobbal alamin rakyat lebih tau bahwa bapak lah N_Target pemimpin yang amanah yang di inginkan rakyatnya;['prabowo'];Not_Hate
wellymariaa;Pak Prabowo tetap dihati;['None'];Not_Hate
wellymariaa;Pak Prabowo tetap dihati tetap semangat;['None'];Not_Hate
rflykun28;Pak gimana;['None'];Not_Hate
ridhofajrialattas;Pakai kitab lain aja buat pelantikan Alqur an tidak mngajarkan berbohong aplgi curang cureng Kasihan nanti hisab nya lebih sakit;['None'];Not_Hate
normanalsyahnagemstone;Pake Ensiklopedia aja sumpahnya biar tambah pengetahuannya;['None'];Not_Hate
anhinasty3131;Pakkk gk rela aku kok sakit x rsanya bpak slalu dihati rakyat pak prabowo sandi;['None'];Not_Hate
budi_tengger;Paling dungu ya;['None'];Not_Hate
dds_hasanhand;Paling mo ngamanin yg lg pd rebutan kabinet;['None'];Not_Hate
cool_animation0311;Pantes papua mau merdeka;['None'];Not_Hate
nisadeliangsi;Pantesan Anwar usman sampai nunduk depan jokowi hukum yg ada di Indonesia benar lemah Kaga lihat apa yg terjadi dilapangan pada orang awan Katanya surat yg tertoblos tidak dihitung Kenapa anda sebagai MK tidak memperlihatkan kepada masyarakat Indonesia hasil Audit situng yg ada di KPU;['None'];Not_Hate
wiwineka.s;Pasti;['None'];Not_Hate
sutini_haunani;Pda akhirnya dicampakan kan;['None'];Not_Hate
bambangsoreang;Pecundang;['None'];Not_Hate
khilafah_islamia;Pegang kata saya ini kalian semua jadi saksi;['None'];Not_Hate
iffaaja;Pelantikannya kapan min;['None'];Not_Hate
diaro2669;Pemenang;['None'];Not_Hate
akmal_villa;Pemenang sejati;['None'];Not_Hate
pratamanugrahaji;Penghematan listrik hahahaa;['None'];Not_Hate
umiriaumi;Percuma di penjara bos nya aja Menang negeri ku;['None'];Not_Hate
abdearnoto;Perempuan iblis;['None'];Not_Hate
nengyusmainar;Perjuangan belum selesai lanjutkan gugatan ke mahkamah Internasional semangattt;['None'];Not_Hate
cahyowilly;Perjuanganmu untuk rakyat dan bangsa ini tidak sia saya tetap setia d barisan mu bapak prabowo damai d hati pak;['None'];Not_Hate
hermanto.10;Persiden dari hasil hubungan gelap mn bisa tenang memimpin negr i g di pcy rakyat;['None'];Not_Hate
shitady1;Pisan euy;['None'];Not_Hate
faidzfaidz_07;Plus mrh;['None'];Not_Hate
albyalghifaryalby;Pokoknya ada berita acara kenegaraan langsung pindah canel atau MATIIN tuh tv;['None'];Not_Hate
diahpudjowati;Polisi ketangkep sama emak keren;['None'];Not_Hate
riyaldyfatah;Polytron inch niat dm;['None'];Not_Hate
retno_susi3;Prabowo Sandi akan selalu di hati kami dan akan tetap memenangkan hati kami;['None'];Not_Hate
alie_ex_ganteng;Prabowo dan sandiaga tetep presiden dan wakil presiden kami;['None'];Not_Hate
maryam_utsman13;Prabowo sandi punya rakyat yg skrng presiden KPU MK;['None'];Not_Hate
halimah432;Prabowo sandi tetap di hati untuk selamanya semoga bapk sehat selalu Aamin ya rabbal aalamin;['None'];Not_Hate
agusendog;Presiden CEULEUPEUNG;['None'];Not_Hate
fitrii.id;Presiden aku Prabowo yeees;['None'];Not_Hate
dekisaputra.ds;Presiden curang hanya membawa petaka;['None'];Not_Hate
m.i.suhaf;Presiden di mata rakyat ttp prabowo menang krn rakyat memilih;['None'];Not_Hate
nyimamay;Presiden haasil curang HARAM BAGI BANGSA INDONESIA;['None'];Not_Hate
dellvinaputri_alisyah_turky212;Presiden saya tetap prabowo;['None'];Not_Hate
wellychandra16;Proud to be able to fight with you General tough warrior not a loser especially a traitor;['None'];Not_Hate
oliveazzahr4;Q bangga jd bagian pendukung Prabowo Sandi inget waktu ikut kampanye di Alun Tangerang berkesan banget wlw hasilnya dicurangi Tp Yakin Allah maha tau dan Allah tdk tidur dan Ga ridho dunia akhirat cm bs berdoa semoga Allah berikan laknat dan berikan azab yg pedih tujuh turunan buat mereka yg zolim bathil terhadap rakyat Allah pemilik kekuasaan tertinggi di muka bumi ini mereka ga bs lari dr hukum Allah Allah akan menangkan yg haq dan hancurkan yg bathil Mereka dah buat tipu daya dan Allah pembalas tipu daya yg paling hebat ga ada tandingannya Laahaulaawallaaquattaillaabillaah;['None'];Not_Hate
sidikmas84;Qobil kmana nTon ya;['None'];Not_Hate
suci.muliati84gmai;Rakyat mh gmn pemumpin pemimpin melanggar yaaa rakyat jg nyontoh pasti;['None'];Not_Hate
ai_anduuut;Rakyat yg terzolimi;['None'];Not_Hate
muhammad.3127;Rejimy pd sakit;['None'];Not_Hate
andcapasannai;Rip;['None'];Not_Hate
latiefalifudin;Rokok tuh sangat berbahaya mematikan tapi knp pemerintah pusat gak berani tutup pabrik rokok secara nasional;['None'];Not_Hate
athiillah;SIAP;['None'];Not_Hate
khoirunnas_anfa_uhum_linnas;SMOGA DISEGERAKAN AZAB NYA TUK PARA PENJAHAT PENGKHIANAT NEGERI INI AAMIIN;['None'];Not_Hate
sakhaf8;Sakiiit;['None'];Not_Hate
idrus0885;Salah satu sifat yg harus jd Pemimpin di Negri ini kenapa Para Ulama Di Negri ini memilih Beliau bukan Jokowi;['None'];Not_Hate
sephiebagas;Salting pa pol mantap amak cantik;['None'];Not_Hate
tianotak_al_syarif;Sampah masyarakat;['None'];Not_Hate
dwidesi6979;Sampai kapanpun saya bangga dan tidak menyesal memilih bapa karna setiap pilihan akan menjd pertanggungjawaban diakhirat nanti;['None'];Not_Hate
miamintarsi1969;Sampai kapanpun tetap PRABOWO SANDI PRESIDEN dan WAKIL PRESIDEN;['None'];Not_Hate
lingkar_maiyahbanten;Sampean berDUA adalah pemimpin di hati kami;['None'];Not_Hate
agus_aripin5;Satu kata bodoamat;['None'];Not_Hate
ariswicaksono13;Satu per satu sahabat pergi dan tak akan kembali;['None'];Not_Hate
roziminanda16;Satu persatu akan diperlihatkan oleh allah hukun kisas itu pasti akan turun;['None'];Not_Hate
devimariana43;Satu persatu akan terbongkar;['None'];Not_Hate
yuniartis5421;Saya Belum Liat Kontribusi Ansor Selama Ini Klu FPI Selalu Terdepan Dlm Membantu Warga Saat Musibah Datang Melanda Krna Sebagian Besar Ulah Manusia Jga Akan Tetapi ANSOR Saya Belum Liat Hasil Karyanya;['None'];Not_Hate
ummi_arkha;Saya aploud di FB postingan saya di hapus kejam;['None'];Not_Hate
dino.blood;Saya bangga berada di barisanmu pak prabowo;['None'];Not_Hate
satriyabhakti6173;Saya bangga dan akan selalu bangga di barisan Prabowo Sandi;['None'];Not_Hate
tono_arismono;Saya bangga dengan pilihan saya insya Allah jadi pahala diakhirat prabowo sandi presiden RI;['None'];Not_Hate
eka_elly_nensi;Saya bangga di barisanmu pak Prabowo sandi;['None'];Not_Hate
sehat_cantik_sejahtera;Saya bangga menjadi Pemilih Bapak;['None'];Not_Hate
dyankartika16;Saya bangga pak semoga kelak keadilan itu ada;['None'];Not_Hate
yayahsutrisno_0779;Saya bangga pernah menjadi pendukung sang jendral dan sampai kapanpun saya tetep mendukung beliau;['None'];Not_Hate
adhetara;Saya bangga tp nnti sy mau golput;['None'];Not_Hate
mitamaryetti;Saya bangga yg dari dulu selalu mendukung Pak Prabowo dan sekarang bersama Bp Sandiaga Uno semoga Bpk sehat selalu untuk Indonesia Adil Makmur Bpk tetap menjadi kebanggaan ku Allah maha tahu dan pasti memberikan yg terbaik buat kita semua;['None'];Not_Hate
popy_kimrae;Saya bersama pak prabowo;['None'];Not_Hate
dian_fahesty;Saya juga N_Target N_Target N_Target;['prabowo', 'sandiuno', 'rudy__surya'];Not_Hate
solihin_soccer;Saya juga ada di situ bang;['None'];Not_Hate
veby.prabowo;Saya juga bangga berada di barisan mu prabowo sandi selalu bersama;['None'];Not_Hate
murodih5;Saya salut dgn ema ema mengawal keputusan sidang final Mk Semoga para hakim bertindak adul dalam mengambil keputusan;['None'];Not_Hate
siskanovarina;Saya sekeluarga bangga pak telah memilih bapak dari dan bahkan jika bapak pencalonkan diri kembali saya akan selalu memilih berada di barisan bapak prabowo N_Target;['prabowo'];Not_Hate
uah_ancha9;Saya tetap bangga dengan pak prabowo dan papa online;['None'];Not_Hate
sitiasamah;Saya tetap bangga dg Bapak Prabowo;['None'];Not_Hate
aishyllazivanna;Saya tetap di barisan ini;['None'];Not_Hate
hanibhd2256;Saya tetap di pihak dan barisan ini;['None'];Not_Hate
achmad_al_faqir;Saya tetap oposisi sampai tahun kedepan;['None'];Not_Hate
amrida22;Saya tidak menyesal di barisan Prabowo Sandi Allah menentukan yang terbaik;['None'];Not_Hate
faiz.alfarizie;Sdh saya duga bahwa akan begini jadinya mereka semua sdh bersekongkol;['None'];Not_Hate
ajie_soemarna;Se;['None'];Not_Hate
yulvitriarumsari;Sedih aku tuN_Target;['ahlimalivia'];Not_Hate
lidia_niez25;Sedih banget Bapak Prabowo Sandi selalu di hati semangat selalu pak semoga Allah SWT selalu melindungi memberikan kesehatan keberkahan hidup utk bpk Prabowo Sandi Aamiin;['None'];Not_Hate
atikidrus.gamissyar_i;Sedih bangt sedih tetap semangat ya pak bapak prabowo pak sandi kebanggaan kami;['None'];Not_Hate
nurfazriahnurfazriah;Sedih ya Allah semoga para pembenci ulama akan segera mendapatkan azab Allah Ingat daging ulama itu beracun;['None'];Not_Hate
paksi_mangkunegoro;Sejak MK membacakan pertimbangan hukum TV langsung sy matikan stopkontak dicabut sampe saat ini ga pernah liat TV;['None'];Not_Hate
myquuotee;Sejak pilpres sampe skrg emang ga pernah nonton tv lagiii mual;['None'];Not_Hate
anie7612;Sejarah akan mencatat namamu jendral walaupun tidak ditulis tapi namamu sudah tecatat dihati kami;['None'];Not_Hate
swijanarti;Sekarang aja nggak usah nonton tv biar bangkrut stasiunnya saya biasanya sangat suka ilc tapi sekarang muales;['None'];Not_Hate
israna_ilha;Sekarang ajha tiap dia muncul d Tv langsng sy matiin aplg pelantiakan;['None'];Not_Hate
murimurtini;Selalu bangga dan akan selalu mendukung bapak Apapun yang terjadi;['None'];Not_Hate
ridhofajrialattas;Semakin bagus dari sebelum nya mulus jalan nya bagus rencanaya besar suara pidato nya Ternyata besar hasil nya;['None'];Not_Hate
idahamidahmahdi;Semakin nampaklaaahhh;['None'];Not_Hate
lusianaza;Semangat lanjut Allah tidak tidur yang batil akan kalah janji Allah di Al qur an dan yang benar akan menang alhamdulillah aku bangga jadi pendukungmu;['None'];Not_Hate
sissyfrozenfood_lampung;Semangat selalu pak;['None'];Not_Hate
antonmalik1976;Semangat trs buat Pak N_Target;['prabowo'];Not_Hate
ukhti.harnan;Semangat untuk ikhtiarnya;['None'];Not_Hate
mayanti_zen;Semangattt pakk;['None'];Not_Hate
dyethafitra_18;Semoga Allah mbalas semua perbuatan di rezim ini dgn balasan yg setimpal;['None'];Not_Hate
raditulrahman;Semoga mereka di ampuni ALLAH;['None'];Not_Hate
rahmiolic;Semoga pak N_Target selalu di lindungi Allah aamiin;['N_Target'];Not_Hate
paydhi7475;Semut Aku tahu setetes air yang ku bawa tidak akan bisa memadamkan api besar Namrud tetapi dengan ini aku bisa memastikan di pihak manakah aku berada di pihak Allah https palembang tribunnews com kisah semut membawa setetes air untuk memadamkan api yang membakar nabi ibrahim;['None'];Not_Hate
bazinsay;Sengkleh sarafnya ya;['None'];Not_Hate
bundaamdara;Serem ya disumpah pake kitab suci berat bgt tgg jwbnya beneran ada isinya gak sih;['None'];Not_Hate
kelana7126;Setahunya;['None'];Not_Hate
ndino_sueb;Setelah dilantik pengin tau janjinya apa di penuhi apa ora penasaran;['None'];Not_Hate
ermidsudiwardani;Setidaknya punya cerita indah;['None'];Not_Hate
mumu.prasetya;Setuju;['None'];Not_Hate
susi_fatmawatiee;Setuju Ga usah liat tv Matikan aza;['None'];Not_Hate
na.mardiah18;Setuju banget;['None'];Not_Hate
putra_banned;Setuju listrik mau naek jd irit;['None'];Not_Hate
annakarina131;Setuju matikan tv;['None'];Not_Hate
desiliantyhasanah;Setujuuuu skali matikan saja tv nya;['None'];Not_Hate
ummu_balqiss;Setujuuuuu;['None'];Not_Hate
batik_anasasirangan;Seumur hidup mereka pasti gelisah karna menikmati kemenangan dengan hasil curang Cam kan itu Naudzubillahi min dzalik;['None'];Not_Hate
jaff_arman;Share share share Dengan bijak Dan nalar sehat;['None'];Not_Hate
nella.mtr;Si bodoh mana sih yg belum pada move on heran;['None'];Not_Hate
mas_ipal;Sialannnnnnn lemah bangettttt sih di bikin tempat sampah tok Sama negara lain;['None'];Not_Hate
punkkissputra;Siap;['None'];Not_Hate
hamz.blc;Siap Emang gw gk pernah nnton tv Karena berita di tv yg gk goax cmn Bencana doank Kalo yg lain mah asli settinga kalo gak pencitraan;['None'];Not_Hate
rikoseptianton;Siap Langsung cabut stop kontak;['None'];Not_Hate
vialbs24;Siapapun presiden skrg Sya ttp pendukung pak prabowo n pak sandi;['None'];Not_Hate
lena.susant;Siapapun presidennya saya ttp mendukung doa yg terbaik saja;['None'];Not_Hate
yayahsutrisno_0779;Sikat miring mak;['None'];Not_Hate
arifhermawan698;Silahkan tagih gaji bg kalian yg msh menganggur selamat kalian sdh dicetak menjadi mental pengemis pekerjaan yg paling hina di mata Alloh Swt;['None'];Not_Hate
susanto4980;Sip matikan tv oktober;['None'];Not_Hate
yutasj;Sippp tetap di barisan kaum nasionalis dan ulama;['None'];Not_Hate
milla.lapeda;Skrg aja aku cuma nonton discovery;['None'];Not_Hate
nunuk_wahyuni;Smg Allah bersama orang dlm kebenaran;['None'];Not_Hate
widyanifs;Sorot terusss sampaikan itu ke media massa;['None'];Not_Hate
wahyuwhy1717;Sosmed jd naik rating sama baee;['None'];Not_Hate
agustinaandriani7;Statemen cerdas dari bung N_Target sejarah yg baik mencatat para pengkhianat dan kecurangan makjlebbb Bangga gw di sisi yg di curangi Bukan disisi pelaku curang;['rocky'];Not_Hate
resdiawandelit;Suatu saat ada yg nanya Siapa presidenmu sy akan jawab N_Target Sandi;['prabowo'];Not_Hate
staryosit_rod;Subhanallah Prabowo Sandi menang di hati rakyat dan menang atas kebenaran dan kejujuran Allahu Akbar Allah tidak tidur;['None'];Not_Hate
mariatul_giptiyah;Subhanallah sabar tawakkal Allah punya rencana yg baik dibalik semua ini percayalah dg Keputusan Allah Azza wa Jalla;['None'];Not_Hate
muhammad.3127;Subhanallah yang sabar nak Allah maha adil;['None'];Not_Hate
deanamtujuh;Subhannalloh sejarah terindah di Indonesia sepanjang hdp kuh;['None'];Not_Hate
riskirarar09;Sudah tanda nya Akhir zaman muncul;['None'];Not_Hate
ponco494;Suka dia to yanggak yang penting dia bahagia gitu;['None'];Not_Hate
selera_penyetan;Suka suka lhooo aja jok;['None'];Not_Hate
rofiq3267;Sumatra barat dan aceh mempunyai presiden wakil presiden bpk h prabowo dan bpk h sandi salahudin uno;['None'];Not_Hate
fawwaz313;Sumpah aja si nganu pakai komik sinchan sama doraemon;['None'];Not_Hate
arthur_elnino17;Sumpah pakai komik sichan ma doraemon sja jgn alquran;['None'];Not_Hate
dwi_nuur_hafidh;Sumpah pake komik sinchan aja;['None'];Not_Hate
rahmakadir250;Sumpah pke komik ja;['None'];Not_Hate
sakha_jilan;Sumpahnya pake komik aja kasian di akhirat ntr;['None'];Not_Hate
biekiko;Sungguh keikhlasan Dan gerakan menuju perubahan ini begitu dahsyat jangan berhenti teruslah bergerak berjuang bersama rakyat wahai N_Target tumbangkan rezim yg memporak porandakan Indonesia Raya ini;['prabowo'];Not_Hate
rushtendy;Sy bangga ada d barisan;['None'];Not_Hate
lelianz4;Sy bangga sama bpk Sy senang ada di barisan bpk Smga allah swt Sll melindungi dan mmberikan kesehatan kpd bpk N_Target dan bpk N_Target Aamiin;['prabowo','sandiaga uno'];Not_Hate
loliland70;Sy jg;['None'];Not_Hate
andriyani621663;Sy nggak milih presiden yang ini jadi so pasti nggak liat tv min;['None'];Not_Hate
is_hidayah;Sy tetwp menganggap bo Presiden saya Pa Prabowo Pa Sandy berbuat sesuatu utk nengri ini kami takut negri ini jatuh ke tangan nwgara penjajah selamatkn cucu kami ya Allah;['None'];Not_Hate
nonny5994;Sy tidak bisa berkata apa apa Hanya doa yg bisa sy panjat kan untuk beliau N_Target N_Target;['prabowo_sandiuno2019', 'prabowopresiden_2019'];Not_Hate
babyzee_lee;Syukurin dah;['None'];Not_Hate
stiaw5;TAKBiRR;['None'];Not_Hate
_raihanarrasyid;TV nya nyambungin hdmi ke laptop trus nge game aj dahh;['None'];Not_Hate
mhmd_hsn15;Tag orang nya;['None'];Not_Hate
revoblic;Taiii;['None'];Not_Hate
putri_ummu_raihan;Takluk di bawah pesona emak;['None'];Not_Hate
firngadi_braling1;Tambahin kalimat di pengambilan sumpahnya JIKA SAYA MENANG PILPRES DENGAN KECURANGAN MAKA AZABLAH SAYA DAN PENDUKUNG SAYA DENGAN SEBERAT BERATNYA;['None'];Not_Hate
wiro6;Tampa dsuruh tampa diajak emang udah diniatin dari awal koj;['None'];Not_Hate
afif_izulhaq;Tanda akhir zaman mulai semakin nampak Nauzubillah;['None'];Not_Hate
ida_bhenuurr;Tanggal pastinya kapan;['None'];Not_Hate
iqbalfadlii;Tanggal pelantikan aja ane ngak tau wkwkwkkw bodo ahh;['None'];Not_Hate
karsoindra;Tangkapin semua yg berbuat curang;['None'];Not_Hate
yu.li4234;Tanya sapa yg nyuruh;['None'];Not_Hate
vigo_aprilio;Tapi bagusnya tag langsung akun bpk ir jokowinya;['None'];Not_Hate
nenko;Tel pulang aja cuci kaki tangan terus minum obat cacing;['None'];Not_Hate
baim_wong_gendeng3674;Telat kau sidangkan anjing putusan MK sdh keluar;['None'];Not_Hate
imbanana77;Telat kebiasaan media Indonesia kalau sudah ditetapk sok an jadi pahlan;['None'];Not_Hate
giyono_69;Teman saya pulang hore;['None'];Not_Hate
d0dyputra;Tenang min kan mereka pake alqurannya hasil pemikiran islam nusantara jd sesuai kebutuhanlah;['None'];Not_Hate
egg.flipped;Terbukti tapi DITOLAK SELURUHNYA;['None'];Not_Hate
si_pejuang_mahar;Terciduk gays;['None'];Not_Hate
tika_fashion;Tercyduk ayo ngaku mau apa;['None'];Not_Hate
tianotak_al_syarif;Teriak teriak LGBT woe bangsat ini negara bertuhan bukan negara komunis atau liberal;['None'];Not_Hate
retno_susi3;Ternyata di negeri ini kebenaran bisa di kalahkan dengan kecurangan dan kejujuran bisa di kalahkan dengan kebohongan;['None'];Not_Hate
sang_hariz;Ternyata disini kumpulan orang emosi jiwa;['None'];Not_Hate
dicky_frnandoo;Terus gimanaa warr;['None'];Not_Hate
rifqi.iqi_;Terus saya yg udh sekolah gmn;['None'];Not_Hate
makmur.muhammad;Terus yg dibangun jalannya yg selalu dibangga bangga kan kemarin apanya;['None'];Not_Hate
milanasalim;Tetap akan mendukung Anda berdua sampai kapanpun;['None'];Not_Hate
citraatranizar;Tetap bangga ada bersama kalian Bapak N_Target dan Bapak N_Target;['prabowo', 'sandiuno'];Not_Hate
abi_nabila;Tetap pilihan rakyat tetap yg terbaik Stay strong;['None'];Not_Hate
yuddihendarsyah;Tetap sabar sehat dan semangat para pejuang keadilan Allah SWT punya rencana lain;['None'];Not_Hate
f4hmi6;Tetap semangat dalam kebenaran;['None'];Not_Hate
_s4m0s4_;Tetaplah semangat para pejuang keadilan;['None'];Not_Hate
nazwa.noe2;Tgl berapa min;['None'];Not_Hate
melisad246;Thanksss kakk aku naikk kgg pakee penggemukk dari N_Target cuma minggu gakk lagii lagii deh disebut mayat hidup;['bdg'];Not_Hate
inna_nuraeni02;The power of emak;['None'];Not_Hate
suaranegerisyam;The power of emak Allahuakbar;['None'];Not_Hate
ummu_ufairaparameswari;The real negarawan sejati sejarah akan mencatat pak prabowo negarawan sejati ak bangga barisanmu;['None'];Not_Hate
dedejujunjuliana;Tinggal nunggu ajab min;['None'];Not_Hate
abd_latif0417;Tinggal nunggu waktu yg tepat;['None'];Not_Hate
s_mur30099;Tiuuuu kan polisi saja nyelinep pakai topi kalimat tauhid lagi sampean kongkonane sopo to pak pak aja bok leceh ne gitu atu pak kalimat tauhid bok go nutupi gon mu jadi mata Doso pak pak arep ngidam kerikile neraka tah pak;['None'];Not_Hate
meylansa_276;Tkut a al qur an cuma sampul doang;['None'];Not_Hate
indonesiaa_45;Tolol;['None'];Not_Hate
rifkineomorphin96;Tolol emang;['None'];Not_Hate
nanda_naf;Tolol seee tolol tololnya i ting i do yu ting;['None'];Not_Hate
harymanone;Topinya tauhid tapi tampangnya gak sesuai dg topinya;['None'];Not_Hate
arisaskito;Tp bapak selalu menang di hatiku;['None'];Not_Hate
parmadinatto;Tp percuma wkt di Bawaslu dan MK gak sebanyak itu;['None'];Not_Hate
uzumakino;Tpi masih sering terjadi kekerasan terhadap sesama teman di ponpes knapa bgtu ya;['None'];Not_Hate
_rakjat_djelata_;Trus kmana massa yg sebanyak ini yg nongol di mk kmaren cuma segelintir;['None'];Not_Hate
new.daw;Ttep presiden saya bpk N_Target dan bang N_Target;['prabowo','sandi'];Not_Hate
kiruntigor;Ttp smngt klh terhormt mari kita doakn smoga pk N_Target N_Target shat sllu amiiin;['prabowo','sandi'];Not_Hate
arlani_surya;Tuh kan kl sama emak syanthix pasti jadi bisa ngaku polisi deh;['None'];Not_Hate
totok710;Tukang ngibul dan bersilat lidah;['None'];Not_Hate
ri.yan2233;Tunggu saatnya kita lihatin aja dulu;['None'];Not_Hate
ali_h_sangun;Tv ku mnggu kmarin hangusss blm didandang wlpn sdh bgus ga akan nnton yg hal mudhorot;['None'];Not_Hate
sincuan_chingso;Tv udah di jual alhamdulillah ga kena musibah;['None'];Not_Hate
novia_onshop;Tw tanggal pelantikan a aja q mh g tw;['None'];Not_Hate
aseffauzi;UDAH TAU ARAHNYA;['None'];Not_Hate
mohsultoni70;ULAMA YG MENGUSUNG PRABOWO WAJIB MEMBERI PENJELASAN KLO TDK INI SYIRIK DAN YG SALAH ULAMA PENGUSUNGNYA;['None'];Not_Hate
supplyundies;UNDERWEAR CELANA DALAM ORI IMPORT DARI PABRIK DIBAWAH rb;['None'];Not_Hate
miftakhul_firdaus96;Uangnya gak seberapa eh malah masuk goa;['None'];Not_Hate
is_mey55;Udah basi lah percumah;['None'];Not_Hate
enny7061;Udah belain dtangkap;['None'];Not_Hate
abd_aziz02;Udah disahin ngapain Dihukum dagelan;['None'];Not_Hate
dheryani35;Udah jarang nonton TV kalau ga film yang bagus nontonnya bedah rumah lebih sering nonton rodja TV yudif TV TV Mekkah walau hanya di youtube tube;['None'];Not_Hate
samudra_agung09;Udah lebih sebulan nih TV dirumah nggk diactivin males;['None'];Not_Hate
nurfalah;Udah niat gak mau nonton sih Buang waktu;['None'];Not_Hate
marcellinojonanda;Udah sumpah janji gk ditepati Hadeuh;['None'];Not_Hate
anduanggoro;Udah thn ga pernah nyalain tv;['None'];Not_Hate
doanktaajuu;Ude gak nonton tipi semenjak rezim mukidi naciro;['None'];Not_Hate
figur_hadi;Udh dibantu di jeblosin lagi;['None'];Not_Hate
sitikhafsoh_;Udh lama gak nonton tv;['None'];Not_Hate
fani_fannana;Untuk N_Target dan N_Target pesan saya tetaplah bersama ulama;['prabowo subianto','sandiaga uno'];Not_Hate
inisial_cy;Untung mes gua nggak ada tv;['None'];Not_Hate
arif_igho345;Upin ipin aja dahh;['None'];Not_Hate
keyla.azskia76;Wah itu cuma hoax siapa bilang Papua jalanya hancur kan SDH ada tol langit yg di bangun dari u spy selatan apa lagi rakyatnya dukung jkw hidup semoga hidupmu bahagia;['None'];Not_Hate
kakaqabo;Wahai DZAT ALLAH kami tlh berjuang tanpa pamrih meski lapar dahaga menerpa diri demi membela kebenaran keadilanMu ya Allah dr para pemimpin yg curang pendusta dzalim demi tegaknya Tauhid iman kami kaum muslimin Indonesia Kami tengadahkan tangan kami setinggi langit qabulkan doa kami yaa Rabb lepaskan negri rakyat dn bangsa kami ini dr rongrongan para penghianat bangsa penipu pendusta rakyat agar kami dapat hidup damai dlm mengabdi kepada Mu ya Allah;['None'];Not_Hate
mat.siregar;Waktu Akan berkata kejoliman Akan hancur;['None'];Not_Hate
lilylisa6281;We always love and always need u jendral;['None'];Not_Hate
hunnyumi;We love u bapak N_Target;['prabowo'];Not_Hate
adinnaayu;We love you Bapak N_Target Presiden kaum Muslimin se Indonesia no matter what;['prabowo'];Not_Hate
inara.aisyah.9678;We love you bapak N_Target;['prabowo'];Not_Hate
cpencuriilmu210717;We love you pak N_Target sht sll smg sll dlm lindungan Allah SWT kau ttp di hati kami presiden di hati kami;['prabowo'];Not_Hate
astutilisnawati;Wew;['None'];Not_Hate
mufais_28vlog;Wkkw;['None'];Not_Hate
rafanda_fanda;Wkwkw mudah an cepat kena adzab ya bapak yg dimenangkan kapeu dan emka kami gak akan nonton tv kok bayar listrik MAHAL X;['None'];Not_Hate
ekasonjayasonjaya;Wkwkwk;['None'];Not_Hate
ryadh_al.ariz;Wkwkwk emang enak jadi presiden gk dianggap;['None'];Not_Hate
sangwaktoe;Wwkwk suka ente aja lah mau ngamanin tingkat dewa pun gue ga bakal tertarik nyimak ga penting ga nurunin harga juga efeknya kan ya;['None'];Not_Hate
hayatun654;YEEYYYY BRAVO EMAKEMAK;['None'];Not_Hate
rikerajendra;Ya Allah berikan kami kesabaran menghadapi rezim ini Aamiin YRA;['None'];Not_Hate
riniamalia6965;Ya Allah miris ih;['None'];Not_Hate
raniie_rangkuti;Ya Allahh pakk aqu nangissss sehat selalu ya pak;['None'];Not_Hate
dhie_adindanizam;Ya Alloh berilah mereka ini hidayah agar kembali pada jalan yang benar;['None'];Not_Hate
tjuwita39;Ya Alloh lindungi N_Target sehatkan kuatkan Ya Alloh;['habib bahar'];Not_Hate
omenshakim;Ya allah hancur kan rezim busuk;['None'];Not_Hate
utine_araasa;Ya allloooooh emak emakku cuantik cantik bangeeeeeet;['None'];Not_Hate
sofyanfaisal20;Ya ela paling dilantiknya tengah malam yang nonton kan setan gudul gendoruwo dkk;['None'];Not_Hate
nunnn4438;Ya kami gk liat plantikan N_Target dan tv kami matikan;['jokowi'];Not_Hate
ragil_sri_m;Yaahh cemen deh aahh Giliran demo utk masa dpn negara pada gak ada gaungnya Gak perduli dgn bangsa dibawah rezim dzalim negara tergadaikan yg recehan diurusin hadeehh;['None'];Not_Hate
hz_mawar;Yah lagian sih klo ceramah trlalu nepsong pas ngatain si onoh Kan masih muda jgn songong juga gitu hihii piss lop n gaol;['None'];Not_Hate
supandi942;Yakin sumpah keluarga ud gk suka sama acara tv apalagi beritanya;['None'];Not_Hate
dluvlastera;Yang aku takutkan kekejaman d Uyghur terjadi di sini;['None'];Not_Hate
danelaila;Yang harus dipenjara itu yg nyuruh coblosin mereka hanya disuruh n dibyr mkn krn ekonomi dan kepolosan mereka Yaa Allah akhirnya rakyat jg yg menderita semoga thn ke depan tdk akan lagi terjadi kecurangan Aamiin;['None'];Not_Hate
marcellinojonanda;Yang milih gk ada otak otaknya di dengkul;['None'];Not_Hate
m_ardani19;Yang saya pertanyakan apa sih kelebihan dari sesama jenis kan tuh anunya tempat pembuangan yang bsuk dan najis apa guna seorang perempuan yg diciptakan untuk kita memangnya seorang perempuan tdak tertarik bagi mereka yak;['None'];Not_Hate
ratu_indry;Yes skr sy lebih suka nntn upin ipin tayo tobot itu lebih bahagia drpd lihat acara pencitraan yg bikin sy ngerasa di php in;['None'];Not_Hate
inaanggraeni2004;Yg coblos di penjara giliran yg nyuruhnya g di diskualifikasi capek deh resiko y kl mau di suruh yg g baik yg berakibat ga baik pula dunia akhirat lg kasian amat y;['None'];Not_Hate
ag.us1411;Yg di coblos sp;['None'];Not_Hate
wijay_veejay;Yg diekspor kagak ada yg diimport sampah gak berguna pantas defisit terus;['None'];Not_Hate
yayang973;Yg diresmiin ma presiden yg mana;['None'];Not_Hate
osin_rapidja;Yg jelas bisa ikhlas krn percaya ini tanda akhir zaman spt yg d sampaikan baginda nabi;['None'];Not_Hate
lulkmanazis;Yg menang belum tentu mulia yg kalah blm tentu hina lebih baik jadi oposisi terhormat;['None'];Not_Hate
yankasaripah;Yg nyuruhnya dong di tahan juga;['None'];Not_Hate
ragent1975;Yg salah undang nya ato penegak hukumnya;['None'];Not_Hate
atiilham18;Yh allahh ni jwabn atas doa doa kamii Bhwa kecurangann harus menang Sedihhh bbgatt munggkin inn yg terbaikk bgMU;['None'];Not_Hate
debbywira_nata;You punya money you yg akan menang;['None'];Not_Hate
diah_pitaloka89;Yukk Bergabung dan Bermain di Situs SBOMONEY ONLINE BETTING TERBAIK SITUS JUDI BOLA ONLINE LIVE CASINO DAN SLOT TERLENGKAP AMAN TERPERCAYA BONUS MENARIK UNTUK ANDA Bonus New Member SPORTSBOOK Bonus New Member Live Casino Bonus New Member Slots Bonus Referral Bonus Cashback Spesial Bonus Emas Logam Mulia Buruan Di Daftar Sekarang Juga di SBOMONEY Mainkan semua permainan hanya dengan ID Info Lebih Lanjut Hubungi Kami di Sini Whatapps sbomoney com;['None'];Not_Hate
rafinakeiqueen;Yukkk aahhh saiya juga mau nonton channel Disney aja lebih bagus nonton film Kartun daripada nonton yang gak jelas kayak gini;['None'];Not_Hate
teguhrahayu11;aku ada disitu;['None'];Not_Hate
idrus.almunawar;alhamdulillah;['None'];Not_Hate
neng.idiiw;alhamdulillah tv gue rusak dari masa kampanye jdi mantau di ig aja biar ga kebanyakan nelen hoax;['None'];Not_Hate
ikha_anest;allah maha adil;['None'];Not_Hate
fadhilbukhari4567;anjing anjing mana tuh;['None'];Not_Hate
yoyon_sty;atuuut;['None'];Not_Hate
kennyadam191;ayo ramai ramai gaungkan;['None'];Not_Hate
erik_cbl;ayo semuanya tukar uang kertas mu dengan dirham dan dinar atau belikan emas batangan sekarang aja udah dollar gimana nanti belum lagi inflasi dan tau sendiri gimana tahun kemaren ayo buruan sebelum uang kertas kalian tidak ada guna dan tidak ada harganya;['None'];Not_Hate
ayunuraini770;bapakku N_Target sy mohon jangan pernah mengiyakan rekonsiliasi dengan penghianat kebenaran kejujuran jangan pernah utk bersatu utk merela yg sudah menyakiti HATI RAKYAT dengan KECURANGANnya jangan pak karena kami yakin mereka hanya akan memperalat mu dgn ide mu yg briliant utk rakyatmu rakyat indonesia Kami tau kau ingin membantu kami indonesia tapi tidak dengan CARA MEREKA semoga ALLAH selalu melindungimu melindungi kita dalam kebenaran;['prabowo'];Not_Hate
jakaswara614;berlebihan sampai sujud;['None'];Not_Hate
ichen1301;betul sekali tuh mimin nontonnya aza malezzzzzzz beuddddd apalagi Datang buang energi azaaaa Dasar si wercok amit dah ahhhhh Geli aq tuh;['None'];Not_Hate
amatr5;bingung campur malu saya sm N_Target;['GP Ansor'];Not_Hate
bungsu6100;bisa minta videonya;['None'];Not_Hate
escudo4x4;bodo amat kalo ada selentingan mau muncul tinggal tidur atau maen ke tetangga aja lah banyak kok yg males ngeliat dia;['None'];Not_Hate
adi_abot;buang listrik gk penting kann min;['None'];Not_Hate
zafissafittra;bukan nya hsil N_Target gak ada pelanggaran pemilu trus ini apa hmmmm jd bingung ada yg bs jelasin;['MK'];Not_Hate
priskilaasianty;cerdas_mantul bung bravo bung N_Target We Loves aamiin;['Rocky'];Not_Hate
agungeko2205;coba nnti kita liat janjinya yg pengangguran di gaji ga;['None'];Not_Hate
mahendraaji53;dan aku bangga jd bagian dr sejarah itu;['None'];Not_Hate
rinanurdin;dan hidup ini penuh pengkhianatan;['None'];Not_Hate
rannia_beauty_skin;datang dgn penuh bahagia;['None'];Not_Hate
djulnazar;deg deg an polisi liat emak emak kaya gitu;['None'];Not_Hate
_pelita_jingga_;dilantik ku olangan yg nempo para arwah meureun;['None'];Not_Hate
yudi_syarif;disumpah ngg disumpah juga percuma para pejabat dinegara ini sama sekali tidak takut akan Tuhan dan dosa tidak percaya klo semua kelakuannya kelak akan di hisab ngga percaya buktinya org udah disumpah juga masih doyan tipu doyan maling doyan bohong dan janji palsu penjara kpk makin penuh yg udh diungkap kpk mungkin cmn kelas terinya doang;['None'];Not_Hate
wahabazrul;elu yg halu yg penting gw bukan akun fake kaya elu udah kaya siluman aja gajelas;['None'];Not_Hate
elviandriana;emak cakep banget;['None'];Not_Hate
antin17;emak dilawannn kelaaar de eluu pak;['None'];Not_Hate
hendar6866;emak nya cantik cantik ya;['None'];Not_Hate
kormaajwah;g ngebul;['None'];Not_Hate
ikbalmalikmangun;gk bakalan sy nonton;['None'];Not_Hate
haririthamrin;gk prnh lg liat brita di tv selain brita kriminal kartoon sm azab;['None'];Not_Hate
harwanto.harwanto.37266136;gregetttttt anteng sendiri g pduli rkyat bawh;['None'];Not_Hate
romi_soraya;hadiiiir;['None'];Not_Hate
iwansetiawan9189;hahaa rugi dong tivu nasional;['None'];Not_Hate
dannyprasetyo65952;hahaha kena gigit juga kan yg udah di bela belain wkwkwkwk;['None'];Not_Hate
imamsyhid;hahahahhahahahah;['None'];Not_Hate
khodijahlubis_110;harusnya gak usah di tampilkan biar setannya gak viral;['None'];Not_Hate
kormaajwah;hatinya sih ke kalimat tauhid cuman takut apa;['None'];Not_Hate
enik26;hhh emak emak di lawan;['None'];Not_Hate
ikhwanjulio;hidup emak emak cantikk;['None'];Not_Hate
arfandycekmatd;hoak d mk ga ada kan;['None'];Not_Hate
iraone68;ingat kisah Nabi Luth diQuran sdh jelas tunggu aja Azab akan turun klo begini terus;['None'];Not_Hate
chiosram;ini kemana suaranya karna pakai kalau dan mungkin ngak kemana suara pan N_Target rakyat bisa memikir dan menganalisa sekarang;['prabowo'];Not_Hate
euisdumai;innailaihi wainnailaihirojiun;['None'];Not_Hate
rasyasyamsul18;innnalillah;['None'];Not_Hate
__neng_bia;iuwh;['None'];Not_Hate
olleb29;jangan make al qur an sumpahnya suruh make kartu prakerja aja;['None'];Not_Hate
murnihass;jujur apa adanya kagum sy;['None'];Not_Hate
batiksoloamanah6;kakak lihat instagramku ye;['None'];Not_Hate
priskilaasianty;kalau boleh usul acara pelantikan gak usah pakai alquran tapi pakai komik sinchan_doraemon ajah thanks;['None'];Not_Hate
tampalan8;kalimat Tauhid di atas kepala tapi membela kecurangan dan kebohongan jadi sebutan apa yang pantas di berikan pada mereka;['None'];Not_Hate
suryanata_1992;kalo si anu naik lagi kan lumayan honoy ujangan gajey bisa tambah naik lagi sedangkan rakyat yg kene sakitnye;['None'];Not_Hate
threesaputro;kami tetep bersamamu jenral;['None'];Not_Hate
aprina_delta_suryaningsih;kapan d lantiky shap cuma que yg kg tau ad pelantikan;['None'];Not_Hate
hurley_sand;kasian ya barisan sakit hati;['None'];Not_Hate
desy_tri_ferawati;kasihan kasihan kasihan yg nyoblosin di penjara la yg nyuruh di apain aneh tapi nyata;['None'];Not_Hate
zillan_711ll;kaya yg gak butuh presiden saja heraaannnn;['None'];Not_Hate
fahrul.azam328;keliatan kali prustasinya y bg Ampe segitunya yg penting menang Judulny syarat rekonsiliasi tp spt nya nggak paham maksud dr rekonsiliasi Maunya mempertahankan perpecahan aja nggak peduli siapapun yg bakal memimpin Yg tabah ya bg;['None'];Not_Hate
dewi_dsw;kenapa harus ada rekonsiliasi jadi opposisi aja lah lebih punya harga diri;['None'];Not_Hate
arihanvil;kerennn;['None'];Not_Hate
iwansetiawan9189;kerja kerja ngutang ngutang;['None'];Not_Hate
iwedhalfan;klu ada berita dia di tv langsung pencet off;['None'];Not_Hate
hafizkambar;kok bisa katanya ooh katanya;['None'];Not_Hate
fahrul.azam328;kok nanggung nih hastagnya knp nggak bikin aja jt rakyat tolak N_Target ato lebih dr setengah jumlah penduduk indonesia lah Klo cm jt nanti malah jt sisanya mendukung pak N_Target Hayooo gmn Provokasi kok nanggung sih bg Mending hentikan sj lebih baik mengajak seluruh rakyat bersatu membangun dan memajukan indonesia;['jokowi'];Not_Hate
stie.semarang;koq di mk ndak terbukti;['None'];Not_Hate
theasbachtiar;lah emang tugas polici kan ngamanin gak perlu lu omongin somplak;['None'];Not_Hate
donohart;lg bete orang paling goblok sedunia;['None'];Not_Hate
wahwahwaa;lihatlaah masak segini banyak pendukung kalah hanyalah kecurangan yang mengalahkan;['None'];Not_Hate
nyla_putry;love you papi dan papah online ku;['None'];Not_Hate
imam_satria88;lucu nya negri ku sang raja nya masih menang di MK;['MK'];Not_Hate
nurul_khoeriah;lucu sekali negri ini di N_Target d putusin ga ada kecurangan tapi knapa skrg ada yg d jatuhi hukuman gara ada pencoblosan masal berarti memang terbukti ada kecurangan dooooong;['MK'];Not_Hate
nasril.inel;m;['None'];Not_Hate
jono7661;maaf pak tolong sarankan utk p prabowo dan p sandi saran pak sebaiknya bapak buat media sendiri pak untuk bisa menyampaikan semua program program bapak dan tim lakukan baik tv maupun media massa walau bagaimanapun jg rakyat juga perlu tahu banyak tentang berita yg sebenarnya apa yg sedang terjadi dg nehi ini terlepas dr kepentingan politik;['prabowo','sandi'];Not_Hate
bebeq67;males nonton y juga gk semangat;['None'];Not_Hate
yuni5836;mantul maaakkkk;['None'];Not_Hate
nurdin_eltop;masih ku ingat shalawat berjamaah jutaan ummat yg menguras haru dan melangitkan harapan pagi itu;['None'];Not_Hate
ekaaptr14;memang rezim bangsat;['None'];Not_Hate
abdullah_saprudin;mending di baca sampai akhir jangan hanya judul saja kampret seolah olah kalian salahkan pemerintah mekritik boleh saja tapi akal jalan jangan hanya sepintas trus di blunder yang kek begini hoax namanya lagian rakyat bisa menilai dengan membaca berita itu sampai akhir semoga yang membaca paham maksud dari berita tersebut karna negara ini mayoritas islam tapi tidak bisa disamakan negara timur masih ada saudara kita di negara ini menganut agama lain bukankan hidup bertoleransi itu indah;['None'];Not_Hate
lilie_3720;mending ngelonin Dari pada nnton TV;['None'];Not_Hate
priskilaasianty;mendingan irit listrik gak usah nonton We Loves bravo;['None'];Not_Hate
rinacantique;meski tdk jd presiden tp bagi yg memilihmu pak tetap kalian di hati kami kalian sdh memenangkan hati banyak orang;['None'];Not_Hate
indra_dwisapoetra;min gua pndukung tp mls gua klw akun N_Target bikin brita HOAX ga beda dong ma N_Target klw admin ini hoax;['pasangan_abadi02','cebong'];Not_Hate
zuraida8294;mrk yg curang tdk akan brtahan insaAllah akan tumbang;['None'];Not_Hate
trainerpaytrennasional;naudzubillah;['None'];Not_Hate
dikyiskandar21;ngakak;['None'];Not_Hate
dinairawati1983;ngamanin telolet eh teroris ya pak;['None'];Not_Hate
4yi_ri;ngapain lah nangkapin ikan teri Ikan kakap tuh menang di N_Target;['MK'];Not_Hate
wahabazrul;ngpain di ladenin akun fake begini N_Target bacot lu udah kaya yg paling bener aja;['fandyaulia87'];Not_Hate
robi_9uci;pasti dmatikan;['None'];Not_Hate
iwansetiawan9189;pasti N_Target iri klo liat pendukung N_Target rela mati terluka menangis berkorban harta dan pikiran tulus tanpa pamrih presiden sesungguh ny N_Target;['jokowi','prabowo','prabowo subianto'];Not_Hate
muhamadadnan7794;percuma ga di liat MK;['None'];Not_Hate
alpan135alpan;presiden impian saya;['None'];Not_Hate
obingmujiburohman;presiden kecurangan republik indonesia;['None'];Not_Hate
ace_zm20_kandank_thaihiank;real president bagi kami;['None'];Not_Hate
marcelianajuliantina;rocky dehhh mantabs;['None'];Not_Hate
chairulmazwar;salam hormat kami;['None'];Not_Hate
adha6228;satu persatu akan allah cabut nyawanya dgn cara mngenaskan samma allah aja tidak takut itu akibatnya kelar hidup lo berani sumpah langgar kelar hidup lo;['None'];Not_Hate
asep_boer;saya hadir disitu;['None'];Not_Hate
ermidesriza;saya juga;['None'];Not_Hate
biekiko;saya juga teringat Dan terharuu betapa mereka datang dengan gembira Dan sukarela mata;['None'];Not_Hate
kusumaenda19;sehat selalu ya N_Target kita terus dan akan terus menunggu KOMANDO ULAMA;['Habib'];Not_Hate
lianitandy;semangat mak untuk mendukung kemenangan dan keadilan semoga menang Aamiin;['None'];Not_Hate
jayanthieii;semoga allah sllu melindungi pak N_Target;['prabowo'];Not_Hate
ecoracingp;semoga kena ganjaran di dunia dan akhirat ya pak aamiin;['None'];Not_Hate
intermezzo_news;semuanya segera berakhir bersabarlah sesungguhnya Allah bersama orang yg sabar;['None'];Not_Hate
rhozanrhozan;serbu;['None'];Not_Hate
nofiandri84;siaapp matikan TV KGAK MAU NONTON SI CURANG CURENG;['None'];Not_Hate
litanurasiyah;sian deh gara dpt duit ga seberapa dpenjara yang ngsih duit nya makann duit tak terbatas;['None'];Not_Hate
ariansyah.prabu;siapp;['None'];Not_Hate
mut4686;smg Allah memberkahi hidup pak N_Target dan bang N_Target aamiiin yaa robb;['prabowo','Sandi'];Not_Hate
tante_day;sya gk bangga jdi kampret;['None'];Not_Hate
mbah_bowoo;tag;['None'];Not_Hate
__amelia09;tahun vs minggu Luar biasaaa;['None'];Not_Hate
any_zb;tak bisa ngm apa apa aku berkali kali putar vidio ini;['None'];Not_Hate
kormaajwah;takut panci di dapur n;['None'];Not_Hate
rch1170;tanggal nya saja ga tau awak niii tak suka pula nontonin tv takda tv;['None'];Not_Hate
aulia7147;ttap ceria pak;['None'];Not_Hate
killing_a_cebong;unfair ga sharusnya nerima hukuman selama itu lah;['None'];Not_Hate
darma.chandra.18;walau bagaimn pun bapak adlh presiden dan wakil presiden km;['None'];Not_Hate
amaragatisandra;wallahii bercucur air mata liat video ini ungkapan hati;['None'];Not_Hate
sewa_gaun_pemalang;we love u pak N_Target;['prabowo'];Not_Hate
dapoerbuninchj;wkwkwkw badai N_Target;['jaenuddin'];Not_Hate
ossasungkardevi;ya Allah;['None'];Not_Hate
jokownugroho;yang saabar nak alah maha adil;['None'];Not_Hate
priskilaasianty;yeah yes We Loves;['None'];Not_Hate
nzaparadise82;yesss Alhamdulilah smpi detik ini saya ngk punya tv;['None'];Not_Hate
dita_miatisutomo;you Pak N_Target;['Prabowo'];Not_Hate
ijal_kampung;Mana bagusnya kamu lah jok jok penting;['None'];Not_Hate
djoniarianto;Mana bisa si doi kayak gini;['None'];Not_Hate
ubet91;Mana yang katanya anti asing tapi ke asing mlu haduu;['None'];Not_Hate
bayzdoank;Mancla mencle;['None'];Not_Hate
yusufthalib46;Mang pada idiot aj yg sampe meriksa tuh anak Kurung batang lu juga pake kalimat TAUHID saat mau dikubur APA IYA JENAZAH DIHENTIKAN DAN si jenazah DIPERIKSA Kalimat hidup dan mati menggunakan kata TAUHID;['None'];Not_Hate
annisharosseta;Mangjrak bisa didaur ulang atau buat rumah rumahan;['None'];Not_Hate
yusuf.hidayat.754570;Mangkanya sebelum nonton minum kopi editan nya jooss Yang gw heran suara sirine kompoy nya ngak ada lu tolol tolol aja hahaha jangan sampe goblok;['None'];Not_Hate
gelap2019;Mangkin berani aja mrk;['None'];Not_Hate
meylija;Mank enak klo ngga dpt legitimasi rakyat;['None'];Not_Hate
usep52;Manonjaya Tasikmalaya;['None'];Not_Hate
eka_dharmawan.ptk;Manstab;['None'];Not_Hate
orbit7oz2;Mantaaaaaaaaaaaaaaaaaaaaaaaaabbbbn;['None'];Not_Hate
taupikmuhammad70;Mantaaaaaaap saya mendukung bapa berdua;['None'];Not_Hate
dewina_baaman;Mantaaaaffff;['None'];Not_Hate
bahagiaemak;Mantaaaafffff;['None'];Not_Hate
iwan_priyadi_m_fadli;Mantaaaap;['None'];Not_Hate
setyaarumingtyas;Mantaaab selama th kedepan dia gak mgkn diakui rakyatnya kasiankan;['None'];Not_Hate
ahmadwowkerenabiz;Mantaaabbb;['None'];Not_Hate
murcloth;Mantaaabbb Harus di Like ini mah Semangat terus ka Semoga apa yg saya share bermanfaat;['None'];Not_Hate
hariesrezapahlevi;Mantaaabbb seharusnyaa inii niii presiden RI yg sangat cerdas dan Bnyak gagasan inspiratif gagasan nya sangat dibutihkn oleh negara lain;['None'];Not_Hate
fendy5369;Mantaaap;['None'];Not_Hate
_bokengslowlay;Mantaap;['None'];Not_Hate
lilies.soekarno12;Mantaapppp;['None'];Not_Hate
putrododi;Mantab;['None'];Not_Hate
setyawan4627;Mantab babe;['None'];Not_Hate
isya_aisy;Mantab babe N_Target Bikin mereka membungkam;['haikalhassan_quote'];Not_Hate
donalalramadhan;Mantab bahasanya coba geh presiden suru ngomong begitu;['None'];Not_Hate
soe_njow;Mantab bank syariah adil dan makmur;['None'];Not_Hate
puji.triyanti;Mantab kalilah itu;['None'];Not_Hate
spzunul;Mantab n se banget;['None'];Not_Hate
widarazzan;Mantab nih Mereka melihat sosok beliau begitu greget menjadi the next president;['None'];Not_Hate
putyukiaaqsari;Mantab pk Anis;['None'];Not_Hate
rifaputranirwana;Mantab saya suka gaya mu Gus;['None'];Not_Hate
heriiraw4;Mantabb Usirrrr;['None'];Not_Hate
jmcgopal;Mantabb ini baru wakil rakyat Pak N_Target tanggung jawabmu dunia akhirat Hati mengemban amanah;['jokowi'];Not_Hate
taufiq_qx;Mantabbb;['None'];Not_Hate
yakdesietzer;Mantabbb kali bang;['None'];Not_Hate
s_mur30099;Mantabbbbb;['None'];Not_Hate
rifqi_ady;Mantabbbbbbb;['None'];Not_Hate
oneyrpa;Mantabsss kita dukung;['None'];Not_Hate
finaldodwi;Mantabz perkuat ukhuwah n silaturrahim jgn ksh ruang kehidupan u anjing ky gtu hasbunallah waa ni mal waa qiil;['None'];Not_Hate
iyutstia;Mantaf;['None'];Not_Hate
rustam_syariah;Mantaff;['None'];Not_Hate
isnawati.isnawati.7524879;Mantaff x BPK kt ni baaahhh;['None'];Not_Hate
tabrizi_top;Mantafff;['None'];Not_Hate
zarwanilukman;Mantap;['None'];Not_Hate
bolocastelo34;Mantap Ayo kemnapun koko pergi teriakin trus;['None'];Not_Hate
djoniarianto;Mantap BONGKAR ABIS;['None'];Not_Hate
jpretteam;Mantap Bandung;['None'];Not_Hate
asyari_elsstes;Mantap Boleh juga tu bank syariah;['None'];Not_Hate
gushamas;Mantap Gus kami brsmmu;['None'];Not_Hate
hadi.prasetyo.agung;Mantap JIWA sampai kapanpun;['None'];Not_Hate
rizkakrisnanta92;Mantap Lanjutkan perjuangan bg anies dan bg sandi;['None'];Not_Hate
cecepsunarya403;Mantap No RIBA;['None'];Not_Hate
delvayanti5346;Mantap Pak Anies beda banget Ama Ono menjijikan;['None'];Not_Hate
chazziis260;Mantap Pak N_Target Your is the best of the Best GOVERNOR at INDONESIA;['aniesbaswedan'];Not_Hate
dqwien;Mantap Papua;['None'];Not_Hate
herisumarli;Mantap Pisan;['None'];Not_Hate
rakhma.niah;Mantap Prabowo Presidenku;['None'];Not_Hate
isnandararr;Mantap Saudara kita yng konsisten dng pilihannya dan dianggap menang oleh takyat walaupun dikalahlan KPU dan MK;['None'];Not_Hate
widijantonih;Mantap Sudah di kasih deadline Gak bisa mangkir lagi deh kalau di panggil;['None'];Not_Hate
wibowosole;Mantap a;['None'];Not_Hate
dedenhoe_;Mantap babe;['None'];Not_Hate
selvisurya76;Mantap bandung;['None'];Not_Hate
hary_s_soeharto;Mantap bang Anies;['None'];Not_Hate
lailynoorfauzia;Mantap bang rocky;['None'];Not_Hate
obiehanya;Mantap benar deh;['None'];Not_Hate
esanuraeni97;Mantap bingit babe Haikal;['None'];Not_Hate
ciwonk_02;Mantap dah;['None'];Not_Hate
eniashari;Mantap dan keren;['None'];Not_Hate
hamjah_07;Mantap dk;['None'];Not_Hate
rzalsoelistiowiatmadja;Mantap dulur bandung aing;['None'];Not_Hate
najmasajida;Mantap gus;['None'];Not_Hate
kartosoiryoe;Mantap jatim jateng basis jokowi menang;['None'];Not_Hate
lazymanks1;Mantap jiwa;['None'];Not_Hate
dengansenanghaty;Mantap jiwa lestarikan;['None'];Not_Hate
mulyantisrieka;Mantap kaya raya deh pendukung plus jiwa rela berkorbannya tinggi sampai gedungnya aja mau galang dana Klau sebelah boro ngasih yg ada dikasih dibayar;['None'];Not_Hate
raja_adi_putra;Mantap klo ini eh klo Si anu O anu dmna ya Ngertilah si anu itu spa;['None'];Not_Hate
ahmad.sumarno.7528;Mantap pak;['None'];Not_Hate
ratmanraygmail.com23;Mantap pak Anies gubernur DKI semoga sehat selalu mau banding kan takut di ciduk good job pak anies;['None'];Not_Hate
smumpuni3;Mantap pak Anis;['None'];Not_Hate
ratnadewi7676;Mantap pak Cocok jadi presiden Gubernur N_Target Semoga selalu Dalam lindungan Allah Aamiin;['aniesbaswedan'];Not_Hate
rachmatsyaefulloh;Mantap pak anies;['None'];Not_Hate
sapta_jayapura;Mantap pak anies sehat selalu pak anies;['None'];Not_Hate
yoen.yon;Mantap pak anis capres prabowo wakil pak anis;['None'];Not_Hate
wilson_hutasoit;Mantap pak jokowi;['None'];Not_Hate
setiarsihenny;Mantap pak menohok sekali;['None'];Not_Hate
felis_sf;Mantap pak ustad Lanjutkan perjuangan muu;['None'];Not_Hate
taquel_;Mantap prabowo;['None'];Not_Hate
aguss_ilyass;Mantap rakyat emang jujur;['None'];Not_Hate
fahdialkatiri9049;Mantap setuju;['None'];Not_Hate
putyukiaaqsari;Mantap setuju banget;['None'];Not_Hate
sari.aprianti.754;Mantapp;['None'];Not_Hate
muhammad_zainuddin9151;Mantapp bangettt pak anis selalu dalam dilindungan allah S W T dari segala pnyakit dan mara bahaya amin;['None'];Not_Hate
ahaydhar28;Mantapp behhh hajar;['None'];Not_Hate
ianpermana2178;Mantapp info nya masuk akal Gmana pak N_Target N_Target N_Target N_Target;['aniesbaswedan', 'suryoprabowo2011', 'dahnil_anzar_simanjuntak', 'fahrihamzah'];Not_Hate
bri___04;Mantapp ini negri orang tolol dplihara orang cerdas di penjara;['None'];Not_Hate
alifamira12345678910;Mantappp;['None'];Not_Hate
dbaidah;Mantappp Pak ustadz Kerenn;['None'];Not_Hate
anyaknia;Mantappp inilahh pemimpin bangsa yg cerdass;['None'];Not_Hate
a_m_rival;Mantapppppp;['None'];Not_Hate
ddan_firmansyahvm;Mantapsss;['None'];Not_Hate
medanimedani;Mantapz;['None'];Not_Hate
ahmad_januari2;Mantep nih;['None'];Not_Hate
h4dist;MantuL;['None'];Not_Hate
uki4076;Mantul;['None'];Not_Hate
dewi_selasati;Mantul Babe;['None'];Not_Hate
antotok97;Mantul Gus Setuju;['None'];Not_Hate
aliefgiri19;Mantul babe haikal toptbanget deh ah;['None'];Not_Hate
irawanirawan162;Mantul banget babe;['None'];Not_Hate
najwa_azhari;Mantul banget mudah mudahan jadi presiden Amin;['None'];Not_Hate
anekajayatech7;Mantul bung fahri;['None'];Not_Hate
ibuaiq0212;Mantul emang hrsnya pk prabowo;['None'];Not_Hate
isma_asipa;Mantul gub indonesia;['None'];Not_Hate
lilikchodijah;Mantul gus Semoga Allah SWT sll melindungi beliau Aamiinnn;['None'];Not_Hate
dudi_supriadi212;Mantul malu lah pak yg lewat spa yg dpangil spa;['None'];Not_Hate
ahmadagam234;Mantul mantuk kleb;['None'];Not_Hate
_abah.rafli_;Mantul nih kalo tiap daerah begini;['None'];Not_Hate
nenahhudaenah;Mantul pa anis ngga cuma awe awe;['None'];Not_Hate
geddimembummi;Mantul pak e;['None'];Not_Hate
fhiniyuliaramadhanie;Mantul sakit gk tuh gk diakui rakyat;['None'];Not_Hate
basaduobaleh;Mantul sekali pak gubernur;['None'];Not_Hate
budiahmad263;Mantull;['None'];Not_Hate
italesmanawati;Mantull ini nama nya jemput bola;['None'];Not_Hate
athiyais_aza;Mantulll;['None'];Not_Hate
eddiputra;Mantullll;['None'];Not_Hate
mrs.riana;Mantulllll;['None'];Not_Hate
haerul859;Mantuul;['None'];Not_Hate
hashann107;Mantuul pak anis;['None'];Not_Hate
ajeng_suratmojo;Mantuull;['None'];Not_Hate
ailinwulandari;Mantuullll;['None'];Not_Hate
solihahsimpati;Mantuuul babeh;['None'];Not_Hate
diensss1;Mantuuull kachiaan hati nurani rakyat ga bisa di curangggiii broooo;['None'];Not_Hate
jhon.iskhand;Mantuuullll;['None'];Not_Hate
yomikurniati;Mantuuuul;['None'];Not_Hate
zainal_al_batawie;Manusia TAi;['None'];Not_Hate
sarwedi_06;Manusia gak punya malu;['None'];Not_Hate
tengkumeiranasrun;Manusia gini ni disebut apa ya ambik karung aja deh;['None'];Not_Hate
anne.suryadi;Manusia iblis;['None'];Not_Hate
apriadimuriana;Manusia kyak gini harusnya d karungin buang k laut;['None'];Not_Hate
yosiarianti72;Manusia najis;['None'];Not_Hate
agus_urake;Manusia nya pada palsu;['None'];Not_Hate
lussy_lim;Manusia sekarang semakin kasar dan sadis tidak ada tata krama lagi massyallah;['None'];Not_Hate
muhammad_iqbal6412;Mari berpisah dengan Indonesia;['None'];Not_Hate
adisupriadi432;Mari kita doa kan mudah an p Anis diberi kesehatan sama allah Aamiin;['None'];Not_Hate
agus086338;Mas brooooo NKRI itu dr sabang sampai merauke ktnyaaa bkn sumbar doaaaang itu sih wkt sy sd marilah sdr kt bangun sesuai dg kemampuan kt mulai dr dri kt klrg kita yg nanti utk anak cucu kita utk modal setelah kita mati;['None'];Not_Hate
sakasumanthana;Masalah hati tidak bisa dibohongi;['None'];Not_Hate
evisofiyah_12;Masalah ny kecurangan ny ini loh min;['None'];Not_Hate
rifqi_aufarabb;Masalah utamanya apa Gw rada bingung;['None'];Not_Hate
di_ancok13;Masalahnya apa min N_Target tolong dijelaskan;['matahatirakyat'];Not_Hate
bagoesmasy;Masalahnya apa ni Min;['None'];Not_Hate
khairiridha212;Masalahnya batas presiden x bisanya Mana bisa capres ke xnya Pasti di ganti yg lain makanya partai nasdem gerak cepat Soalnya anies udah populer x pada masyarakat Indonesia Pinter cerdas jujur Pentingin rakyat Dan bijaksana Berprestasi pula;['None'];Not_Hate
mulia.ps;Masallah;['None'];Not_Hate
siirfann;Masgondroong ngomong opoo ikiii;['None'];Not_Hate
atik_a.s;Masha Allah;['None'];Not_Hate
akhwat.hijrah216;Masha Allah Bung Karno;['None'];Not_Hate
lystevany;Masha Allah pak Prabowo selalu di Hati;['None'];Not_Hate
andikawan;MashaAllah tabarrokallahu Fiikum;['None'];Not_Hate
rina.athaya271209;Mashaa Allah;['None'];Not_Hate
inayat47;MashaaAllah ALLAHUAKBAR KERENNN;['None'];Not_Hate
sittihjr567;Mashallah;['None'];Not_Hate
eedi6377;Masih ada harapan;['None'];Not_Hate
fatihkha;Masih blm dilantik santai aja kita msh blm tau sandiwara yg sdh Allah siapkan utk N_Target selanjutnya;['prabowo'];Not_Hate
asriamin;Masih dak percaya c doi tukang bohong akibatnya begini dibui pembelaan dak ada insentip tinggal angan berharaplah kartunya dak bohong;['None'];Not_Hate
oreo9786;Masih dibilang hoax gak yah;['None'];Not_Hate
masdaippob;Masih mau mbayar saja masih beruntung kok mau di naikkan secara paksa;['None'];Not_Hate
arifaris_city;Masih mending lah Drpd gak bisa wudhu gak pernah solat jumatan klo mau nyalon ja;['None'];Not_Hate
gilang_sydn;Masih nunggu kelanjutannya nih bebas pake materai trus minta maaf atau di penjara atau dituding bahwa orng itu gila Masih penasaran gua;['None'];Not_Hate
irvanjuanidi;Masok bos kaji;['None'];Not_Hate
lussy_lim;Massyaallah gak takut mati beneran ya;['None'];Not_Hate
bengkellasharmonika;Masuk;['None'];Not_Hate
nofrian_muhamadakbar;Masuk Akal juga sih tapi kami percaya TNI;['None'];Not_Hate
ismi163;Masukin comberan aja;['None'];Not_Hate
dedi8740;Masukin karung lempar dijurang selesai gtu jha repot;['None'];Not_Hate
mgrb.mgrb;Masukin parit jak;['None'];Not_Hate
yuddihendarsyah;Masukkan ke penjara saja manusia seperti ini sok jago;['None'];Not_Hate
artatyardiyati_eys99;Masya ALLAH Salam sukses sll Pak Anies;['None'];Not_Hate
dapoerbuninchj;Masya Allah;['None'];Not_Hate
kikiii.83;Masya Allah Allahhu akbar ini kmrn pawai obor diBogor;['None'];Not_Hate
supriatna2506;Masya Allah Smoga pak slalu shat dg lindungan Allah;['None'];Not_Hate
hadipsoeratman;Masya Allah moga pak gubernur slalu sehat;['None'];Not_Hate
uunmunawaroh61;Masya Allah moga sehat selalu Pa Anies;['None'];Not_Hate
latifah_chairina;Masya Allah pak Kok berasa presiden ya;['None'];Not_Hate
arman_albantani;Masya Allah ruaaarrr biasa Mantaaaaaaaaaaabb pak Anis;['None'];Not_Hate
pempek_jasmine;Masya Allah sehat selalu bpk smga selalu dlm lindungan Allah;['None'];Not_Hate
rosaniyya09;Masya Allah smg terjadi;['None'];Not_Hate
bundhaadnan;Masya Allah tabarakalah sht sllu pk pntang mnyerah;['None'];Not_Hate
irdanniaa;Masya Allah yg lewat siapa yg dielu kan Prabowo Prabowo;['None'];Not_Hate
iis_0279;Masya Alloh;['None'];Not_Hate
kunadnanm659;Masya Alloh dl kala sy pengagum beratnya luluh lantak dan hlg seketika stlh beliau msk jd teamses org sono dan menjelek jelekan pak Prabowo bahkan menjd sangat benci tp skrg Alhamdulillah stlh tau beliau pak Prabowo yg ambil dan Insya Alloh menjd baik skrg kekaguman mulai ada lagi Smg ttp istiqomah dan tdk loncat sana sini Sehat dan sukses sll mas Anies Aamiin Ya Robbalalamiin;['None'];Not_Hate
abwhoami;Masya allah;['None'];Not_Hate
ha.nif6474;Masya allah Saya berharap makin banyak pemimpin yg soleh;['None'];Not_Hate
adityanya_aan;Masya allah semoga anak kita seperti dia aminn;['None'];Not_Hate
fegafee;Masya allah tabarakallah;['None'];Not_Hate
zindanabi;MasyaALLAH TABAROKALLOH;['None'];Not_Hate
ifantiyani;MasyaAllaaaaaah BENER BGTTTTT;['None'];Not_Hate
ifantiyani;MasyaAllaaaaaah smg Allah SWT senantiasa menjaga Habib Rizieq dan laskar FPI beserta keluarga nya AamiiN YRA ULAMA;['None'];Not_Hate
ritayulyanti_maloto;MasyaAllah;['None'];Not_Hate
ma2kirasya;MasyaAllah Allahu Akbar;['None'];Not_Hate
aqil.raffi.9;MasyaAllah Pemimpin yg cerdas Arif dan bijaksana rendah hati gubernur super sekali;['None'];Not_Hate
sunanik65;MasyaAllah sehat slalu pak Anies;['None'];Not_Hate
reni.noviyanti;MasyaAllah semoga Allah merahmati pak N_Target;['aniesbaswedan'];Not_Hate
anehtusagi;MasyaAllah setuju sekali;['None'];Not_Hate
viga1212;MasyaAllah tabark Allah;['None'];Not_Hate
darpa_ailurophiles;MasyaAlloh;['None'];Not_Hate
rubaiah657609;MasyaAlloohhh;['None'];Not_Hate
d.___________0;Masyaa Allah;['None'];Not_Hate
hj.ratnawatimisran;Masyaa Allah indahnya kebersamaan merajut kebangsaan;['None'];Not_Hate
riskyyantilubis;MasyaaAllah tabarokalloh;['None'];Not_Hate
tutijm2477;Masyaallaah pak anies capres yad y pak;['None'];Not_Hate
arifinsmhd;Masyaallah;['None'];Not_Hate
lusy.show;Masyaallah bangganya sayaaaaaaa Bangga padamu pak N_Target sbaswdan Bangg;['aniesbaswedan'];Not_Hate
reni_yellowsun24;Masyaallah kebanggan indonesia;['None'];Not_Hate
nn_acecories_xuping;Masyaallah sehat sll habib SMG ALLAH sll melindungi dimanapun habis Rizieq Shihab berada aammmiiinnn;['None'];Not_Hate
ramayanirasya;Masyaallah smoga slalu dalam lindungan allah pemimpin idaman rakyat;['None'];Not_Hate
dwil3566;Masyaallah tabarokallah;['None'];Not_Hate
shabarina;Masyaallah terpampang nyata ya gaeeesss;['None'];Not_Hate
indria1_indri;MasyaallahN_Target;['laras_srn'];Not_Hate
jo.han1967;Masyarakat sekarang sudah pintar dan tidak bisa dibohongi;['None'];Not_Hate
tocip6633;Matamu it;['None'];Not_Hate
mayang5582;Matamu picek;['None'];Not_Hate
sumatra_utara_news;Mati kauu binatang;['None'];Not_Hate
yolan234;Mati listrik Damascus terulang lagi di Indonesia;['None'];Not_Hate
sulfridawati;Matikan aja manusia iblis neh jijik x dengar mulut nya neh;['None'];Not_Hate
mbobyramadhan;Matilah biarlan anjing anjing berpesta babi;['None'];Not_Hate
dwiyuliana_putri;Matilah kau dlm kehinaan kaum munafik;['None'];Not_Hate
babay2_2;Mattiinn skaliann;['None'];Not_Hate
indonesian_students_army;Mau Banget min;['None'];Not_Hate
metri.saputra;Mau Dibawa ke mn peradaban Negri Ini Wahai Saudaraku yg Di Papua pertahankan NKRI Kt demi keutuhan Kt bersama;['None'];Not_Hate
mr._vicky051089;Mau cari surplus kita yg mampus gak udeh;['None'];Not_Hate
argaswega;Mau di sembelih buat kurban tp dagingnya haram;['None'];Not_Hate
rikoseptianton;Mau khilafah gak lu kalo gak berikan alasan menurut Alquran;['None'];Not_Hate
pengemis_kasih13;Mau komen sudah di wakili kepsen;['None'];Not_Hate
3012arjun;Mau komen takut di ciduk dan di cap radikal;['None'];Not_Hate
glumoryfacebeauty;Mau merawat kecantikan kulit memelihara kesehatan tubuh serta aman dikonsumsi bagi Ibu menyusui Yuk Kak cek di Bio kami ya Makasih;['None'];Not_Hate
miyati_herbal_peninggi_07;Mau nambah tinggi badan cm Konsultan langsung ke whatsap kita kak;['None'];Not_Hate
kabayan_08;Mau nanya idiologi pancasila negara mn saja yg pakai Dan sudah kah memakmurkan rakyat Tanya yg paham tolong jelaskan;['None'];Not_Hate
rina.athaya271209;Mau ngakak takut dosa wakakakakkkk;['None'];Not_Hate
gumelarrukuns;Mau ngatain boleh ga;['None'];Not_Hate
laila_.sahara;Mau nipu rakyat gak kompak;['None'];Not_Hate
4yi_ri;Mau skrg ajaaa Jd Presiden;['None'];Not_Hate
nurin_herbal_peninggi_03;Mau tambah tinggi cm dalam minggu;['None'];Not_Hate
ali_h_sangun;Mau tanya UU atw aturannya Presiden dan Wk Matihampir bbarengan apa pemilu ulang atw dtntukan oleh MPR ssuai usulan partai pengusung;['None'];Not_Hate
ksatria_nol_dua;Mau tidur jam kek mau tidur gak bangun lg kek emang gue pikirin;['None'];Not_Hate
irma_suhardjo;Mau videonya dong min;['None'];Not_Hate
elhilda_sujana;Mboke kena tuh;['None'];Not_Hate
izal_mine;Mcm binatang tu org main tendang aja Rakyat mau cari mkn oi Sadar sikit otak di pakek;['None'];Not_Hate
ndra_ben268;Media itu tergantung sapa yg bayar yg bener aja lu tong tidur yg cukup dlm sehari itu adalah min jam klo kurang dari jam maka akan kelelahan lalu MATI;['None'];Not_Hate
awisuzuki;Media luar aja udah memprediksi;['None'];Not_Hate
herry_triant_5;Mediaa media taikk;['None'];Not_Hate
inakhairrina;Memalukan;['None'];Not_Hate
puteri_hijau__;Memalukan saya aj yg nonton video nya malu bgt tapi dia koq enggak ya;['None'];Not_Hate
zhytee_na_zulmi9;Membela Agama di curigai dan di persekusi LGBT di lindungi Anda Luar biasa makin sengklek;['None'];Not_Hate
linnydharma;Membudayakan promosi impor;['None'];Not_Hate
mochsoim99;Memindah ibu kota ya bagus daripada memindahkan ibu anda;['None'];Not_Hate
yuniartis5421;Menang Tpi Gk Lega Baru Ada Di Zaman Kini;['None'];Not_Hate
dewicontinent;Menang atau dimenangkan bu;['None'];Not_Hate
alsandrayunus;Menang di MK di lapangan ga tau dah;['None'];Not_Hate
atmam.elfaruq;Menarik;['None'];Not_Hate
asmorosamudro;Mencla mencle;['None'];Not_Hate
nikmageminygirl;Mending ahy aja;['None'];Not_Hate
kurnian08;Mending kluar dr BPJS lah;['None'];Not_Hate
awank5875;Mending pejabat itu mundur saja terlalu banyak nganu nya;['None'];Not_Hate
dp.dee;Mending uangnya buat bayar hutang bukan malah nyari hutang tambahan buat mindahin ibukota ckckckckck dimana ya kepalanya;['None'];Not_Hate
samudro6688;Mendunia ya Pas dech;['None'];Not_Hate
nurcholis671;Menggorok leher manusia lebih manusiawi dibandingkan membawa lambang tauhid gendeng Iki wong;['None'];Not_Hate
ien_bj_ghuchi;Mengorbankan Rakyat demi nama baik;['None'];Not_Hate
sulican37;Mengundurkan diri itu lebih baik ketimbang ga mau mengaku membeli bus rongsokan;['None'];Not_Hate
damiywikan;Mengurangi sampah plastik Bambu ramah lingkungan;['None'];Not_Hate
drwater_hongkong;Menjaga stamina kesehatan dan penyembuhan penyakit dengan terapi alami minum air rendam botol dr water made korea Miliki botolnya informasi dan konsultasiwa call;['None'];Not_Hate
suryahasomalan;Menjijikkan;['None'];Not_Hate
abah_37;Mental kurupuk;['None'];Not_Hate
mhd.syah;Mental pakde kuat bgt ya bagaikan tembok ber semen holsim kalau orang normal nya dh hncur tuh mental;['None'];Not_Hate
mayang5582;Menunggu berita duka cita manusia ini;['None'];Not_Hate
jejak_dwi;Menunggu muka mbaknya;['None'];Not_Hate
ryan.timtim;Menyambut perayaan kemerdekaan republik Indonesia d nodai;['None'];Not_Hate
hasmi_wo;Menyedihkan;['None'];Not_Hate
nicoagan;Menyibak air terpercik muka sendiri;['None'];Not_Hate
loved_km;Merampuwik;['None'];Not_Hate
jamalket;Merasa berkuasa;['None'];Not_Hate
ariodedy;Merdeka;['None'];Not_Hate
hlmfr_;Merdeka Papua;['None'];Not_Hate
denny_qthinxs;Mereka Bukan Cebong;['None'];Not_Hate
tjahyonoimam;Mereka cuma alat dikibulin;['None'];Not_Hate
romlirostiana;Mereka diadu dengan FPI tapi sdh ketahuan FPI tdk punya salah apapun dlm hal ini Alhamdulillah mereka tdk menyerang FPI;['None'];Not_Hate
lilalyla32;Mereka dikuasai nafsu kekuasaan yg tdk jauh dari uang pangkat jabatan dan membagi kekuasaan pd keluarga keturunannya Cara apapun akhirnya dilakukan Walau salah Walau berdosa Walau mengorbankan orang senegara;['None'];Not_Hate
herikurniawan43;Mereka ganteng tapi kok jijik ya liat nya;['None'];Not_Hate
syarwani08;Mereka juga dongok seh kemaren cuma diundang makan ke istana stlh itu lsg kayak orang kesetanan bela mati an skr mrk dibuang di tong sampah baru dah nyinyir;['None'];Not_Hate
benkspurnomo;Mereka lg naik daun;['None'];Not_Hate
pemilulucu;Mereka mengaku ormas islam tapi anti khilafah Ada yg bisa ketok palak sampe ketemu jawaban;['None'];Not_Hate
bujangbetuah.id;Mereka semakin diberi angin oleh pemimpin negeri ini;['None'];Not_Hate
syafruddin_bro;Mereka tulus jujur;['None'];Not_Hate
manusiatakkenal_lelah;Mereka yg menikmati uangx kita yg suruh bayar enak pala lo ya Siap nanti org g pake bpjs semoga allah berikan kita slalu kesehatan ya dan jgn sampai allah kasih kita penyakit yg berbahaya krna bpjs skrg bkn meringankan rakyat tp menyiksa rakyat;['None'];Not_Hate
nurhy3234;Meres rakyat;['None'];Not_Hate
zulvaritasyaf;Merinding mendengarnya lindungilah habib riziq ya Allah;['None'];Not_Hate
anisalestari28;Merinding ya allah;['None'];Not_Hate
ikkarischa.dni;Meski kalah pilpers tapi menang dihati rakyat;['None'];Not_Hate
yetsimin;Mg jd presiden pak aamiin;['None'];Not_Hate
muhzaray97;Min Ini kapan yah interview nya Gw coba tutup mata dengerin pk Anies bicara Alhamdulillah ucapannya saya ngerti Hehehe;['None'];Not_Hate
_adiel.y;Min N_Target kalo nggak salah denger mahasiswa papua itu mengibarkan bendera opm saat an kemarin Iya ndak sih;['matahatirakyat'];Not_Hate
syfha_ramadhan;Min apa bener mau ada revolusi;['None'];Not_Hate
rin2988;Min itu slide sengaja apa sengaja min;['None'];Not_Hate
abufaww;Min kalo mau lihat video fullnya dmn ya;['None'];Not_Hate
ryll_nuriill;Min ralat min itu bukan manusia;['None'];Not_Hate
aufgumeres;Minggaaat masss eke mending jaga gerejaa dapat nasi bungkus dan uang ngudud Lariiiiiiiii ada opmmmmmmm Hahaha Hahahaha Hahahaha;['None'];Not_Hate
deny_md23;Minggo orangvinibdibrangus aja kayakbanjing biar gak menyalak terus;['None'];Not_Hate
haryasenathegar;Minta diinjak batang lehernya;['None'];Not_Hate
jjunivan;Minta merdeka sepertinya;['None'];Not_Hate
angga_kamdap;Minta tolong kpu noh biar bebas kan video di sosmed gak bisa jadi alat bukti;['None'];Not_Hate
elkakiyan;Mirip AHOK;['None'];Not_Hate
sari18k;Mirip denzel washigton gak sih;['None'];Not_Hate
fei_amaru;Mirip mafia Hongkong tampangNya;['None'];Not_Hate
irma_ais1929;Mirip min waktu mudanya;['None'];Not_Hate
t4ntri_27;Mirip penyanyi lagu jawa sapa dah;['None'];Not_Hate
bayupribadi84;Mirip yg kemarin kalau marah;['None'];Not_Hate
ailinwulandari;Miris;['None'];Not_Hate
nq_kids;Mirisss;['None'];Not_Hate
vinspt11;Mksdny gmn ni Pedagang kecil gk boleh jualan lg;['None'];Not_Hate
hepy_to;Mm ini ada buktinya knp ga dipake MK kasian ya mbae n pae;['None'];Not_Hate
alisumarni83;Mmg ad pengcoblosan surat suara jd bingun aq;['None'];Not_Hate
yenitetriyana_;Mmg cocok ya jd presiden doain ya bu presenter kan enak kalo presiden bs d ty ty gitu dan jwbnya juga mantull;['None'];Not_Hate
bambang.suryadi.7731;Mmg pemimpin yang mampu;['None'];Not_Hate
h3nfr1.002;Mmmhhh yg kebanyakan untung cukong SPBU rakyat kecil mah kebagian imbasnya;['None'];Not_Hate
dmmutiara1;Mntaaaappp jiwa pak Anies sukces selalu Amin Ya Robbal Alamin;['None'];Not_Hate
qayyumbungsu;Mntap;['None'];Not_Hate
antoniajja72;Mntap siapa yg lurus akan trbuka smuanya amin;['None'];Not_Hate
eninadzkizahra;Mo diganti sm pekerja asing kynya;['None'];Not_Hate
suharyadiprihatin;Mobilnya bagus bagus;['None'];Not_Hate
soeryo2011;Modyaaaarrr ndazee kopyorrr;['None'];Not_Hate
arie_luthfi_;Moga mas N_Target segera mendapatkan hidayah Aamiin;['gusmiftah'];Not_Hate
cenraman;Moga moga dah harap harap moga moga benar;['None'];Not_Hate
agusendog;Mohon maaf ngga perlu di ingat lagi kita di akan saja mudah mudahan mereka Yg meninggal akibat kekerasan mendapat ampunan dan Rahmat Nya Aaamin;['None'];Not_Hate
oneesallimm;Momen epik nih N_Target N_Target;['iqbalmustian', 'syafiq_abdullah75'];Not_Hate
herawati_pane;Monggggoooo baca sejarah dulu yaaaaa biar lebih pintar;['None'];Not_Hate
nanapriya88;Monkey;['None'];Not_Hate
farhan.nulkarim;Monyet cukur rambut;['None'];Not_Hate
makhe.ra84;Monyet emang yg mindahin siapa yg dituduh siapa judulnya provokator;['None'];Not_Hate
rafadriansyah;Morning;['None'];Not_Hate
suwardiwiratama;Mpok Nur mah dijamin ajib;['None'];Not_Hate
rizqyalkharni;Mreka itu buta tuli dan muka tembok Revolusi sbelum terlambat;['None'];Not_Hate
kisuryo1108;Msih lama kok sdh mikir Jabatan;['None'];Not_Hate
akank_ewok_aja;Mu nanya emang Jokowi mirif prabowo ea sehinga Jokowi di teriyaki prabowo;['None'];Not_Hate
matahariinsani;Muantabb gus mmng itu yg sebenarnya terjadi;['None'];Not_Hate
fdnabill;Muantappp ngakak kwkwkwkk emng pinter dh;['None'];Not_Hate
wandiiswan332;Mudah Han pa Prabowo yg di lantik MPR kalau itu mengikuti aturan uu;['None'];Not_Hate
yasida1702;Mudah an Perusahaan PLN ini tidak dijual sama CHINA Min;['None'];Not_Hate
ariffandi21;Mudah an aja pasti nanti ada aja uud baru di bikin;['None'];Not_Hate
saepulbhary;Mudah bukan bencana untuk kalimantan;['None'];Not_Hate
belanugroho;Muka dan kelakuannya mirip;['None'];Not_Hate
banzarman;Muka gabener mirip bemper bemo;['None'];Not_Hate
afeng_fey;Muka kaya kontol babi ini orang;['None'];Not_Hate
andrie_alex;Muka lo kyk babi;['None'];Not_Hate
rizkiwhyu00;Muka nya kek kontol;['None'];Not_Hate
apriyantoputra_official;Muka tampolan;['None'];Not_Hate
irmaade386;Muka tembok mana ada malu y;['None'];Not_Hate
ciel_uciel;Mukababi;['None'];Not_Hate
mhdirza31;Mukaknya kek babi;['None'];Not_Hate
yudhicom;Mukanya ancur;['None'];Not_Hate
ermaprihartini;Mukanya dan hatinya jg palsu;['None'];Not_Hate
aldobaretski07;Mukanya kayak tai;['None'];Not_Hate
mas_haris;Mukanya tapok sandal aja mba ini mau viral;['None'];Not_Hate
erwinslametwinarno.sh.mt;Mulai berani mereka seenaknya dinegeri kita;['None'];Not_Hate
emmaria.kardiani;Mulai berani nih;['None'];Not_Hate
herudirgo;Mulai lageee;['None'];Not_Hate
mochanoy;Mulai nih china;['None'];Not_Hate
gunawan03.gw23;Mulai takut bersaing sama penjual eceran rupanya;['None'];Not_Hate
hastuti116;Mulaii;['None'];Not_Hate
vandti;Mulut e bau jengkollll;['None'];Not_Hate
ima.mariyama99;Mulut jamban tlg ngg usah di masukkin;['None'];Not_Hate
anggaferya;Mulut lames berbusaa;['None'];Not_Hate
nairajingga6059;Mulut nya;['None'];Not_Hate
oemieukha;Mulut nya seperti binatang yg dia sebut;['None'];Not_Hate
lucu2631;MunafiQun;['None'];Not_Hate
akbar17risky;Munafik;['None'];Not_Hate
alifamira12345678910;Mundur lah rakyat sdh ngga mau;['None'];Not_Hate
ruwinata;Mundur menurut dia bukan yg lain;['None'];Not_Hate
fennyrafinahrasyid;Mungkin Mendagri jarang buka medsos jd ketinggalan berita ttg HRS yg sngt PANCASILA;['None'];Not_Hate
drazatnans;Mungkin ada yg lg memperhitungkan kekuatan persatuan muslim di negara kita khususnya ya;['None'];Not_Hate
chepyadi;Mungkin dia masih ke ingetan ngentot anjing;['None'];Not_Hate
yogiandra3639;Mungkin dia otaknya lg kesleo kali;['None'];Not_Hate
yulialoveyr;Mungkin dia sndiri yg bakal mati ingat ada Allah;['None'];Not_Hate
ida130956;Mungkin kita lagi di adu domba pihak ke;['None'];Not_Hate
pengp0ng;Mungkin pas sakaratul mautnya bilang bukan urusan saya;['None'];Not_Hate
wienakbar;Mungkin saat itu dia lagi nyabu nyarap bubur;['None'];Not_Hate
arrijal_rifai;Mungkin salah ketik Tp memang Dr kesaksian orang kalau Jokowi lagi kunjungan ke daerah emang kadang sampai lupa makan Dan tipe yang spontan;['None'];Not_Hate
alfarizicute22;Mungkin sebagian besar masyarakat indonesia rindu akan sosok seperti mu Sosok seseorang yg benar memikirkan rakyat Sosok yg insya Allah benar mempunyai ke ikhlasan dalam membangun negeri ini Semoga engkau selalu istikomah dan amanah mengemban tugas yg di titipkan ke pada mu pak Sehat selalu untuk mu pak Semoga engkau selalu dalam lindungan Allah Aamiin;['None'];Not_Hate
jhank_91;Mungkin semuanya gda yg gratis;['None'];Not_Hate
1r_fun;Mungkin sudah dapat dana segaaaaaar;['None'];Not_Hate
agusgondrong14;Muunduuuuur;['None'];Not_Hate
paridah77;My governor;['None'];Not_Hate
adityaprayoga9091;My gubernur and the next presiden Indonesia;['None'];Not_Hate
dewisariati;My next president;['None'];Not_Hate
justicia_khizaku_kf;My presiden;['None'];Not_Hate
dadangnurjaelani;NAJJIISS;['None'];Not_Hate
bima_ardiansa;NASDEM sekarang mau meminang bang N_Target untuk kog bisa yaa;['aniesbaswedan'];Not_Hate
daau.qu;NGELES AJA;['None'];Not_Hate
randyrb_;NKRI HARGA MATI;['None'];Not_Hate
elia_setiadi;NO cukup JKt aja yg hancur jgn indonesia;['None'];Not_Hate
nvakbrsz;N_Target;['hamdanidhani86'];Not_Hate
emiwati63;N_Target AAMIIN;['nyimasweninggalih'];Not_Hate
bangke.togog;N_Target AHY prestasi apaan yg udah ahy lakukan non;['nikmageminygirl'];Not_Hate
dorayaki_transforming;N_Target ALLAHU AKBAR;['muserref_ozdalli'];Not_Hate
ijahmuis;N_Target ALLAHU AKBAR dengarkan ketika ada panggilan sholat dari muadzin yg mengumandangkan adzan ALLAHU AKBAR ALLAHU AKBAR kita jawab dg ALLLAHU AKBAR ALLAHU AKBAR;['roylast121'];Not_Hate
erosbbonepercentmc;N_Target ANEHHHH YA ANEHHHH SAJA Orang berprestasi malah tidak di hargai Terus berkarya Saudaraku Allahu Akbar;['nurjannah_699'];Not_Hate
hilvi_chan;N_Target Aaamiiin;['di2k_w'];Not_Hate
_antarina_;N_Target Aaamiiin yaa Allah;['henisri_rahayu2'];Not_Hate
mamalela3568;N_Target Aamiin;['tantipakamu'];Not_Hate
siti_ksmasud;N_Target Aamiin Aamiin Aamiin Yaa Rabbal Alamiin;['henisri_rahayu2'];Not_Hate
hary_kar;N_Target Aamiin Allahumma Aamiin;['galery_fadila'];Not_Hate
y25s_212;N_Target Aamiin Allohumma Aamiin;['muhammad_zainuddin9151'];Not_Hate
tjuwita39;N_Target Aamiin Ya Alloh;['hannasyukurr'];Not_Hate
tjuwita39;N_Target Aamiin Ya Robbal Allamiin;['henisri_rahayu2'];Not_Hate
yulieafie_suryadewie;N_Target Aamiin Yaa Allah;['m'];Not_Hate
siti_ksmasud;N_Target Aamiin Yaa Rabb ku;['bangpoh86'];Not_Hate
arifin.nurdin.717;N_Target Aamiin Yaa Robbal Alamiin;['henisri_rahayu2'];Not_Hate
koswarayusup;N_Target Aamiin Yaa Robbal alamin;['indah_trijoko_m'];Not_Hate
adiaabadiana;N_Target Aamiin as soon as possible;['premantobat073'];Not_Hate
dorayaki_transforming;N_Target Aamiin semoga ya khy;['luth'];Not_Hate
zayka_d24;N_Target Aamiin smga sgera dipertemukan dgn jodoh dunia n jannah;['premantobat073'];Not_Hate
fatkhul.mujib.5817;N_Target Aamiin ya ALLAH;['____enz'];Not_Hate
afif_izulhaq;N_Target Aamiin ya Allah;['naisyah345'];Not_Hate
pelangi_air_mata;N_Target Aamiin yaa Rabb;['opik_cahya'];Not_Hate
pelangi_air_mata;N_Target Aamiin yaa Robb;['sasridaaaa'];Not_Hate
nazath_umnagat;N_Target Aamiin yra;['ananuryanah67'];Not_Hate
ihsnalfata_;N_Target Aceh Selatan;['zumuctar0879'];Not_Hate
pejuangislam466;N_Target Ahsiappp;['zidrifai_'];Not_Hate
islam_cahayahidupku;N_Target Alahamdulillah semoga postingan kami selalu memberi mamfaat untuk mbaknya semoga selalu istiqomah ya;['nadinkey_a'];Not_Hate
dorayaki_transforming;N_Target Alhamdulillah;['fathaskari'];Not_Hate
premantobat073;N_Target Alhamdulillah baik dia aman;['gunadiiiiii'];Not_Hate
kolam_cebong;N_Target Alhamdulillah polisi sama saya lebih pinter saya;['pelangi_air_mata'];Not_Hate
pelangi_air_mata;N_Target Alhamdulillah utk apa;['ariefzaifullah6'];Not_Hate
imamsupriyatman81;N_Target Alhamdulillah ya Allah;['premantobat073'];Not_Hate
melody_simfony_memory;N_Target Allah SWT tunjukan siapa yg benar dan pura benar Secara tdk sengaja dan lgsung mereka membuka kedok sendiri;['mas_ipal'];Not_Hate
premantobat073;N_Target Allahu Akbar;['darpa_ailurophiles'];Not_Hate
um1__f4r1z_07;N_Target AllahuAkbar;['wahyu_wibi212'];Not_Hate
umma_uma22;N_Target Allahuma aamiin;['rika3082'];Not_Hate
nikuctciiuu;N_Target Amiin;['shabbyhomset'];Not_Hate
nanikdyahanggraeni;N_Target Amiin Ya Robbal Alamiin;['henisri_rahayu2'];Not_Hate
nelvyhanafi;N_Target Amin Amin Amin ya Allah;['henisri_rahayu2'];Not_Hate
nabrisputra;N_Target Amin YRA;['kolektor_rombenx'];Not_Hate
abu.hafiz.02;N_Target Apa kabar;['gusmiftah'];Not_Hate
jejak_akhir_zaman;N_Target Astagfirlooh min;['ismailkohar'];Not_Hate
bagaskara212.313;N_Target Awas makar;['eninadzkizahra'];Not_Hate
premantobat073;N_Target Ayuk hehe;['rin2988'];Not_Hate
sariastuti2;N_Target Baarakallah;['rezka'];Not_Hate
mujahidahmungil;N_Target Baca Yang Teliti Plus Dengarkan Dengar Jeli Juga dan Buka Hati Lebar Agar Merima Kenyataan Pahit Yang Ada Karena Kenyataan Itu Tidak SEINDAH Janji Omongan Dia;['yannaiddris'];Not_Hate
raaraaa_09;N_Target Beda persi dengan yg disampaikn baca sj atau nonton tv sj biar jls adanya kecuali anda berada dilokasi kejadian jd bisa menjelaskan apa yg terjd sesungguhnya Atau anda hanya menerima dan mwndapat info doang;['matahatirakyat'];Not_Hate
ozusano;N_Target Belum In Syaa Allah tahun depan;['darmadi1665'];Not_Hate
flateart73;N_Target Belum kondusif Klo di media maenstrem katanya sudah kondusif tapi fakta nya;['beril_rdr'];Not_Hate
mfbfarizb10;N_Target Benar banget Padahal banyak banget loh cewek cantik dan seksi disana Bisa kagak gitu jadi manusia normal;['dayak162'];Not_Hate
pejuangislam466;N_Target Berdo a aja bray;['daniakbar9691'];Not_Hate
iyasa5;N_Target Betul;['fityalifia'];Not_Hate
mfbfarizb10;N_Target Betul banget Padahal banyak banget loh cewek cantik dan seksi disana;['eem_kurnia'];Not_Hate
pejuangislam466;N_Target Betul bray;['atiks_63'];Not_Hate
hary_kar;N_Target Betuuull gak becus;['dayak162'];Not_Hate
andrizuhri;N_Target Biar kelihatan kalau kualitasnya memang ga ada;['agungkartika65'];Not_Hate
ozusano;N_Target Bukan Urusan Saya;['darmadi1665'];Not_Hate
dedegpidekso12;N_Target Bukan jadi kompor pembelajaran saja buat emak yg sok an mo maen politik bela sambil membabi buta padahal gak sadar politik itu tidk ada kawan sejati dan lawan abadi Sampai harus meninggalkan tugas sebagai istri dan ibu bagi anak Hiksssss;['sriumamah'];Not_Hate
deden_aditama76;N_Target Bukan urusan saya;['joejericho52'];Not_Hate
umma_kamal;N_Target Ciyeee sewootttt;['indonesia1700945'];Not_Hate
pejuangislam466;N_Target Emang;['ida130956'];Not_Hate
padangdesigninterior;N_Target Emang ada yg gak sesungguhnya mas;['ajawiwin04'];Not_Hate
tatang.mardiana;N_Target Ga nyambung kalau di tv lokal di sensor kalau tv asing ga pasti ada juga keterlibatan asing masalah Papua;['wawanloblobly'];Not_Hate
ariesabuhabibie;N_Target Good Morning Mai Kon tree Good Day rasa Capucino wkwkw;['wahyu_ashari89'];Not_Hate
dhinsy_1718;N_Target Hahahaha;['dicky_suyitno'];Not_Hate
dinaputri607;N_Target He Gak tau namanya juga politik;['annahfarhana'];Not_Hate
susanto1305;N_Target He he he Koq bisa seh londo dari bahasa Indo pas lagi Kamu dari sono yo;['fityalifia'];Not_Hate
kang_hidayat_official;N_Target Hhmmm;['haerudd5'];Not_Hate
dorayaki_transforming;N_Target Hihi mungkin dia tau cara melantunkan itu syair tp tdk tau arti dr syair itu sendiri min;['uchiha'];Not_Hate
rizki_harun;N_Target Hormati keputusan MK prabowo juga sudah mengucapkan selamat haha;['rahmadhani1717'];Not_Hate
dorayaki_transforming;N_Target Huumt tukang cilok jg bs klo cuma ngeluarin statement ky gitu sih;['sri'];Not_Hate
nakamura1987_;N_Target I love indonesia;['pejuang1745'];Not_Hate
zuneefi;N_Target Ikutilah ulama lurus agar islam anda dalam ridho Allah;['indra_haeruddin'];Not_Hate
henisri_rahayu2;N_Target In Syaa Allooh masih bisa diobati dengan berhijrah mam maafff;['nelvyhanafi'];Not_Hate
luth.7.4_;N_Target In sya Allah neng arien jgn kita biarkan iblis banyak temannya di neraka;['__akhwat'];Not_Hate
dorayaki_hayabusa;N_Target Innalillahi;['muh_arvi_an_najim'];Not_Hate
hary_kar;N_Target Insya Allah;['rafi___al___khadafi'];Not_Hate
noor_khaz;N_Target Insya Allah ma bro;['kojiro'];Not_Hate
alvaro.fathir0120;N_Target Iya aneh apa maksudnya coba mau pindah ibu kota;['sayadi_umang'];Not_Hate
muslimfeldy;N_Target Iya juga siih;['boendagisya'];Not_Hate
ummu_ahmad_yusuf_harun_arasyid;N_Target Iyap;['hariyanto5971'];Not_Hate
umi_waljinah;N_Target Jahatnya manusia kita yg berusaha utk berbaik sangka seolah terkadali;['cebihunter'];Not_Hate
zidrifai_;N_Target Jokowi menang bagi pejabat dan pemerintah tapi klo di hati rakyat tetap Prabowo;['hampir'];Not_Hate
agung_f1s10;N_Target Junjungannya gimana seh masa bisa bgtu;['eko_agustin12'];Not_Hate
biankaz51;N_Target Just cheerleader;['arisahano10'];Not_Hate
nurrrhidayyy;N_Target KIS Haha;['regarborneo'];Not_Hate
fat.ma947157;N_Target KRN UDH DIVKONDISIKN;['yudho11'];Not_Hate
momovele;N_Target Kaka terimakasih sudah mampir Maju terus kami bersamamu;['kabar_manokwari'];Not_Hate
iyasa5;N_Target Kalau ngaca malu lihat mukanya sendiri say;['dinaytalavie'];Not_Hate
abdillah_sng;N_Target Kalau untuk pembersihan warung Remang Karaokean Atau tempat Berzina satpol PP kota medan sudah capek merazianya Itu saja orangnya Di tambah mungkin sama terkuat membekinginya;['abdillah_sng'];Not_Hate
dedegpidekso12;N_Target Karena emak dan para remaja baru melek adalah kaum yang paling mudah di eksploitasi oleh para poliTIKUS DEMI SYAHWAT KEKUASAAN;['sriumamah'];Not_Hate
pelangi_air_mata;N_Target Kek nya sama aja bng;['agus_clalu_kngen_kmu'];Not_Hate
iank_rala;N_Target Kita cuma menyampaikan apay yg ad d kitab suci kami;['riccardo_daelli'];Not_Hate
momovele;N_Target Kita doakan indonesia tetap utuh dari sabang sampai meruke;['davkalendra01'];Not_Hate
nst.al.sandi_irsan;N_Target Knp gk d sembelih aja siih sekalian;['__akhwat'];Not_Hate
nndy_r;N_Target Kok aku yg greget sih;['septiaasn'];Not_Hate
di2k_w;N_Target Kok doakan orang yg gak baiik broo;['farrel'];Not_Hate
di2k_w;N_Target Kwatir berbalik ke yg mendoa kan dan di Aaminkan malaikat;['farrel'];Not_Hate
abiqfath;N_Target MAMPUS MAH PASTI MAMPUS;['julian_isham'];Not_Hate
rahayu_maurer16;N_Target MERDEKA;['prasetyo1967'];Not_Hate
diyan_samijo;N_Target MK mengatakan itu bersih tapi kenapa bisa terjadi kasus seperti ini;['alitaryatridana'];Not_Hate
jaleranku_saka_kulino;N_Target Ma af sebelumnya aku tak ada sepersen pun untuk dibayar hanya saja ingin tau keadilan dan demokrasi Indonesia sekarang bagaimana nyatanya;['regular_house_cat'];Not_Hate
matahatirakyat;N_Target Mahasiswa papua yang diseret paksa dan dipukul oleh aparat ketika aksi damai kmren agustus;['arifin'];Not_Hate
nst.al.sandi_irsan;N_Target Main ke ig ku juga doong;['hijrah5'];Not_Hate
ummu_ahmad_yusuf_harun_arasyid;N_Target Mantull;['haram'];Not_Hate
r3z1m_r1weuh17;N_Target Maranehna saya Jadi tidak saling membahayakan;['prengki128'];Not_Hate
eninadzkizahra;N_Target Masa sih;['bagaskara212'];Not_Hate
bengkuluuhijrah;N_Target MasyAllah bisa kebetulan nian dank Itulah dank mati ck itulah yg kito samo harapkan tapi semoga di luar aktifitas kito yg lain tetap sering menyebut namo Allah krna kata Rasullullah manusia mati itu karna Kebiasaan sehari ny;['dank_feb'];Not_Hate
islam_cahayahidupku;N_Target Masya Allah benaran mbak;['indyraa04'];Not_Hate
ikemen_tv;N_Target MasyaAllah terima kasih semoga panjang umur dan sehat selalu sekeluarga saudaraku Aamiin;['rauf_9933'];Not_Hate
ahmad0809_gw;N_Target Mbah Google ada Ka;['pr'];Not_Hate
imamsupriyatman81;N_Target Mimin jomblo Udeh nikah ato otw nikah Puyeng dah jwbnye;['premantobat073'];Not_Hate
bahar_imamkhanafy;N_Target Mimin nya juga gak tau Persih apa yang terjadi sesungguhnya kalau tak api pasti tak ada asap;['matahatirakyat'];Not_Hate
lulu_il_maknun010918;N_Target Minggat;['papa_hiko'];Not_Hate
aakmoko_do;N_Target N_Target;['robi_gunawan96', 'gusmiftah'];Not_Hate
ibnudwisanjaya;N_Target N_Target N_Target;['m', 'mazwansyahfiqih', 'irfan'];Not_Hate
marc_for_nkr1;N_Target N_Target N_Target N_Target;['banser_nusantara', 'banser_nasional', 'banserindonesia', 'gp'];Not_Hate
moest_tika;N_Target N_Target N_Target N_Target N_Target;['prabowo', 'sandiuno', 'mardanialisera', 'aniesbaswedan', 'presidenilc'];Not_Hate
iindinata1702;N_Target N_Target N_Target N_Target N_Target N_Target N_Target N_Target;['jokowi', 'jokowi', 'fahrihamzah', 'prabowo', 'prabowo', 'sandiuno', 'mahkamahkonstitusi', 'humasmahkamahagung'];Not_Hate
yudysuhandana;N_Target N_Target N_Target N_Target horee cess;['brodykariarta', 'dwiseptiawan', 'gusombax', 'nandababe123'];Not_Hate
vishal.malik_;N_Target N_Target huuu;['yuli', 'jokowi'];Not_Hate
ebboott.04;N_Target N_Target is my president;['putrinailah64', 'prabowo'];Not_Hate
sri_markidi_markido03;N_Target N_Target jangan mempecah belah kaum muslim;['sri_markidi_markido03', 'gusmiftah'];Not_Hate
sandinovem;N_Target N_Target liat nohh;['banser_nusantara', 'banser_nasional'];Not_Hate
putrinailah64;N_Target N_Target malu gk si lw;['s', 'ebboott'];Not_Hate
adam_firdausss;N_Target N_Target mantul nih wkwk;['massuwann', 'rahmats_21'];Not_Hate
shellynurulmarfita;N_Target N_Target ngakak aku tuh;['sfisps', 'damai_syafawi'];Not_Hate
sivittfitry;N_Target N_Target pa kiayi kalau ini gbs jd bukti kecurangan ya;['ahmad_jamyaby', 'yusufmansurnew'];Not_Hate
herman.madrid;N_Target N_Target prabowo;['herusaputro_', 'traytri'];Not_Hate
azzquerra_mode;N_Target N_Target tolong di ciduk ya Makasih;['divisihumaspolri', 'komnas'];Not_Hate
mohammed_iqbal24;N_Target N_Target untuk pemimpin indonesia;['aniesbaswedan', 'sandiuno'];Not_Hate
khajiluki;N_Target Nah Ini Dia Komen Yg Di Tunggu;['4yi_ri'];Not_Hate
wahyu_untunq;N_Target Namanya juga politik kak Kita nikmatin aja dulu;['nanabehind'];Not_Hate
henisri_rahayu2;N_Target Nastagfirullah Aamiinnn;['farrel'];Not_Hate
faazaa2778;N_Target Nauzu Billah;['afrah3447'];Not_Hate
fir0701;N_Target Ngapain di gebukin rame Nanti malah diciduk Hukum sekarang kan kayak gitu Sniper aja dari jauh Shot pas pala nya Pasti mati;['mariamaryam350'];Not_Hate
astara.widi;N_Target Noh d katain lu bang;['teddygusnaidi'];Not_Hate
lenny_maelani82;N_Target Nyalakan sinyalmu;['tia_ristawaty'];Not_Hate
fdortmund_id;N_Target PS jadi king maker aja biarin yg muda yg maju;['bomaadss'];Not_Hate
zakysef;N_Target Paan si luh gk jelas banget ngomong apa ngedumel seh;['roylast121'];Not_Hate
arifin.nurdin.717;N_Target Pak PRABOWO SANDI yang di Lantik;['rosebenny_7420'];Not_Hate
hendrihrdnt;N_Target Pak ko gini sih hmm;['jokowi'];Not_Hate
fikri_alqifari15;N_Target Pak please lah kok diem aja;['jokowi'];Not_Hate
januar_ouii;N_Target Prabowo;['rosebenny_7420'];Not_Hate
panji_djiepan;N_Target Presiden Kita laayy;['mhay_day'];Not_Hate
bryanakmal;N_Target Quraiys syi ah;['billymustofa'];Not_Hate
wawanloblobly;N_Target RAKYAT YANG MANA YA RAKYAT YANG PERCAYA INDONESIA BUBAR;['debrah_08_'];Not_Hate
debrah_08_;N_Target RAKYAT YG MANA RAKYAT YG INGIN PEMERINTAH TDK PRO ASENG RAKYAT MISKIN YG INGIN SEJAHTERA MSY MUSLIM YG INGIN PEMERINTAH TDK MEMBENCI FPI DAN BERSIKAP ADIL TRHDP ISLAM RAKYAT NASRANI YG NASIONALIS TDK MEMBENCI SESAMA AGAMA RAKYAT ANTI CHINA ANTI PKI DLL DST;['wawanloblobly'];Not_Hate
pejuangislam466;N_Target Repost aja gpp kok;['rajutanadhanie'];Not_Hate
eddy_mentor_paytren;N_Target SUMATRA BARAT Siap siap yaaaa;['wilson_hutasoit'];Not_Hate
bunda.dara.dzaky;N_Target Sama paha bkn muhrimnya;['barunawanaris'];Not_Hate
pejuangislam466;N_Target Sambil ngakak aowkaowk;['erwinisk'];Not_Hate
flateart73;N_Target Saya mengkaji tentang akhir zaman dari guru saya sesuai fakta dan ilmiah dan ulama di indonesia bahkan dunia turut saya pelajari untuk mendukung tentang kebenaran nya sesuai al qur an dan al hadist semua akan terjadi sesuai sunnatulloh seiring berjalan nya kehidupan hingga sebagian dari manusia tidak sadar bahwa mereka sedang berada dimana dan kondisi seperti apa Karena hari yg allah tentu kan pasti dan itu bagian dari ke imanan seorang hamba;['beril_rdr'];Not_Hate
momovele;N_Target Semangat bener bang;['omojak'];Not_Hate
beril_rdr;N_Target Sering nonton kajian akhir zaman ust Zul ust Rahmat Baequni mungkin bnr tahun startny Astagfirullahalazim;['flateart73'];Not_Hate
itsmekhansa__;N_Target So pasti itu tuman mereka;['kabayanvan'];Not_Hate
wawasalfi;N_Target Sok pinter tpi mlh sbliky Pinter y kga artiy Sama sxli alias pepesan kosong;['rianernest'];Not_Hate
uchiha.itachi05;N_Target Syairnya nyuruh jangan pacaran eh dia pacran;['__akhwat'];Not_Hate
nanaarridwan;N_Target Syedih yaaa;['naniindrarama'];Not_Hate
dorayaki_transforming;N_Target Syg bngt ya na udzubillah john sma deh kita anak cucu keturunan kelak ada jg seperti mereka na udzubillah;['herikurniawan43'];Not_Hate
ong_geng;N_Target TUNGGU AJ BOS TUNGGU YA SABAR TUNGGU PAKETAN LANGSUNGNYA INTINYA UDH Males gua NGELADENIN LUE mulai tadi ternyata nga NGERTI apa kagak tau baca Ni postingan mengajak atau memperkeruh kalo kebodohan itu jgn dilihat kn kepublik dibaca dulu judunya apaan;['puji_sutomoo'];Not_Hate
s.okta14;N_Target Tetap N_Target My President sesungguh nya;['putrinailah64', 'prabowo'];Not_Hate
omojak;N_Target Tobat pala lo;['wawanloblobly'];Not_Hate
abi_umi2019;N_Target Togog koplok kekal abadi di NARAKA jahanam Tah si jae;['r3z1m_r1weuh17'];Not_Hate
udinhayen;N_Target Togog udah susah idup susah diterangin lagi;['mjamallud1n'];Not_Hate
shantymawardi97;N_Target Total jam;['aliyahzaii'];Not_Hate
atiks_63;N_Target Tulll Sepemikiran;['kabayanvan'];Not_Hate
khajiluki;N_Target WA ALAIKUM SALAM WR WB;['ra'];Not_Hate
ummu_ahmad_yusuf_harun_arasyid;N_Target Waiyakii;['wijayakusuma436'];Not_Hate
idrus_djunaidi;N_Target Walikota Medan T Eldin Zulmi bukan Edi Rahmayadi;['ondysaputra'];Not_Hate
kang_hidayat_official;N_Target Wkwkwkw;['kissnha71'];Not_Hate
mfbfarizb10;N_Target Ya Moga aja deh gak ada acara begini di Indonesia;['affandi5335'];Not_Hate
samsuarofficial;N_Target Ya demikianlah kira kira Gaya ngomong omongan yang di bahas mimik dan intonasi tak ada bedanya spt gaya ngomong emak emak saat lagi ngumpul mengosip sambil duduk berjejer nyari kutu di rambut bergantian;['lilalyla32'];Not_Hate
popong_shucauw;N_Target Ya hati ada unsur provokasi ya jaga kan lebih baik sedia payung sebelum hujan kata pepatah;['okesiptop'];Not_Hate
dedegpidekso12;N_Target Ya kompor agar jangan lagi ada emak bodoh yang mudah di eksploitasi oleh para poliTIKUS busuk;['sriumamah'];Not_Hate
sutriyonov;N_Target Yes;['wantiayu089'];Not_Hate
paripurnanusantara;N_Target Yg paling duluan ngusung RK di Pilgub Jabar kan om Bewok ini;['pelangi_air_mata'];Not_Hate
ummu_ahmad_yusuf_harun_arasyid;N_Target Yups Hanya pada Alloh SWT saja kita umat Islam berharap;['hrln'];Not_Hate
sesamaulida;N_Target aaaamiiiiin;['pelangi_air_mata'];Not_Hate
oe_tama_67;N_Target aamiiin;['prasetya'];Not_Hate
oe_tama_67;N_Target aamiiin Allahumma aamiiiin;['henisri_rahayu2'];Not_Hate
oe_tama_67;N_Target aamiiin Allahumma aamiiin;['teuku_razali'];Not_Hate
yektisoemardi;N_Target aamiin;['jabrial66'];Not_Hate
erickginanjar;N_Target aamiin INSYAALLOOH doa antum dan ummat islam lain nya di ijabah;['manusiatakkenal_lelah'];Not_Hate
mvzd4lip4h;N_Target aamiin Yaa Rabb;['pejuang1745'];Not_Hate
nengniaw;N_Target aamiin Yaa Robbal alamiinkabulkanlah ya Alloh;['henisri_rahayu2'];Not_Hate
pejuang1745;N_Target aamiin Yang penting kita semua para pejuang medsos jangan pernah lelah berjuang;['mus_dza'];Not_Hate
lisawae_;N_Target aamiin aamiin yaa Allah;['henisri_rahayu2'];Not_Hate
abdi_mbm;N_Target aamiin allahuakbar;['peradana'];Not_Hate
premantobat073;N_Target aamiin bang insyaallah Abang juga ya wkww;['_alpasya_'];Not_Hate
premantobat073;N_Target aamiin bang makasih ya doanya;['rosmalizar'];Not_Hate
_assistant.marbot_;N_Target aamiin in syaa Allah dilancarkan niat antum min jan lupa kalo udah shodaqoh untuk anak yatim ya min;['premantobat073'];Not_Hate
_assistant.marbot_;N_Target aamiin in syaa Allah kita saling ingetin ya min antum udah maem lom min khan khan khan keterusan jadi lebay deh ane wkwkwk;['premantobat073'];Not_Hate
davkalendra01;N_Target aamiin selalu doa terbaik untuk Indonesia;['momovele'];Not_Hate
nanda_hwn;N_Target aamiin semoga lancar min;['keadilanrakyatindonesia'];Not_Hate
rahayu_maurer16;N_Target aamiin smoga yaahh surplus surplus surplus naik brp prsen aja blm tntu org stuju jgn berkali lipat yuk hidup sehaat senam yuk senam putar kekirine nona manis putarlah kekiri kekiri kekiri n kekiri kekiri manisee;['ummaaisy_fiti'];Not_Hate
dank_feb;N_Target aamiin van smga qt n keluaargo qt van wafat dlm keadaan iman islam baik dlm keadaan berwudhu dlm keadaan yg baik husnul hotimah aamiin;['bengkuluuhijrah'];Not_Hate
lina5255;N_Target aamiin y allah mari kita bdoa;['prasetya'];Not_Hate
neng_laela95;N_Target aamiin ya Allah;['jabrial66'];Not_Hate
setiarsihenny;N_Target aamiin ya allah;['devimariana43'];Not_Hate
qoni2039;N_Target aamiin yaa Allah;['henisri_rahayu2'];Not_Hate
rahmawatinelly;N_Target aamiin yaa Robbal aalamiin;['tantipakamu'];Not_Hate
hary_s_soeharto;N_Target aamiin yaa rabbal alaamiin;['jabrial66'];Not_Hate
kolam_cebong;N_Target aamin ya Allah ya rabbal alamin;['galery_fadila'];Not_Hate
asepmauludin105;N_Target aamin yrb alami;['teuku_razali'];Not_Hate
premantobat073;N_Target abis mahal wkwk;['premantobat073'];Not_Hate
irawadi_;N_Target ada anak dajjal;['mvpratama2018'];Not_Hate
premantobat073;N_Target ada basokanya;['narisayekti'];Not_Hate
agustinkharis;N_Target ada buktinya bu;['bunda'];Not_Hate
agusduriat48588;N_Target ada kapolri buat apa sih dikit pa president Ada pasukan intel pol kapolri buat apa pajangan;['anggaferya'];Not_Hate
1121richardrichard;N_Target ada pasti klo pesan di om N_Target;['khanza_7777', 'aniesbaswedan'];Not_Hate
pejuang1745;N_Target ada sedikit kisi dari habib rotan runtuhnya rezim TOGOG ini berawal dari kerusuhan papua Dan skrg terjadi In syaa Allah indonesia tetap utuh namun rezim saat ini lah yang akan hancur;['mus_dza'];Not_Hate
etikaghozali;N_Target aduuuh udh bnr ga bisa d kondisikan ya may;['mamayshine'];Not_Hate
d0r4y4k1.tokyo;N_Target afwan min mohon bantu share;['mitha4486'];Not_Hate
d0r4y4k1.tokyo;N_Target afwan say bantu share sbb kristenisasi sdh marak dan sdh berani terangan;['halimatussadiyah_77'];Not_Hate
dorayaki_transforming;N_Target afwan waiyaki waiyaka;['___'];Not_Hate
islam_cahayahidupku;N_Target agama kami tidak perlu anda tanya seberapa baik dan toleransi yang kami permasalahkan disini jualan babi ditempat umum dan disana mayoritas islam dan masalah kedua dia mengaku islam tapi makan babi dengan sadar itu sudah jelas menyalahi aturan dan telah kafir seperti orang bukan islam;['paulusnaeksitompul'];Not_Hate
___mataelang__________;N_Target agamya di ktp https m detik com news berita jawa timur d kejam begini cara pki bantai ribuan tokoh dan ulama di madiun;['mjamallud1n'];Not_Hate
abrahamduta86gma;N_Target ah itu menurut anda sy mau tanya jelaskan anis dgn janji TDK tepat apakah itu bukti;['nadiyyans'];Not_Hate
pangestu_muhammad_wb;N_Target ah yg bener;['yu_avan'];Not_Hate
alia_galb;N_Target ah yg punya komen mah gak bakal lihat yg mcm gini pokok nya jokowi ahok manusia paling bersih paling jujur paling merakyta sepanjang sejarah berdirinya indonesia hahaha;['emangchincai'];Not_Hate
alia_galb;N_Target ah yg punya komen mah gl bkl tau;['emangchincai'];Not_Hate
ahliannor_saikungan;N_Target ahaha bener bener dia udah kemakan nya jokodok makanya dia gitu;['reyhan_fbr'];Not_Hate
alle_man87;N_Target ahh sok tau lau bro Lau cm pencitraan kalii bro biar dianggep gawe di ppn Klo cm pake baju ppn biar dianggep gawe dippn gw mah jg bisa bro Wkwkwk Lau bukan bagian dr pengemis kartu nganggur yg gayanya selangit kan bro Wkwkwk Nganggur tp gayanya parlente sandang paling utama papan trus baru dah pangan Hahaha;['farrel'];Not_Hate
pejuangislam466;N_Target ahsiappp;['dinywijaya'];Not_Hate
yatnaafri;N_Target ahssssiiiaaap;['islam_cahayahidupku'];Not_Hate
lambelamesh;N_Target ahsyiaapp;['damarakids'];Not_Hate
pelangi_air_mata;N_Target aisshh Trus yg cungkring itu siapa bng btw boleh pinjem gubenurnya ngk gubenur ane cm bs korupsi ektp ma foya ngk jelas;['ahmad0809_gw'];Not_Hate
pelangi_air_mata;N_Target aisshhh Senemg ya kl ane diketawain bnyk orng;['si_izzat46'];Not_Hate
agungg_ryd;N_Target ajaran mu;['a_roji72'];Not_Hate
rahayu_maurer16;N_Target akan ada sanksi shaaay;['riakustanti'];Not_Hate
matahatirakyat;N_Target aksi new york agreement;['bahar_imamkhanafy'];Not_Hate
premantobat073;N_Target aku juga sama;['narisayekti'];Not_Hate
afkar_akhmad;N_Target aku setuju Bpk anis nyalon persiden tpi debat jgan pkek bahasa Inggris itu konyol Bangsa indo y Hurs pkek basa sendiri;['acincengir76'];Not_Hate
art_bonamas_rickys;N_Target akun asli masah fake hahahhahah;['medanimedani'];Not_Hate
mohsultoni70;N_Target akun ini andmin bisanya JENGGONG HUK HUK;['keadilanrakyatindonesia'];Not_Hate
nicoagan;N_Target akun instagram sy klo mo like ga bs di blokir;['y'];Not_Hate
joesiregar;N_Target alamak sampai hilang ngeri juga;['matahatirakyat'];Not_Hate
keadilanrakyatindonesia;N_Target alhamdulilah;['annasputrakaili'];Not_Hate
ugoxpratama;N_Target alhamdulilah udh mbak;['annasooofy'];Not_Hate
erickginanjar;N_Target alhamdulillah;['bamzwidodo'];Not_Hate
rahayu_maurer16;N_Target alhamdulillah bersyukur ya kita punya presiden dan mentri kompak bgtmau menjaga kesehatan kita;['sri'];Not_Hate
rahayu_maurer16;N_Target alhamdulillah kita bangga ya dg pilihan mereka;['sri'];Not_Hate
bravenia1204;N_Target alhamdulillah min;['nenden_ifanaly'];Not_Hate
keadilanrakyatindonesia;N_Target allahuakbar;['ghalia_33633344'];Not_Hate
defalinofarel;N_Target amiiin allahuma amiin;['annasputrakaili'];Not_Hate
agusdzaky;N_Target amiin;['malik_lizzie'];Not_Hate
rosebenny_7420;N_Target amiin moga ja terkabul;['januar_ouii'];Not_Hate
peradana.angga;N_Target amiin semoga allah membukakan penglihatan umat islam agar tau siapa sebenarnya yang selama ini menyembunyikan org org PKI hingga masih hidup sampai sekarang allahhuakbar;['abdi_mbm'];Not_Hate
keadilanrakyatindonesia;N_Target amin;['zainalarifin103'];Not_Hate
keadilanrakyatindonesia;N_Target amin allahuakbar;['annasputrakaili'];Not_Hate
sahibsofyanrahmat;N_Target amin kita doakan saja Entah gimana nanti apakah si jokowi yang akan dilantik jadi presiden atau gimana ya;['riki'];Not_Hate
ra.ngga148;N_Target amin ya robbal alamin;['henisri_rahayu2'];Not_Hate
cerita_bintang99;N_Target aminjj;['saepulbhary'];Not_Hate
apriloktavia;N_Target aminnnn;['islam_cahayahidupku'];Not_Hate
salsabilla_m2;N_Target ampun eee sa smangat sx kalo smpe terjadi;['ika'];Not_Hate
pelangi_air_mata;N_Target ampuuuun baaang Ini kn cm tebak an Wkwkwk;['malik'];Not_Hate
agusduriat48588;N_Target anak pramuka tepok pantat nya goyangin prabowo yuuuuuh;['romyapril91'];Not_Hate
mvzd4lip4h;N_Target ancur negri kita;['pejuang1745'];Not_Hate
pelangi_air_mata;N_Target ancuuuur bngt;['mar_dwi'];Not_Hate
rudin5452;N_Target anda aja di curangi aja ga trima apa lgi warga indonesia;['rizki_harun'];Not_Hate
idhaadha178;N_Target anda cina;['yusufswn'];Not_Hate
achmadbachtiar.actrans;N_Target anda dong yg harus buktikan jgn bs komentar doang buktikan klo anda bs sukses untuk diri anda;['yosiasimanungkalit'];Not_Hate
luff_vanderwich;N_Target anda jokower ya begitu;['perly_resky'];Not_Hate
easyjazzy;N_Target anda kliru mengasihani orang yg memperjuangkan kebenaran melawan ketidakjujuran;['toto'];Not_Hate
bagaskara212.313;N_Target aneh ya;['novanbanyoll'];Not_Hate
hartawan27;N_Target anjing;['muffftiii_'];Not_Hate
randyboysk;N_Target anjing kau;['jokowi'];Not_Hate
karunkbasah;N_Target antek yahudi;['gusyaqut'];Not_Hate
zaqi7792;N_Target anunyaa;['pelangi_air_mata'];Not_Hate
zumuctar0879;N_Target ap yg gak kw rasakan kluargamu pernah sakit gak ank mu skolah gak jalan yg kw lewati skrg bagus atw gak kw di aceh mana munafik kw;['ihsnalfata_'];Not_Hate
aku_pengikutmu1;N_Target apa Lo bilang provokasi yang dikatakan FH itu nyata kalau anda gak percaya ya udah Itu bukan urusan saya;['jibrilsoeharjo'];Not_Hate
pelangi_air_mata;N_Target apa bng;['rusma367'];Not_Hate
pangeranbelut;N_Target apa ente termasuk yang picek gan;['omansaga'];Not_Hate
nor_khadijah77;N_Target apa hub nya kabur an yg lu maksud Gag nyambung dah Lu bs ngerti gag sih itu lg bahas kasus apa;['da'];Not_Hate
rudin5452;N_Target apa hubungan nya kn bodok kn kn bodok kn;['rizki_harun'];Not_Hate
pelangi_air_mata;N_Target apa itu gading aren;['zakysef'];Not_Hate
pelangi_air_mata;N_Target apa itu kak;['dimitria1130'];Not_Hate
ar_prasetya;N_Target apa kata lu dech mak;['wulanantania'];Not_Hate
babang2292;N_Target apa ko juga babi;['ar'];Not_Hate
setyadi_budi18;N_Target apa lg jkowi sngat gak layak;['jamurtlethongtlethong'];Not_Hate
agusduriat48588;N_Target apa nya maaf;['ririen_urra_ayhu'];Not_Hate
agusduriat48588;N_Target apa nya yang ngga yakin coba yg jelas dan mari kita buktikan infrastructure instructure apa yg kalian mau saya buat untuk negara maju sekarang;['alsandrayunus'];Not_Hate
pr.incess8220;N_Target apa sih togog;['ahmad0809_gw'];Not_Hate
pelangi_air_mata;N_Target apa tuh bng;['si_izzat46'];Not_Hate
pelangi_air_mata;N_Target apaan wong dipalak Pokoknyanya jgn punya cowk polisi Kerjaanya malakin orng Disenyumin ttp ngk mempan;['kolam_cebong'];Not_Hate
candra_dwi_pamungkas;N_Target apakah anda pernah posting yg seperti ini;['pendapatahli'];Not_Hate
muslimcyber_20;N_Target apakah postingan ini provokatif Mohon kebiasaan warga kita ini Tolong baca caption dlu baru komen Jangan liat video gambarnya saja tapi baca caption biar jelas Justru anda yang menjelekkan ulama habain FPI agama islam jga Tolong bang sekali kami serentak memegang keyboard kami Maka sudah social media anda end;['puji_sutomoo'];Not_Hate
widi.hastuti33;N_Target apalagi saya sudah say no to togog dari;['hendrana_abdi_al_ghaniy'];Not_Hate
antotok97;N_Target apalagi yg merusak islam dengan radikalisme intoleran anti Pancasila anti Bhineka Tunggal Eka;['priskilaasianty'];Not_Hate
kolam_cebong;N_Target apalah kerjanya Kecuali ngutang;['mujahidah_sahidah'];Not_Hate
cachaaliza;N_Target apalgi klo sdh hamil ditinggal suami hadehhh sedihnya miinnn;['premantobat073'];Not_Hate
keadilanrakyatindonesia;N_Target apanya di sikat min;['boy_pandy'];Not_Hate
pelangi_air_mata;N_Target apanya yg sakit bng;['zaqi7792'];Not_Hate
akha.aulia;N_Target aq ae gtw wong iki wkwkwkkw;['dheewii_rahma'];Not_Hate
rahayu_maurer16;N_Target aseeekksklian bayarin tagihan aku klas yaa;['jhondayat1821'];Not_Hate
premantobat073;N_Target asekk hehe;['cachaaliza'];Not_Hate
rahayu_maurer16;N_Target ashiiiaap sanak jago kesehatan sanak;['aungflorist18'];Not_Hate
ngiwonengen_;N_Target asiiiaaapp;['premantobat073'];Not_Hate
premantobat073;N_Target asik doain ya hehe;['zayka_d24'];Not_Hate
premantobat073;N_Target asikkk;['_wita_13'];Not_Hate
ucokshayomi;N_Target asli primitif dia org bro jelas cctv malah su uzhon;['dent_radent'];Not_Hate
ra.ngga148;N_Target assalamualaikum Cocok;['khajiluki'];Not_Hate
avelinrian;N_Target assalamualaikum Mohon maaf kami tidak mencari pengikut melainkan hanya share apapun yng pantas baik untk di share Trimakasih;['roylast121'];Not_Hate
ra.ngga148;N_Target assalamualaikum saudaraku Gua maau ketawa lah;['m_jahudi_r'];Not_Hate
pelangi_air_mata;N_Target astagfirullah Sabar napa bng;['basirkriwil'];Not_Hate
waun_insek;N_Target atas usulan kakek onoh noh;['keadilanrakyatindonesia'];Not_Hate
buana.sky_77;N_Target ati om;['farrel'];Not_Hate
imamsupriyatman81;N_Target au lu min;['premantobat073'];Not_Hate
pelangi_air_mata;N_Target auto ditembak;['vicky_bandung'];Not_Hate
wiranatama9;N_Target awas kecyduck;['ning'];Not_Hate
randyboysk;N_Target awaw wkwk;['pelangi_air_mata'];Not_Hate
jey.dermawan;N_Target awowkwok bgst;['zzzam98'];Not_Hate
sigunting;N_Target ayo kerja hutang lanjut tolong dibantu ya simsala bim jadi apa tenang apbn masi aman;['my_zaenal'];Not_Hate
indonesia1700945;N_Target ayo nlg donk apa yg di curi;['rudyydermawan'];Not_Hate
__t0mp3z__;N_Target ayo udah waktunya bobok jgn lupa pakai pampers bocil togog;['mjamallud1n'];Not_Hate
nikuctciiuu;N_Target babeh N_Target dilawan;['mardiatisuryani', 'haikalhassan_quote'];Not_Hate
iainu_story;N_Target baca apa dari mana;['muhammadnurramadhan65'];Not_Hate
calief_el_gibran_;N_Target baca baik sambil ngopy biar tercerahkan;['safitri_afiffah'];Not_Hate
raisatitian9621;N_Target bacaannya aja cma doraemon sinchan itu bukti krn otaknya gk bisa mikir;['thekophafizd'];Not_Hate
gita_kumala_dewi;N_Target bacot aja;['farrel'];Not_Hate
chanozzz;N_Target badan nya sehat jiwa nya yg sakit;['mohammadmardiono'];Not_Hate
pelangi_air_mata;N_Target bagi jokowi lebih baik terlihat makmur dr pd terlihat kere Kenyataan tutupin pake daun dulu;['nicoagan'];Not_Hate
nanda_hwn;N_Target bagus juga tuh min siaran langsung Q A dengan pejabat seluruh indonesia;['keadilanrakyatindonesia'];Not_Hate
pelangi_air_mata;N_Target bah;['susihandayani159'];Not_Hate
dorayaki_transforming;N_Target bahagia amat bang;['simon'];Not_Hate
ibnu.zein.alfaddin;N_Target bahan nih;['__minang'];Not_Hate
adirizalf_abf;N_Target banci dipakein seragam laki tetep aje banci iya kan mbak eeh mas eeh eeh neng eeh tong;['farrel'];Not_Hate
armadianari;N_Target bang menurut sampean pantaskah seperti itu;['hotmanparisofficial'];Not_Hate
a_riyadiwijaya;N_Target bangets;['nicoagan'];Not_Hate
umar.inst;N_Target bangga lah inya kaitu;['jnhp__'];Not_Hate
dankmorgant;N_Target bani togog gak udah di ladenin;['dinar_dirham_jambi'];Not_Hate
kangfoer;N_Target bani togog sewot;['toro'];Not_Hate
buyung263;N_Target bantai lah budak tu;['taufiq135_'];Not_Hate
keadilanrakyatindonesia;N_Target bantai min;['ari_'];Not_Hate
dri_id7;N_Target banyak dodol kagak pernah bisnis lo yah;['abdullah_saprudin'];Not_Hate
budihrjn23;N_Target banyak yg ngaku islam ko benci ormas islam dan gampang di perbudak hoax ya ngaku islam tapi memusuhi Habaib dan ulama bahkan tidak sedikit yg terang terangan mencacinya miris;['ong_geng'];Not_Hate
zzzam98;N_Target bapak kau ya;['jey'];Not_Hate
noor_khaz;N_Target barengan dengan acara keluarga siih;['kojiro'];Not_Hate
pelangi_air_mata;N_Target baru di negri khayalan;['sukaguedonk'];Not_Hate
pelangi_air_mata;N_Target baru di rezim ini nyolong di kasih aplus;['kolam_cebong'];Not_Hate
awipatal;N_Target baru jelas kan;['diazdenita'];Not_Hate
premantobat073;N_Target basoka itu keren;['imamsupriyatman81'];Not_Hate
sungkarmahdi;N_Target basoka pake debog pisang knapa ga pake tiang listrik biar kereen;['premantobat073'];Not_Hate
premantobat073;N_Target bawa pulang gdah;['_assistant'];Not_Hate
rahayu_maurer16;N_Target bayar woooiii negara mau pindah eh istana mau pindah;['undangan_jihan'];Not_Hate
premantobat073;N_Target bebas;['kikiii'];Not_Hate
adirizalf_abf;N_Target beda konteks dong bu di sidang MK kan gugatannya membahas kecurangan pemilu TSM dan skrg kita lihat aja nanti apakah MPR punya nyali utk melantik bapake kita Prabowo Subianto;['tantipakamu'];Not_Hate
ayahibrafaza;N_Target begitu lah bro padahal dungu nya minta ampun;['erwintitoafiyanto'];Not_Hate
ummu_ahmad_yusuf_harun_arasyid;N_Target begitulah;['savana_7875'];Not_Hate
pelangi_air_mata;N_Target begitulah dia Semu;['chairulmazwar'];Not_Hate
ahmadapril02;N_Target begitulah gerombolan babi hutan;['suryanisirega'];Not_Hate
justadumbo;N_Target belajar Bahasa Indonesia dulu sana Kualitas berudu ga ada yg mumpuni ckck;['hira'];Not_Hate
bib.muh.92;N_Target belajar ajah dulu tentang silsilah nasab keturunan insya Allah nanti juga bakal kamu tau jawaban akan pertanyaan kamu;['dwisusantililis'];Not_Hate
premantobat073;N_Target belom hehe;['imamsupriyatman81'];Not_Hate
bagaskara212.313;N_Target belom tentu;['hastinarahestie'];Not_Hate
premantobat073;N_Target belom wkwkw;['cacingbewok'];Not_Hate
rahayu_maurer16;N_Target belum atuh klo kiamat dajjal hrus munculini kan Presiden Indonesia;['supraimaniar'];Not_Hate
islam_cahayahidupku;N_Target belum dapat infonya;['iik_ian'];Not_Hate
nelvyhanafi;N_Target belum dgr kbr sesudah cipika cipiki sama JKW org dibebaskan baca berita yg benar pak itu tujuaan ketemuaan pak prabowonya lain ketemuaan dgn bu mega lagi apa dibcrkan kita belum tau jadi org jgn punya penyakit hati biar damai bangsa ini;['dedegpidekso12'];Not_Hate
pangeranbelut;N_Target belum selesai umrohnya;['omansaga'];Not_Hate
sulfridawati;N_Target benar bnyak cina yg baek neh mungkin cina iblis;['gilangpranjuni'];Not_Hate
indah.e.sari.54;N_Target benar sekali bunda;['kholiqjohan'];Not_Hate
yulieafie_suryadewie;N_Target bener banget;['m'];Not_Hate
sahabatmuslim1512;N_Target bener banget sahabat;['herikurniawan43'];Not_Hate
adetaheir;N_Target bener bgt;['alifjk168'];Not_Hate
uchiha.itachi05;N_Target bener juga Modal tampang sama suara ya lumayan lh;['__akhwat'];Not_Hate
pelangi_air_mata;N_Target bener tuh;['linnydharma'];Not_Hate
imamsupriyatman81;N_Target beneran bebas min Alhamdulillah kabar baek;['premantobat073'];Not_Hate
dayak162;N_Target benerr ituuu dan semua daerah tunjukan suara kalian;['rahmat_ulem'];Not_Hate
wilson_hutasoit;N_Target bentar lagi apa pak aceh sebentar lagi GAM gerakan aceh merdeka Akan muncul lagi;['jokowi'];Not_Hate
harnisrg;N_Target benul juga;['izz_rizqiyani'];Not_Hate
politik_lucu;N_Target berani menemu presiden itu bagus;['montanadarmawan'];Not_Hate
jejak_akhir_zaman;N_Target beranii;['dayak162'];Not_Hate
cacingbewok;N_Target berarti jihad memperjuangkan diri nya dan menafkahi nya pilihan yg benar;['premantobat073'];Not_Hate
cacaa.jr;N_Target berprestasi dlm menggerakkan buser klo yg ono mah;['reza_corleone87'];Not_Hate
dorayaki_hayabusa;N_Target bersyukur Alhamdulillah ga jd berpasangan dg org yg jd bagian dr kelompok komunis min sbb lama antum bisa di cuci jg otak sm mereka;['bravenia1204'];Not_Hate
pelangi_air_mata;N_Target berubah dan ngk konsisten jg;['yudhicom'];Not_Hate
sandhikabima03_;N_Target besok besok kalo jadi pejabat sulap tongkat kayu dan batu jadi makanan sehari hari;['wisnu_wu'];Not_Hate
evoush.dewata;N_Target besok disend pic nya d grup yahh besok lebarannya slese gas kerja lagi hahahaha;['houseoflilium'];Not_Hate
husin151215;N_Target best koment;['aku_cinta_ibupertiwi'];Not_Hate
lambelamesh;N_Target beti beda tipis;['mayangshakila5772'];Not_Hate
okesiptop;N_Target betul;['bahar_imamkhanafy'];Not_Hate
budi2795;N_Target betul Nanti jawabannya bukan urusan saya urusan si anu anu bodo amat siapa gg bilang Aq gk ngomong pengangguran bla bla;['prjont'];Not_Hate
jamurtlethongtlethong;N_Target betul banget;['setyadi_budi18'];Not_Hate
pelangi_air_mata;N_Target betul bng Ngk cm ditindas Kritis pun bs dilaporin;['malik'];Not_Hate
pelangi_air_mata;N_Target betul bng Smua media dibuat sesuai kepentingan penguasa;['ibnumunawir_abyharu'];Not_Hate
pelangi_air_mata;N_Target betul bngt bng;['ibrahimrudy'];Not_Hate
farrel.rishma;N_Target betul bro dari pada kaya elu gak kerja hobinya minta duit emak elu wkwkwk;['alle_man87'];Not_Hate
rianto_wahli;N_Target betul bung;['adinations'];Not_Hate
dayang357_;N_Target betul itu;['bagas_gazz'];Not_Hate
dedikusumawijaya;N_Target betul itu chine semua tukang di kita hanya melongo aja giliran di sidak ehh dari pusat intruksi suruh dibebasin;['h'];Not_Hate
nelvyhanafi;N_Target betul mbak ngak usah minta maaf hehee;['henisri_rahayu2'];Not_Hate
city_semarang_;N_Target betul pandai menata kata bukan menata kota;['meera_maheswarya_w'];Not_Hate
rusdy_alexan_geos;N_Target betul sekali merekamlahienbiralkan pohon bambu;['kabayanvan'];Not_Hate
zulia8778;N_Target betul sekali ngurusin diri sendiri pingin pindahin ibu kota sglamiris pdhal rakyatnya lg kritis;['atiks_63'];Not_Hate
puteri_hijau__;N_Target betul sekali pengakuan itu hal yg sangat penting dalam kehidupan uang aj tanpa pengakuan hilang nilainya apalagi manusia;['ronipramidya'];Not_Hate
nabilaibrahim3005;N_Target betul smw udah pada d sumpel dg uang;['bagoesmasy'];Not_Hate
premantobat073;N_Target betul tuh;['m4d4d_10'];Not_Hate
republiknasionalis.id;N_Target betull;['strawberry'];Not_Hate
irni_maryanti;N_Target betulll;['riyanto_1507'];Not_Hate
hary_kar;N_Target betullll;['yudhicom'];Not_Hate
pelangi_air_mata;N_Target betuuul;['regarborneo'];Not_Hate
pelangi_air_mata;N_Target betuuuul;['nicoagan'];Not_Hate
pelangi_air_mata;N_Target betuuuuull;['romlirostiana'];Not_Hate
pelangi_air_mata;N_Target bhuahaha Jgn jujur amt lah bang;['erick_tokka'];Not_Hate
dzulfikar_1;N_Target biar adil merata mencerdaskan kehidupan bangsa;['pelangi_air_mata'];Not_Hate
nyimasweninggalih;N_Target biar bisa berangkat ke Papua kalo ada payung kan langsung cuss;['premantobat073'];Not_Hate
premantobat073;N_Target biar keren wkwwk;['tinul_401'];Not_Hate
pelangi_air_mata;N_Target biar utang mkin bnyk;['opunkac'];Not_Hate
anandaefran;N_Target biasa bang hakim juga punya rekening dan selera;['wahyupetol'];Not_Hate
rin2988;N_Target biaya shipping nya gimana Patungan aja apa gmn;['premantobat073'];Not_Hate
muraki_voggotton;N_Target bijak saya tulis yg bagus bagus kok LAgian yg bikin berita kan N_Target cuma asal cuap lah terus bapak krakatau steel pak pos itu bohongan yaa buka mata buka hati buka pikiran anda;['alfinamahadewi11', 'geloranews'];Not_Hate
mvpratama2018;N_Target bijiiii;['padhilpadhil44'];Not_Hate
vhiaokthiara;N_Target bilangin kubu sendiri eeee;['alfinamahadewi11'];Not_Hate
pelangi_air_mata;N_Target binggung kak;['ratu2669'];Not_Hate
matahatirakyat;N_Target bingung yg apanya;['_hermawan20'];Not_Hate
premantobat073;N_Target bininya lagi kepasar;['_assistant'];Not_Hate
andreanprastono;N_Target bisa di jelaskan Bong klo dah ky gini banser kmn Bong klo pengajian di bubarin bs;['ilyas_al_milano'];Not_Hate
ronipramidya;N_Target bisa diganti aja bang;['iwan_suhendri'];Not_Hate
rahayu_maurer16;N_Target bisa emang barengan ah;['kurnian08'];Not_Hate
ummu_ahmad_yusuf_harun_arasyid;N_Target bisa jadi;['novatiwiduri18'];Not_Hate
annathea1708;N_Target bisa jadi minta seumur hidup;['3ko_wawan'];Not_Hate
ahmad0809_gw;N_Target bisa lah ngelamar kamu aja bisa;['pr'];Not_Hate
mariamaryam350;N_Target bisanya elu ngatain nyinyir jika rajamu disindir Hidup rakyat makin getir harga diri bangsa tersingkir Pegawai KS dan POS akan hilang karir Jika ditanya pada rajamu bisanya cengar cengir atau menghindar kocar kacir Percuma investor mondar mandir tapi bikin pribumi ketar ketir Coba lu pikir pantaskah rajamu jadi Amir;['alfinamahadewi11'];Not_Hate
erickginanjar;N_Target bismillah;['adindaaja016'];Not_Hate
erickginanjar;N_Target bismillah bantu doaa;['silentanddeadly'];Not_Hate
erickginanjar;N_Target bismillah doakan yg terbaik untuk negeri;['adesuherman000000'];Not_Hate
bn_joel7;N_Target bkn pgn terkenal pgn dpt dana hibah x;['irwosasongko'];Not_Hate
m4d4d_10;N_Target blm tau singo edan ya min;['nikuctciiuu'];Not_Hate
kuzay_;N_Target bner wkwk;['bahardanuwarsa2809'];Not_Hate
farhan.nulkarim;N_Target bocah;['agusbudisantosa'];Not_Hate
novan_apramadana;N_Target bocah ikutan comen;['defalinofarel'];Not_Hate
aku_pengikutmu1;N_Target bodat mang begitu gak usah diladeni n;['ayahasa61'];Not_Hate
defalinofarel;N_Target bodo amat;['novan_apramadana'];Not_Hate
premantobat073;N_Target boleh bang;['imamsupriyatman81'];Not_Hate
pelangi_air_mata;N_Target boleh bng Ane temenin Biar ngk kek orgil;['bamzwidodo'];Not_Hate
defalinofarel;N_Target bomat;['novan_apramadana'];Not_Hate
ong_geng;N_Target bos sori nih gue bukan org FPI atau masuk didalm organisasi mana pun Gue hnya masyarkat biasa yg ada dikalimantan Gue cuma mau bilang lue lue pada yg ada didaerah awal mula terjadi kan cari tahu dulu kebenarannya gmn jgn asal ngomong Jgn bikin keruh suasana Org org seperti anda ini yg memecah belah Bangsa Hati bos org asli dikalimantan siap berburu kepala untuk org seperti anda ini salam kami urang borneo;['puji_sutomoo'];Not_Hate
pejuang1745;N_Target boss lau juga cina;['nakamura1987_'];Not_Hate
ririen_urra_ayhu;N_Target brati g bakalan kelar doong ya;['agusduriat48588'];Not_Hate
emangchincai;N_Target brutal apann Ujungnya komenlu gk jelas;['alia_galb'];Not_Hate
pelangi_air_mata;N_Target bs kebayang pusingnya para bunda Mudah an segera pulih ya bun;['innez'];Not_Hate
violetha_dewi9386;N_Target btul klu ttp naik sya mendig stop BBJS;['riswandiyip'];Not_Hate
mhmmdsjordy_;N_Target btw ini kronologis nya gmna ya;['mhmmdsjordy_'];Not_Hate
alpasya30;N_Target buat apa saya turun kalau saya punya teman disana langsung yg lebih tau keadaan nya;['arifin'];Not_Hate
premantobat073;N_Target buat apaan;['nyimasweninggalih'];Not_Hate
premantobat073;N_Target buat basoka;['sungkarmahdi'];Not_Hate
aldian_dwiputra;N_Target buat yg paham aja;['wahyuajix_'];Not_Hate
rudy.hamid.505;N_Target budeg hati karna mata duitan bu;['ance_melody'];Not_Hate
syahril.alwi9;N_Target bujur banaran;['luth72_'];Not_Hate
sumakmurmujio;N_Target bukaaaan lebih presiden presiden aja gak kayak gitu;['biqiyusa'];Not_Hate
bahar_imamkhanafy;N_Target bukan aksi damai tapi mereka makar dari NKRI ucap mahasiswa Papua kami bukan merah putih kami bintang kejora;['matahatirakyat'];Not_Hate
nurjannah.699;N_Target bukan boa lg jelas edaaannn Bang;['simon'];Not_Hate
aldoafif_;N_Target bukan bos Ini video yg kemarin;['ar_prasetya'];Not_Hate
erickginanjar;N_Target bukan cuma tarif tapi peraturany juga;['_fandfandi'];Not_Hate
she_g3t911;N_Target bukan disampit saya rasa tapi kok banyak pagarnya ya;['noe731'];Not_Hate
pejuang1745;N_Target bukan gw yg bikin Hahahahaaa mungkin si N_Target yg bikin Follow beliau bro Pejuang tangguh;['nakamura1987_', 'wongfey'];Not_Hate
mbah_way;N_Target bukan kalah tapi dikalahkan karena yg satunya dimenangkan bukan menang;['sinaga'];Not_Hate
renatadina;N_Target bukan lg nanti pelan indonesia hanya sejarah;['cahyanto_ang'];Not_Hate
ong_geng;N_Target bukan sok sok ngomong kaya perempuan dimensos tapi dilapangan kalian pada sembunyi Hey bro puji yg tak terpuji Mulut kau itu bisa mengantarkan anda kemaut jgn memperkeruh suasana anda diam saja sekolah baik Jgn sampai anda besok pagi terbangun dengan kepala lembek Kami dikalimantan bukan sok sokan jika kami ingin mencari org laknat seperti kalian ribuan org dlm hari kepala kalian bisa kami koleksi;['puji_sutomoo'];Not_Hate
hesviesumantri;N_Target bukan terpilih kali tpi di menangkan oleh MK;['mhd__riski'];Not_Hate
yuyun9625;N_Target bukan urusan saya;['asep_syaepullah99'];Not_Hate
sang_asadullah;N_Target bukan urusan saya heran;['dadangazzam'];Not_Hate
enthung_tenan;N_Target bukankah perkawinan gelap kpu bawaslu mk menghasilkan si ngaciro wkwkwkwk presidn hasil tipu;['rosebenny_7420'];Not_Hate
rdiansyahdonal_18;N_Target bukanlah gua off dulu jadi timses hhaha;['fitriayu0209'];Not_Hate
pelangi_air_mata;N_Target bukn cm palsu kak siluman jg;['adindaaja016'];Not_Hate
pelangi_air_mata;N_Target bukn urusan saya Hhhaaaa;['ediefen4'];Not_Hate
fitria.ilmi;N_Target bukti nyataaaaa iniii berita kompas bukan dari medsos apa maaih tak terlihat;['mahkamahkonstitusi'];Not_Hate
elia_setiadi;N_Target bukti real nya sampah tu piye Anggaran doang digedein;['elia_setiadi'];Not_Hate
nor_khadijah77;N_Target buktinya sampe dibandara dicekala ma polisi indo tuh;['da'];Not_Hate
enconhasan12gmail;N_Target bunuh diri ha ha ha;['ahmadganda'];Not_Hate
meylija;N_Target buta n budeg krn kelamaan di kolam yaa udh jls rakyat teriak bgtu masih dibilang hoax;['wijaya'];Not_Hate
engdwi;N_Target butuh legitimasi wkwkwkwk;['indonesia1700945'];Not_Hate
pangeranpreet;N_Target cabe ditempat ane rebo;['indri111999'];Not_Hate
betawi_shengkhe;N_Target cakep;['rai'];Not_Hate
islam_cahayahidupku;N_Target cara dia emang salah;['yazidlbs'];Not_Hate
pratamaputra_6661;N_Target caw lah kau kesano baru kau rekam;['ffd77__'];Not_Hate
edwindanish;Aduh sedih nya;['None'];Not_Hate
sabrinnetdigitalprinting;Alloh Yang Maha Esa melindungi Indonesia karena masih banyak orang Indonesia yang beriman kepada Nya Amin;['None'];Not_Hate
uripbasuki;Apa mesti Bayi Indonesia juga mengalami hal spt ini wahai pemerintah Indonesia kalian sedang kerja apa kok sperti yg bodoh sih atau kalian sedang sibuk bagi bagi duit atai hitung duit ya Sampai kalian lupa kalau bangsa ini sedang tidak baik baik saja dan saya berdoa senoga diantara keluarga kalia ln ada yg terinfeksi virus jenis ini serius ini doa saya di waktu ashar;['None'];Hate
gex_ecix;Apa ne;['None'];Not_Hate
itaa_jollie;Astagfirawallah langsung nangis liatnyaa;['None'];Not_Hate
ucicaaa;Astagfirullah cpt sehat dedee;['None'];Not_Hate
hamnahjo_;Astaghfirullah berilah mukjizat mu Yaallah;['None'];Not_Hate
bunda_dinda110;Barakallah UAS;['None'];Not_Hate
mesdiabi;Barakallahu fiik ustad;['None'];Not_Hate
citraganies;Bayi lucu gini kena virus;['None'];Not_Hate
rina_ina06;Bayinya minta gendong liatnya nyess rasanya;['None'];Not_Hate
fitririani_;Beneran ini min;['None'];Not_Hate
kumpulan_videolucuuu;Cek bio ig gw bro pasti ketawa dah;['None'];Not_Hate
itsnheng507;Cepaat sehat deekk;['None'];Not_Hate
basarlestari7;Cepat sembuh ya dek kmu pasti kuat;['None'];Not_Hate
rafi_rafi86;Cepet sehat ya nak;['None'];Not_Hate
patriciafole;Cepet sembuh nak Anak manis Kuat ya;['None'];Not_Hate
oocthavhii;Cepet sembuh ya dede;['None'];Not_Hate
puspittasarri;Cpt smbuh dd;['None'];Not_Hate
aguz_gunawan;Gak kuat gw liatnya Asli sedih Semoga sehat ya dek;['None'];Not_Hate
ni_kadek_m_saraswati;Gak tega liat itu baby minta gendong ya Allah semoga cepet ada jalan keluar untuk dilema virus ini;['None'];Not_Hate
navita_adriana;Gasangguppppp;['None'];Not_Hate
apriadirvan;JANGAN DIPOSTING YG KAYA GINI DONG WOOOYY;['None'];Not_Hate
etandriana;Jahat;['None'];Not_Hate
wandi.aj.6240;Jika sj smua orang yang dikota sana berseru memohon ampun atas ksalahan sblumnya pasti TUHAN akan mngampuni mrrka dan mmberikan jalan kluar;['None'];Not_Hate
dhimasmugie;Kasian anaknya kalo w jd bpknya gk pa w gendong lbih baik mati sm anak kalo memang harus mati dari pd anak yg kesiksa sndirian diruang khusus;['None'];Not_Hate
jedrasekewl_;Kasian ya anak itu tidak mengerti apa apa dia minta gendong kayanya terus papanya balik dia bingung N_Target;['stella'];Not_Hate
erik__nainggolan;Lucu anaknya sy doakan semoga lekas sembuh dek amin;['None'];Not_Hate
yetiadriyani1600;MASYA ALLAH LEKAS SEMBUH YA DE;['None'];Not_Hate
bikerbetawi;Makhluk tak berdosa itupun terkena sembuhkan;['None'];Not_Hate
mayhazzu89;N_Target N_Target seedddiihhhh;['zuezoey90', 'nordinzainab'];Not_Hate
elisagtm;N_Target Nangis liatnya;['dindaanugrahs_'];Not_Hate
trcoronaviruss;N_Target Video mu;['aslihan_koksal'];Not_Hate
cln.y17;N_Target aamiin;['gentaramadhan12'];Not_Hate
putri_januari_hartini;N_Target aamiin yaa allah;['gentaramadhan12'];Not_Hate
dindaanugrahs_;N_Target iya sis sedih banget akuuu liatnya;['elisagtm'];Not_Hate
_mfazri24;N_Target masih kecil deuih;['jessicandh2'];Not_Hate
budala_dostoyevski_;N_Target negatif;['cceydayldiz'];Not_Hate
chintia_sandra;Nangisssss bangettttt;['None'];Not_Hate
diahayupratiwi_30;Pas perawatnya balik badan wajah dedenya lgsg berubah yaAllah semoga kamu bisa terbebas dari virus ini yaa nak semoga kamu cepat sembuh Aamiin YaRobbalallamin;['None'];Not_Hate
revy_chelina;Pnyakit corona lbh parah dr HIV ya min;['None'];Not_Hate
tri_sugiartha;Sedih;['None'];Not_Hate
arachmat14;Sedih banget lihat ekspresi bayi nya minta di gendong dan ketika orang itu balik badan tapi malah bengong bayi nya Semoga cepet sembuh ya Dee;['None'];Not_Hate
5h4n20;Sedih bgt;['None'];Not_Hate
alfz_kvn;Sedih boy;['None'];Not_Hate
roseyuni6;Sedih liatnyacepet sembuh ya nak;['None'];Not_Hate
renatacustom.id;Sedih ngeliatnya;['None'];Not_Hate
faisalbosse;Sedih sedihh N_Target;['putamiliya'];Not_Hate
yahdabaihaki;Sedihnya Semoga cepat cepat sembuh ya dek;['None'];Not_Hate
apriyantoharya;Semoga Allah memberi kesembuhan kesehatan umur yang panjang buatmu Dek;['None'];Not_Hate
doell180;Semoga Allah paring kesembuhan tuk dede bayi nya sampe bingung dede bayi nya liat perawatnya sedih apa mungkin itu ayah nya sembuh yaa malaikat kecil;['None'];Not_Hate
hanchan5566;Semoga cepat sembuh de Biar tangan Tuhan yg memeluk mu dan Tuhan juga yg akan menyembuh kan mu;['None'];Not_Hate
nuraman7209;Semoga cepat sembuh sehat;['None'];Not_Hate
romlah9491;Semoga diangkat segala prnyakitnya dan disembuhkan kembali aamiin yra;['None'];Not_Hate
vinadsmwlt;Semoga kamu cepet sehat kembali ya dek;['None'];Not_Hate
ratihayueka;Semoga selalu dilindungi allah ya nak;['None'];Not_Hate
arzhanka23;Subahanallah hanya ALLAH yg tau di balik semua ini;['None'];Not_Hate
elisasidjabat;Tuhan tlg sembuhkan bayi ini Aku ga kuat liatnya;['None'];Not_Hate
echaliow;Uhhh yaa Tuhan ehhhh semoga virus di wuhan segera pulih kembali;['None'];Not_Hate
ndankscorpio_07;Videonya Mengundang Bawang Njiirrr;['None'];Not_Hate
yenyyoussef;Ya Allah;['None'];Not_Hate
novabilly27;Ya Allah Semoga Allah angkat penyakitmu nak segera pulih anak lucu Ga tega liat anak yang ga ada dosa harus diisolasi seperti ini Pasti butuh dekapan ibunya Semoga Allah sembuhkan segala yang sakit;['None'];Not_Hate
aidewipurnamasari07;Ya Allah anak sekecil itu harus d isolasi tanpa orangtua d sampingnya Sehat ya de;['None'];Not_Hate
marlita368;Ya Allah gak tega liatnya itu dd nya minta di gendong;['None'];Not_Hate
yonishfr;Ya Allah garai nangis ae;['None'];Not_Hate
coco_neymarley;Ya Allah sedih liatnya;['None'];Not_Hate
eki231088;Ya Allah sembuhin si adek;['None'];Not_Hate
imeldazaya;Ya Gusti tolonglah;['None'];Not_Hate
nikky_kosashii;Ya allah ga tega liatnya harus ngerasain sakit itu;['None'];Not_Hate
inhalog.id;Ya allah moga cepet ad obatnya;['None'];Not_Hate
waalidiah;Ya allah ya rab berilah kesembuhan baiy baiy yg terkena virus mematika itu kami mohon padamu karna hanya engkaulah maha penyembuh amiin;['None'];Not_Hate
lesta_tarifa;Ya elah nangis donk gua klo udah liat beginian pling gk bisa;['None'];Not_Hate
txxvvxxh;YaAllah gategaaaaa;['None'];Not_Hate
s.rpang;cepet sembuh dede;['None'];Not_Hate
yaniearyani30;cepet sembuh ya nak;['None'];Not_Hate
betul8850;china everything will be fine;['None'];Not_Hate
primamz;g tahan liatnya semoga sehat kembali ya nakkk;['None'];Not_Hate
andrisamboja;ga tega ngeliat nya klo bayi udh terinfeksi virus Corona N_Target;['liha512'];Not_Hate
mayla_may25;get well soon adeekk;['None'];Not_Hate
dewintamae;kasiaaan;['None'];Not_Hate
getinyourwhey;kasian bgt;['None'];Not_Hate
fahmiscooter84;kasian ngeliattnya itu balita pingin bgt di pelukk sm bpknya;['None'];Not_Hate
ledisindah4;semangat y sayang;['None'];Not_Hate
shellagiskaa94;sembuhkanlah mereka semua yang terkena virus Aamiin ya Allah;['None'];Not_Hate
nhaiia9987;semoga Allah memberi kesembuhan aamiin inshaAlllah;['None'];Not_Hate
eztyrhy_;semoga lekas di beri kesembuhan Amin Yra;['None'];Not_Hate
adeahmad1184;semoga lekas sembuh yaa debay;['None'];Not_Hate
civil_war_313;N_Target Hahaha iyaaa suka kelupaan;['anitarachmanda'];Not_Hate
bekam_bdg;Biadab;['None'];Not_Hate
nabilmnur;Kaya emak demen ngutang;['None'];Not_Hate
nengraracantik2010;N_Target nah ini cebong tiap beda pendapat disuruh pindah emang nya negara punya elo Wajaar jg dong kita komentar jng seenaknya jual ini jual itu emang punya sendiri klo g sanggup ngapain pindah malah jual aset negara;['matoa_papeda'];Hate
matoa_papeda;Ngutang salah investasi salah ngejual salah apa pasti salah klo dimata kampret Mahabenar kampret dengan segala nyinyirannya Udh skrg lo pade diem aja duduk manis dan saksikan biarkan mereka menjalankan tugasnya masing semua keputusan dan kebijakan yg diambil sdh melalui proses panjang dan memikirkan kedepannya Klo cuma jago nyinyir ga guna apa buat negara Mending ente pindah negara aja sono cuma jd sampah di sini;['None'];Hate
setyomey;Utang terus;['None'];Not_Hate
isatriadewa;Buat nitizen jgn terlalu cpt percaya dengan berita yg belum jelas;['None'];Not_Hate
lifeis7887;D beli orng Hong Kong ntar malih ganti nama solo ngawi kai;['None'];Not_Hate
maulana8570;Dia takut kalah;['None'];Not_Hate
raflyrabbani_16;Itu Bukan Punya Cyna Gblk;['None'];Hate
hasyimash1;Juall Aja Semuanya Biar Kita Numpang Dinegara Sendiri akwkw;['None'];Not_Hate
hananattaki.fanbase;Keren kak semangat terus;['None'];Not_Hate
haisekun10;N_Target Bukan Niat Mau dukung Siapa Tapi itu di Palu Bos Bukan Pulau Kalau di Terjemahin itu Artinya Pisang Goreng;['medanimedani'];Not_Hate
haisekun10;N_Target Liat Cyna Dikit Aja Berguncang Jiwa Mu;['medanimedani'];Hate
amalia_indah_;N_Target Pinter anet ya pak N_Target N_Target N_Target Pinter bikin saya resah;['kpu_ri', 'fahrihamzah', 'prabowo', 'sandiuno'];Not_Hate
isatriadewa;N_Target account penyebar hoax mohon di cek pak beritanya;['divisihumaspolri'];Not_Hate
haisekun10;N_Target awowkwoowow Anjg;['hasyimash1'];Hate
kostiwa_28;N_Target buzzer katanya udh bubar eh msh ad;['isatriadewa'];Not_Hate
medanimedani;N_Target dasar cebong tak ada otak;['haisekun10'];Hate
hasyimash1;N_Target wkwkw;['haisekun10'];Not_Hate
rizky_paytreners;Nice Semoga Hari ini Dilancarkan Rezekinya ya KakJangan Lupa FOLLOW ya kak;['None'];Not_Hate
gunsnawaw;Only said DUNGU;['None'];Not_Hate
devika_fitra15;Raih sehatmu dengan memiliki berat badan ideal khususnya yg sudah berusaha utk diet tp selalu gagal box chocofit mampu merunkan berat badan kg tanpa harus nahan lapar dan pantangan makan Dapatkan Chocofit di agen resmi Mecca Erlinda;['None'];Not_Hate
pusatkokoindonesia;Semoga Allah memberikan kemurahan rejeki ke kaka Aaminn;['None'];Not_Hate
dakwahgram.id;Subhanallah sungguh indah sekali kak Follow ig kami ya untuk konten islami gratis setiap harinya;['None'];Not_Hate
d_alaga_y;Terjual;['None'];Not_Hate
medanimedani;Udh d jual sama cina Saya udh liat petanya benar;['None'];Not_Hate
kios.spirulina;Wow keren follbacknya ka;['None'];Not_Hate
lifeis7887;Woww abis jual Sana;['None'];Not_Hate
dionnurhady;kata ny website ny ada yg block ada yg panik ada yg takut sya titip jgn nyerah pak kerahkan IT terbaik ny pak ini mw nyelakain bangsa sndri;['None'];Not_Hate
abdullah_saprudin;sejak kapan indonesia terjajah negara ingin berkembang malah di hujat habis habisan emang situ nggak pengen negara ini maju hanya otak yang dangkal nggak ingin pemikiran maju;['None'];Not_Hate
denotsuryadi;Gak usah tandai N_Target gak guna min gak akan di tanggepin juga;['divisihumaspolri'];Hate
faheirhamm;POLISI ANJING LAH TEU NETRAL AING NGADOAKN SARIA TEH SING SUKSES LANCAR GAWE SARIA KU RAKYAT DI GAJI NAHA MARULANG TAI;['None'];Hate
fatihff7328;Beritanya sepotong nih yg completnya dong;['None'];Not_Hate
mainmain_project;Hah aku kalah lagi;['None'];Not_Hate
pesselvintage3;Inilah kenyataanny petugas kepolisian di media elektronik seprti di Televisi mereka kelihatan baik santun kpda masyarakat knyataan yg sebenarny di lapangan bisa kita saksikan saja Itu belum seberapa Bnyak yg lbih parah lagi;['None'];Not_Hate
donidinata31;Jgn takut kalo gak salah trs kawal;['None'];Not_Hate
kuton_32;Lagi gua liatin lu pada;['None'];Not_Hate
kurrnao;N_Target;['achmadl99'];Not_Hate
hanifnagib;N_Target aamiin;['ghandewa46'];Not_Hate
garudasetya;N_Target demen bener liatnye neng;['sarhst'];Not_Hate
sarhst;N_Target hahahahaucu abis;['garudasetya'];Not_Hate
hanifnagib;N_Target paling juga diketawain sambil elus perut;['denotsuryadi'];Not_Hate
garudasetya;N_Target woy Pisahin napa Diliatin bae;['kuton_32'];Not_Hate
0byredscorp;Seluruh dunia sudah pada tau atas apa yg terjadi Tp semua tertutupi oleh pencitraan di media televisi Indonesia Rezim panik;['None'];Not_Hate
nurjalil1;Semoga adzab segera diturunkn kepada pelaku kecurangan para pengkhianat bangsa;['None'];Not_Hate
hj.rennynasrun;Sptnya dunia mulai MEMPERHATIKAN;['None'];Not_Hate
nyimasulfah;Tanggunglah azab bagi yang berlaku curang Menzalimin rakyat lahaulawalaquwataillabillah;['None'];Not_Hate
nich_yuz4;Waduh di bentak Ngeri amat daa;['None'];Not_Hate
bagus.mulyawan;Ya allah kenapa mereka tidak netral padahal cuma ingin kawal tapi malah dapet perlakuan kayak gini;['None'];Not_Hate
ernisusi2;penjaga tps aja kok dipperlakukan kayak teroris gini mau di g bilang netral;['None'];Not_Hate
rhinisetio;ALLOHU AKBAR;['None'];Not_Hate
baiqwindasaat;Aamiin;['None'];Not_Hate
lienda_m_jamil;Aamiin Semofa Allah selalu melindungi hamba nya yg berjl n membela kebenaran Aamiin;['None'];Not_Hate
neneng.nurhayati;Aamiin Semoga segera dibebaskan n kmbl brkumpul dg keluarga ttp semangat bang Jonru;['None'];Not_Hate
setyawarni3;Aamiin Ya Rabbalalamin Astagfirullah kenapa hukum ini hrs dipaksa untuk pejuang muslim Semoga Allah swt cepat menunjukkan yg benar;['None'];Not_Hate
_lindautari;Aamiin aamiin;['None'];Not_Hate
cholifah_am;Aamiin allahumma aamiin;['None'];Not_Hate
ralina.90;Aamiin semoga Allah mudahkan semuanya;['None'];Not_Hate
zurraalbi;Aamiin semoga bang Jonru di vonis bebas;['None'];Not_Hate
rahayu_ark;Aamiin ya Rabb;['None'];Not_Hate
lilik.rachmawati.35;Aamiin ya mujiib;['None'];Not_Hate
riawan_iwank;Aamiin ya rabbal alamiin tetep semangat bang Jonru In Shaa Allah kebenaran akan menang;['None'];Not_Hate
ninasnyusuf;Aamiin yaa Alloh yaa rabbalaalamin tetap semangat bang Jonru;['None'];Not_Hate
ks.sneakerssports;Alhamdulillah tetap update kabar Bang Jonru ya min;['None'];Not_Hate
jinggades;Allahumma aminnn yaa Allah saya doakan smoga bang Jonru N_Target segera dibebaskan slalu sehat dan slalu dalam lindungan Allah Kluarga dikuatkan dan yg membuat fitnah segera dibalas oleh Allah Fighting bang;['sahabat_jonru'];Not_Hate
irfanrosicky;Amiin;['None'];Not_Hate
hary.hery;Amiin semoga lekas bebas dan tuntas yang fitnah semoga kena adzab;['None'];Not_Hate
auliapratiwilubis;Amin;['None'];Not_Hate
zainudin_tono;Amin ya rabbal alamin;['None'];Not_Hate
ajms.anang;Biar engga bloon amat;['None'];Not_Hate
kurniati.ela;Bismillah ALLAH bersama hamba yg mencintaiNYA;['None'];Not_Hate
kukuhajismnto;Fak;['None'];Not_Hate
ajms.anang;Gue saranin banyakin baca buku bro;['None'];Not_Hate
permanas374;Jangan smakan nabi dg sijontor;['None'];Hate
suwardiwiratama;Kecebong itu orang kalap makanya kalau ngomong biasanya pake dengkul krn isi kepala sama dengkulnya sama;['None'];Hate
dimitriybima;Logika ngawur jangan samakan jonru dengan Nabi Muhammad;['None'];Not_Hate
richardtlkk;MAMPUS;['None'];Not_Hate
toni.kristiawan;Masuk akal;['None'];Not_Hate
ediamq;Mudah mudahan keadilan akan berpihak pada Bang Jonru Aamiin;['None'];Not_Hate
imelda_linn_;N_Target Saya jg ikut senang Semoga Beliau betah di kamar barunya;['elisabet_ratnaw'];Not_Hate
sahabat_jonru;N_Target aamiin;['anggia_al_ayyubi'];Not_Hate
anggrianirini16;N_Target amin;['ayayazmine'];Not_Hate
gintingrasli;N_Target logika bro Kalo org ngomong bener pasti ada aja yg benci nah apakah hal demikian bisa dikatakan ujaran kebencian;['dimitriybima'];Not_Hate
faoziah.r;N_Target sy juga ikut senang kl semua yg bikin resah ditangkapi termasuk yg gagal jd gubernur tuh dan dipendem di mako thn gara mulut kotornya lanjuutt;['elisabet_ratnaw'];Not_Hate
ajms.anang;Nabi Muhammad berdakwah menyebar kebaikan bro dengan kata yg tidak memfitnah dan menjelek jelekkan orang walaupun banyak yg tidak suka Trs inget elu cuma org biasa bukan nabi wkw;['None'];Not_Hate
hamdaniapril;Semangat bang Jonru;['None'];Not_Hate
riyadinuryasin;Semoga Allah SWT tunjukkan kebenaran yg hakiki ya Bang aamiin;['None'];Not_Hate
idarusdianah;Semoga Allah senantiasa melimpahkan Rahmat dan pertolongan NYA untuk bang Jonru tetep semangat terus Aamiin;['None'];Not_Hate
toni.kristiawan;Semoga bang Jonru bebas dr segala tuduhan bisa segera pulang aamiin;['None'];Not_Hate
adribismoko;Semoga yang salah segera dimusnahkan ya bang yang benar dan gak bohong tetep bahagia;['None'];Not_Hate
qosim9;Siiippp keren bang bnr;['None'];Not_Hate
yanz_latahzan;Smoga diberi kesehatan dan kekuatan lahir dan bathin aamiiiin ya Robbal alamiiiin;['None'];Not_Hate
dickoaarayan;Smoga pak jonru bisa dbebaskan demi hukum dn smoga fitnah keji kembali kpada makhkuk yg mnzolimi pk jomru;['None'];Not_Hate
kukuhajismnto;Tai;['None'];Not_Hate
elisabet.ratnaa;Turut senang atas divonis nya bang jonru semoga amanah selama di dalam penjara;['None'];Not_Hate
dianasyamsiar;Udah denger cerita nabi muhammad yang membantu org buta menyuapi ia makan setiap hari walaupun org buta itu mencacimaki beliau menghina beliau tapi rasul tetap setia membantunya sampai rasul wafat Dan ketika rasul wafat org buta itu baru tau kalau itu rasul padahal kalo mau org buta itu bisa di bunuh karena menghina nabi Apa hikmahnya;['None'];Not_Hate
ria_um_aisyah;Y Allah semoga Allah mudahkan segala urusan bang Jonru sabar y bang tetap semangat insha Allah ad jalan terbaik yg Allah berikan aamiinn;['None'];Not_Hate
donny_yor;aamiin ya Allah;['None'];Not_Hate
aharisnk;logika orang sinting jadi kalo jaman nabi ada facebook twitter dan instagram nabi bakalan terus posting nyinyir tiap hari gitu kalo nabi kerjaannya gitu islam sudah punah sejak dulu;['None'];Not_Hate
rudimantofani;semangat sehat selalu Allah akan memuliakan orang yg membela agama Allah;['None'];Not_Hate
dr.knurrobbi_official;semoga kembali ke jalan yang benar utk bpk NI;['None'];Not_Hate
roromendut_indonesia.id;tampil cantik tanpa harus keluar bajet mahal semua bisa dilakukan dengan mudah dan praktis dengan rangkaian dari RORO MENDUT SKIN CARE jangan tunggu lagi wujudkan kulit cantikmu bersma rangkaian skin care roro mendut;['None'];Not_Hate
fajaraugusta_;waktu sono dipenjara bilangnya azab waktu sini dipenjara bilangnya musibah yg sabar hadeh;['None'];Not_Hate
yudhawiranata92;AAMIIN ALLAHUMA AAMIIM;['None'];Not_Hate
wismaabidin;Aah atta halilintar ini;['None'];Not_Hate
mulya_maniz75;Ahh pencitraan trs;['None'];Not_Hate
mehmed.eins;Aku minum jamu tetep goblok;['None'];Not_Hate
rezqi_4;Ati yg ngasi jamu msh dendam kesumat same lu ntar dikasihnya racun tikus baru lu tau rasa;['None'];Not_Hate
oi.ruli;Au ah;['None'];Not_Hate
deni_arsal;Au ah geeulaaaappp;['None'];Not_Hate
bangkiflan;Auto mual;['None'];Not_Hate
dikpaltama08;BODOAMAATTT;['None'];Not_Hate
zoelkarnainlubis_22;BOMAT Gue gak kenal;['None'];Not_Hate
ail_chan;Banyak hal yg lebih penting pakde;['None'];Not_Hate
gita_glow;Beneran Ada Jamu nya gak Kali Kali acting doang Kan dia sukanya acting Muluk;['None'];Not_Hate
arwinarsyad;Biasanya postingan bang mimin pasti gua like tapi untuk ini gua gak mau like najis gua liat tuh org;['None'];Not_Hate
july_handy;Bikin akun jd youtuber aja manatau subreker byk;['None'];Not_Hate
syahril.polban;Bodo amat;['None'];Not_Hate
ridhoramadan64;Bodo amat situ mau minum jamu atau minum yang lain yang penting janji situ realisasikan saja;['None'];Not_Hate
hlm_jakarta02;Bodoamat Siapa lu dimata gue;['None'];Not_Hate
gungun.junior;Buka Instagram ketemu ini lngsng mumet alami ya;['None'];Not_Hate
mibfauzan;Bukan urusan aku;['None'];Not_Hate
kenyoade_kadori;Bukan urusan saya;['None'];Not_Hate
elfpagelaran;Bukan urusan saya Saya tidak tau;['None'];Not_Hate
yukepaa;Bukan urusan sayaaa bapakkkkk;['None'];Not_Hate
in.dra681;Bukan urusan sayyaaa;['None'];Not_Hate
fredywhipy;Bwt saya ganti presiden lbh bikin sehat badan dan otak juga mata dri pd minum jamu;['None'];Not_Hate
fitriyahmozaky;Cari tambahan buat balik modal Tolong disubscibe dong;['None'];Not_Hate
anggorowatiayiek;Coba bikin jamu spy agak cakepan dikit;['None'];Not_Hate
tulip.kuning17;Coba dishoot isinya dong;['None'];Not_Hate
mukaromah_99;Coba ungkap lebih jelas kasus kematian kpps di pilpres kmrn;['None'];Not_Hate
ivan_airahmand;Cocok jadi kang jamu sumpahh Ngejelasin top banget;['None'];Not_Hate
adybecks7;Di lihat mata pa jkw qo agak ky chinese y;['None'];Hate
dedii_d;Dia presiden;['None'];Not_Hate
junot_20;Dia siapa sih;['None'];Not_Hate
lucky_strike490;Dikurangi lah wajah orng ini bosen liatnya banyak kali ditelevisi;['None'];Not_Hate
r.mahardhika1;Drama kembali terulang Fenomena Ajaib kubu Sobat Gurun sebelum pemilu mulai meraka udah buat isu pasca Pemilu April Mereka secara sepihak mengumumkan kemenangan melalui metode exitpoll sampe kali klaim kemenangan Gagal akan Hal itu mereka membuat opini bahwa lembaga survey buat hasil bohong akhirnya lembaga survey minta adu data didepan publik BPN Nolak nuduh KPU Curang dan minta pemilu ulang sekarang minta jokowi didiskualifikasi menaikan isu people power gagal juga hakim MK disumpah nya sekarang klaim juta Hahahaaa binggungkan sama pola pikir mereka;['None'];Hate
sepatu_barokah354;EGP;['None'];Not_Hate
muslikhaastuti;EGP kaleee;['None'];Not_Hate
kova992;Emang bneran pagi spa yg prcya kalau tu pagi;['None'];Not_Hate
hasanah2179;Emang itu sapa;['None'];Not_Hate
ardiceke_po;Endorse;['None'];Not_Hate
paw_ilcapitano;Eneg gw liat muka nya;['None'];Not_Hate
esfi26;Enek bngett ngliatnya;['None'];Not_Hate
coe_sucihati;Eta beungeut rusak amat amit jabangbayi;['None'];Not_Hate
kolam_cebong;Eyt dah yang Laen mah udah pada berangkat ke kantor dr abis subuh dia mah malah baru mau berangkat Bos bos BOSOK;['None'];Not_Hate
hippogriff.id;Follbck kak;['None'];Not_Hate
ferrydin;Ga usah ngantor jg ga papa kok;['None'];Not_Hate
amaliaarini;Ga ush ngezoom bgt ngapah;['None'];Not_Hate
ellutfihakim;Gak mutu;['None'];Not_Hate
abang_phie;Gk nanya;['None'];Not_Hate
dedewsagita;Gx penting bgt;['None'];Not_Hate
sudarsih925;Hadeeeh;['None'];Not_Hate
afida39;Haduh muak;['None'];Not_Hate
ikke.noermala21;Hah;['None'];Not_Hate
rantojoe;Haha min kirang kerjaan kamu;['None'];Not_Hate
basmagroups;Hahahaha Tai;['None'];Not_Hate
neyiney;Heeem gantengnya bapakku Anies baswedan;['None'];Not_Hate
luckysetia7;Huuuuueeeekkkkk;['None'];Not_Hate
fim_juliansyah;Huwahahahaha;['None'];Not_Hate
si_maniz80;Ihdinasyaitonirojim Ya Allah kenapa selalu nongol di berandaku jauh juahkan dengan maklum ini ya Allah;['None'];Not_Hate
isalsolehudin;Iihhh jijik lihat nya juga;['None'];Not_Hate
meny_harmaeny;Iiiiiiih di mengkan;['None'];Not_Hate
tisucik;Ingin Mencoba Yah Buat Sendiri Listrik Mahal Yah Cabut Meteran Ekonomi Baik Itu Sama Dengan khasiatnya minum jamu buat rakyat pak;['None'];Not_Hate
meihandaripipit;Ingin coba Ya buat sendiri yaiyalah pak masa mau minta ama bapak;['None'];Not_Hate
mhmmdfitraah;Ini dia youtuber dari mana dah;['None'];Not_Hate
c.smrna_cs;Ini muka nya udat di edit faceapp blm min gitu amat;['None'];Not_Hate
irawadhyandrea;Ini penting;['None'];Not_Hate
tsrendyka;Ini presiden kita;['None'];Not_Hate
alloykoplax2501;Jamu kuat malu;['None'];Not_Hate
ryan_wardiana;Jamu kuat malu yaaa otaknya udah putus nihhhh presiden sudah tebal muka Hasil curang kok bangga;['None'];Hate
021634_yach;Jamu putus urat maluu jadi gak tau malu;['None'];Not_Hate
safitriria14;Jamu yg hasiatnya ilangin rasa malu;['None'];Not_Hate
jeje_nya_mania;Jangan pada gitu dong kesian dia loh Walaupun kalian tdk mengenal tapi setidaknya berkenalan lah siapa beliau;['None'];Not_Hate
ado_lahciek;Jgn coba jamu terbukti jamu bikin kita plonga plongo;['None'];Not_Hate
qq.kikyy;Jgn lupa pak kl minum jamu sekalian sma gelas nya;['None'];Not_Hate
ervanalbantani82;Jokowi bukan presiden;['None'];Not_Hate
arliyusmanto4;Kalau iya bisa bayar utang pak jg exsen aja;['None'];Not_Hate
offyezioshaka;Kapaaannn punya presiden seperti presiden turki recep tayyip erdogan ya;['None'];Not_Hate
wellychandra16;Kawan yg tak diakui;['None'];Not_Hate
takanajaya;Kita harus bangga punya pemimpin kaya bpk jkw;['None'];Not_Hate
primermister;Klo dilihat dr deket kaya china;['None'];Not_Hate
dibelakang_adatogogadasemar;Lebak adalah tempat terendah paling rendah Bulus biasa nya orang orang bilang banyak akal busuk nya tukang boong penipu Lawan musuh yg licin pantang menyerah walau udah kalah pastilah di pake siasat taktik untuk melumpuhkan melemah kannya namun taktik siasat tsb bisa menjadikan senjata makan tuan liat aja gambar wayang di belakang kebetulan kah berapa banyak pahlawan pahlawan NKRI yg kena taktik siasat penjajah;['None'];Not_Hate
miraalfathin;Maaf pa saya pagi ngopi sambil lihat ig yg ga ada bapanya;['None'];Not_Hate
iwan_hrmwn;Males comment;['None'];Not_Hate
linadaulay9033;Males lihatnya Tah apa yg di buatnya untuk negeri ini ko bisa orang ke gini jd;['None'];Not_Hate
tie_hafuza;Malu woi malu brooo;['None'];Not_Hate
iriaandi;Matinya gmn ya;['None'];Not_Hate
ridhoramadan64;Memang cocok jadi artis dibanding presiden;['None'];Not_Hate
_inthan_;Merasa president;['None'];Not_Hate
zob.mania;Mimin berani apa gak takut di;['None'];Not_Hate
yulianto818;Mo muntah liat muka loe jijik kleeee;['None'];Not_Hate
fadli_daeng;Mukanya kaya ga asing Yang kmren terlibat kecurangan bukan sih Yang bangga banget;['None'];Not_Hate
dudul_sungkul;Muke beginian gak usah di posting ngerusak mood gw aje lu Min;['None'];Not_Hate
zayn_deon;Mules;['None'];Not_Hate
nuariarfinaldi;N_Target;['rani_mahatma'];Not_Hate
muslikhaastuti;N_Target NO;['tsrendyka'];Not_Hate
dumbo.big365;N_Target N_Target N_Target N_Target disiarkan dong;['metrotv', 'cnnindonesia', 'kompastv', 'tvonenews'];Not_Hate
sussirhy_;N_Target alhamdulillah saya ada dibarisan yg benar;['r'];Not_Hate
lupianto_new;N_Target bener sekali berarti prabowo secara tdk langsung sdh merendahkan jkkowi ke tmpt plng rendah;['bang_pitung_albhetawi'];Not_Hate
christoper_tarjo;N_Target betul itu makany ngevlog minum jamu kuat malu;['ysiriyah'];Not_Hate
christoper_tarjo;N_Target bingung bos dulu ga akan naikin BBM ga akan naikin TDL nyatanya naikin semuanya;['r'];Not_Hate
muhammadabiyyuarsyan;N_Target ditaro dikamar mandi aja coba lumayan bikin kecoak mati ngeliat mukanya wkwk;['paw_ilcapitano'];Not_Hate
hawariarief91;N_Target gak tau bro;['dedii_d'];Not_Hate
aderahman69_;N_Target haha anjirr gua seneng yg beginian nih;['paw_ilcapitano'];Not_Hate
sonny_507;N_Target iya bingung bos dulu ngomongnya akan pro rakyat kecil eh nasi bungkus pempek pecel lele aja smpe kena pajak malah mangkas pajak mobil newah rumah mewah smpe bingung saya pola pikirnya;['r'];Not_Hate
hp.widodo;N_Target iya boss bingung dulu janji nggak perlu impor bahan pengan krn kita ky Ehhhh Gtaunya impor juga ribuan ton Bingung sayaaaaa;['r'];Not_Hate
affanbuchari;N_Target iya saya bingung Bingung dengan kecurangan dmna tapi dia malah seenaknya bilang bukan urusan saya;['r'];Not_Hate
yadikuningan1;N_Target iya ya cuih cuih enek bangeut ya liat nya;['sikap_tobat'];Not_Hate
r.mahardhika1;N_Target kalian aja termakan hoax kaum gurun;['sussirhy_'];Hate
muslikhaastuti;N_Target mau takziah takut dosa ya;['sodiqjuventini'];Not_Hate
paw_ilcapitano;N_Target ntar kecoak ny eneg jga;['muhammadabiyyuarsyan'];Not_Hate
ysiriyah;N_Target orang yang ingkar janji namanya munafik;['christoper_tarjo'];Not_Hate
qyok13;N_Target plengeh;['alloykoplax2501'];Not_Hate
erwinsuhendi27;N_Target presiden rasa bakul jamu wi rakyat indonesia tidak senang dengan kau;['jokowi'];Hate
ellaeufaidah;N_Target sama;['paw_ilcapitano'];Not_Hate
yadikuningan1;N_Target sama ya enek ya;['paw_ilcapitano'];Not_Hate
sussirhy_;N_Target saya jg bingung apa tunggu negara ini hancur baru kamu nangis Nyesel seumur hidup;['r'];Not_Hate
rani_mahatma;N_Target ya Allaah ndut plisss jan tek tek nan mode koo INGINKU MENGUMPAT;['nuariarfinaldi'];Not_Hate
irvanrizana;N_Target ya bener gua juga bingung cebong kaya lo dah tau curang junjungannya malah dbela bingung bingung;['r'];Not_Hate
zay_alfatih;N_Target yang ngelucu itu sebagai presiden kualitas bahasa Inggris nya ngaco mau kepertemuan apapun diluar negeri masa begitu bikin malu cebong aje;['fahrul'];Hate
abla_nida;Najis;['None'];Not_Hate
sikap_tobat;Najis cuihhhhh;['None'];Not_Hate
hay.289;Najis najis najis;['None'];Not_Hate
hadyanbihing8;Najisss jokontol;['None'];Hate
ezarafka;Negara sedang morat marit pa kas negara kosong siap alih profesi jadi vloger;['None'];Not_Hate
apriellia_itu_yanti;Negg ah;['None'];Not_Hate
bangabdurr;Ngapain lebih baik mikir rakyat dr pda ngvlog gan ada aja;['None'];Not_Hate
pu7iesth;Nyambi Jd Youtuber jg ya;['None'];Not_Hate
hermawanwage1605;O on;['None'];Not_Hate
amir_althaf7;Oh no no no no udh tua masih aja ngevlog ampunnn dah ga ga habis pikir;['None'];Not_Hate
wise5514;Opo yo tak pikir;['None'];Not_Hate
nugraha.ricky;Orang mana ini org ya;['None'];Not_Hate
aj33stealthblack;Otaknya gak dirajang juga jae;['None'];Not_Hate
putera.w1_gg_united;Pakde Sesekali ngevlog lah tentang keuangan negara utang negara BPJS juga;['None'];Not_Hate
muarafarma;Pakek bahasa Inggris ga;['None'];Not_Hate
gatotsubegtiadi;Pencitraan;['None'];Not_Hate
rahmansidiq;Pengen cuih in mukanya;['None'];Not_Hate
umubilqi;Pentinge opooo jok jok doboool dobollll;['None'];Hate
anisanurul06602018;Pke spider x pak;['None'];Not_Hate
irmaindaryanti;Pleciden ri sekalang kerjaan utama nya ngeVlog bikin p citraan;['None'];Hate
dsatyaraksa;Presiden ku;['None'];Not_Hate
ahmaddzaki567;Presiden ku tetap prabowo;['None'];Not_Hate
higanbanatrader;Presiden muka tembok;['None'];Hate
omeng.kusuma;Presiden yg paling TEGAR teu gableg kaera ceuk mamang cireng langganan dewek nu mangkal di sisi laut nyi roro kidul;['None'];Not_Hate
soegiyono_rahardjo;Prok prok ayo jadi apa Mohon dibantu ya mohon dibantu bantu telpon ambulance;['None'];Not_Hate
rendiprativindya;Putus urat malu;['None'];Not_Hate
zelita.26;Ra ngurus;['None'];Not_Hate
iqlimaranila;Rekonsilasi yang dilakukan Jokowi dan Prabowo adalah bentuk nyata sikap dua negarawan sehingga patut dicontoh oleh pendukung masing masing;['None'];Not_Hate
akbar_ahs;Rumahmu rumahmu itu rumah rakyat cuk;['None'];Not_Hate
faisallllmalik;Sabodo teuing siah;['None'];Not_Hate
erla_belinda;Sales jamu;['None'];Not_Hate
damerolian;Sampein ke Pak Presiden Makan dan Minumlah pake tangan kanan karna Jin dan Iblis makan dgn tangan kiri HR Muslim;['None'];Not_Hate
hafidzphepz;Saya akan lawan saya akan lawan Jaenudin oh Jainudin N_Target;['itha_thakurnia'];Hate
trisdew;Sekolam RT gw bilang bomatttt;['None'];Not_Hate
hermawansusy_lamusu12;Sesekali minum ciu pak orang mabok mah bebas curang ge gak mau jg wajar lah orang mabok tp bapak gak mabok ko gak malu yea;['None'];Not_Hate
fahdefihamed;Sesekali ngevlog ttg mobil ESEMKA;['None'];Not_Hate
mynamelmynamelo;Siapa dia min;['None'];Not_Hate
m.ilham.m.q;Siapa ini yg vlog gk kenal sorry;['None'];Not_Hate
hilmandenz;Siapa itu;['None'];Not_Hate
artman_f;Siapa si dia;['None'];Not_Hate
endangefrains;Siapa sih dia;['None'];Not_Hate
fadlimariah;Spaya keliatan sederhana Liatlah videonya dibuat dengan begitu niat Maklum buat menunjang Citra diri;['None'];Not_Hate
matoa_papeda;Sudah lah saudaraku jangan digoreng terus pertemuan mereka intinya sdh berjabat tangan dan berdamai kalian yang dibawah harusnya mengikuti demikian percuma kalian ngotot terus an yang diatas sdh rukun dan damai Menuju Indonesia Maju Adil dan Makmur;['None'];Not_Hate
najamudin614;Tanya prestasinya selama ini apa selain naik naikin harga;['None'];Not_Hate
missdinna_din;Temulawak biar gemuk;['None'];Not_Hate
kiki_bendre;Terooooosssss Very very very Unfaedah;['None'];Not_Hate
on_herbal_peninggi_badan;The best;['None'];Not_Hate
adi_darmawan_slamet;Togog Super;['None'];Hate
jennyydm;Udah bisa ni nyaingi atta sama ricis mending jadi vloger youtuber aja dah pak jokowi Ga usah jadi presiden ga cocok soalnya;['None'];Hate
vonie2nrk;Unfaedah;['None'];Not_Hate
4rifheroes;Video ky gini kok di share;['None'];Not_Hate
dwi_alves7;Vlog receh an;['None'];Not_Hate
afatarna;Wah nggarakno wedi ngombe jamu N_Target;['novitasuryandari'];Not_Hate
yuyu_kankang;Wah pantes kemaren gw pulang gawe jalur Padjajaran arah tugu kujang di alih kan ke jalan tol Jagorawi semua kendaraan arah btm numpuk semua di tol Jagorawi seminggu bisa x ngerasain kaya gini ternyata BPK LG pulang ke rumah istana ya;['None'];Not_Hate
ryu.nasution;Wat yu sei ai don belip yu;['None'];Not_Hate
ardanhsb;Wkwkwkwk;['None'];Not_Hate
alie.akbar.52;Woiii Siapa ni orang mata nya sipit lagi;['None'];Not_Hate
rezica.as;Wong ga kenal;['None'];Not_Hate
hendryzal80;Ya pak tapi presiden kami pesan kepada kami klw itu bukan urusan saya pak sekian dan terimakasih;['None'];Not_Hate
nyai.wulan91;Yaa allah ga berfaedah muka sm omongan sama;['None'];Not_Hate
caesaraape;Yawla apes banget sih endonesa punya presiden macam ini Mental sales dealer;['None'];Not_Hate
agisatria99;Yg pantas dirajang bukan jahe aja tapi JAE nya skalian;['None'];Hate
dr.dedyriduan;bagaimana kalo semua pengikut yang dikolam subscribe channel ya si bapak di YouTube kan lumayan uangya bisa buat bayar utang negara;['None'];Hate
sudarmentol;bukan urusan saya;['None'];Not_Hate
nurhasanah4392;buknny katany rajin puasa;['None'];Not_Hate
lisapuspitasari007;direktur mebel;['None'];Not_Hate
82.devira;gitu banyaknya urusan negara korban bencana utang kas negara defisit eh sempat sempatnya buat jamu emang nggak ada org lain yg buatin;['None'];Not_Hate
fahrul.azam328;hahaha ya beda lah bro itu kan pertemuan setingkat gubernur bukan presiden Klo presiden itu spt KTT n lain Beda kelasnya pertemuan antar pemimpin negara dg pertemuan antar pemimpin daerah Ngelucu aja nih Hahaha;['None'];Not_Hate
masitoh_agung5;jamu kuat plongo pak;['None'];Not_Hate
lisapuspitasari007;jijay;['None'];Not_Hate
sandy_asli;keahlian beliau;['None'];Not_Hate
sodiqjuventini;klo dr auranya kayak gk lama lg koit;['None'];Not_Hate
fahrul.azam328;lawak lah haha Coba perhatikan dg jelas gambar tsb Klo menilai dr posisi gambar Pak Jokowi itu sejajar dengan gambar kipas Kipas atau gunungan klo dalam istilah wayang Berada ditengah itu melambangkan keadilan Klo dr istilah wayang sendiri gunungan itu merupakan simbol kehidupan Dan memang tidak ada yg kebetulan dalam dunia ini antara posisi duduk pak jokowi dan pak prabowo itu brarti melambangkan persatuan indonesia Gunungan dengan semar bukankah itu lebih baik;['None'];Not_Hate
fikar_zlf;liat mata n raut muka semaleman begadang kira dah nyampe level brp yaa;['None'];Not_Hate
jundullah.184;maafkn kami ya Allah bkn urusan sy;['None'];Not_Hate
hattake7;males liat mending kita lihat sodara kita yg kurang mampu jauh lebih bermanfaat;['None'];Not_Hate
perempuanygtersisih_132019;mau k comberen pun silakan emang siapa nanya muka tembok;['None'];Not_Hate
tommynugraha18;muke lu;['None'];Not_Hate
suetjipto;ngk minat pak klo batu bara bisa jadi;['None'];Not_Hate
aisyah_ar_rauf;pemimpin negara ngurusi bakul jamu emang negara sebesar itu doang;['None'];Not_Hate
khrdhy7777;siapa ya kek kenal;['None'];Not_Hate
eri_gedoy;tukang mebeul ya;['None'];Not_Hate
heliawatisutrisni;wajahnya kok aseng bgt;['None'];Hate
yeny1811yahoo.com9208;ya Allah gantiin lah cepet cepet kesian rakyat;['None'];Not_Hate
wangunjaya_saputra;yg jualan jamu nya ibu megawati ya;['None'];Not_Hate
latifid26;Aamiin;['None'];Not_Hate
anam_asix;Aamiin kode alam;['None'];Not_Hate
fina_kusdamayanti;Aamiin semoga siarif kena stroke biar cebong yg lain jg cpt sadar klo azab Allah itu ada dan nyata;['None'];Hate
marniprie;Aamiin ya Alloh;['None'];Not_Hate
malifpudin;Aamiin yaa robbal alamin;['None'];Not_Hate
wawa_oliq;Aamiinn;['None'];Not_Hate
mrturbo103;Akal sehat PC akal dungu akal sehat diridhoi oleh alam semesta dan isinya aamiin ya robb klo akal dungu didukung cuma daerah kolam ja makanya pertanyaan dannjawabanya ga da yg berkwalitas kcuali cuma kbohongan isinyamungkin smp anak cucunya;['None'];Hate
kijang2;Akan datang hari hari yg mengkhawatirkan;['None'];Not_Hate
hana_pusparini24;Alhamdulillah Cebong ketauan memfoto tanpa izin Makasih Ya Allah telah menjaga kami;['None'];Hate
achmad_zulfachri;Allah yang bikin lidahnya keluh buat berbohong akhirnya ngebuka ke bobrokan kalo masih menang tuh jae udah jelas ga ada yg bener di negara ini yg satu masih pejabat bumn nyalon jelas salah satunya presiden stafnya sama kepala daerah si genjer jelas salah aturan pejabat aktif ko terlibat gituan;['None'];Hate
irawatisuginoshita;Allahhu Akbar;['None'];Not_Hate
munika39;Allahu Akbar;['None'];Not_Hate
robbiyansyah.eff;Allahu akbar semoga semua saudaraku semua dalam lindungan Allah SWT aamiin;['None'];Not_Hate
ginieristiana;AllahuAkbar;['None'];Not_Hate
herman_julian_kurniawan;Amin ya Allah;['None'];Not_Hate
rifkiarifin287;Amin ya allah;['None'];Not_Hate
siplongoh001;Apa yg terjadi jika MK memenangkan;['None'];Not_Hate
__that_emo_girl_e;Arah MK sudah jelas ke mana;['None'];Not_Hate
lisaapr4;Awas tuh kepala SDnya bakal ditangkap gak sopan sama presiden v;['None'];Not_Hate
peninggi.badan.termurah_111;BUTUH TINGGI CM BUAT KERJA tenang aja temen beruntung liat komen ini aku punya SOLUSI yg sudah TERBUKTI MEMBANTU yg mau daftar polisi pramugari dll kuy gausah mikir utk CITA pengen cepet chat konsul sama dokternya langsung chat WA yah ada di BIOku Yuk Cek IG N_Target;['PENINGGI'];Not_Hate
enie1709;Betul gak usah dateng bang sandi gak penting banget acara abal klo dateng berarti malah mengakui kecurangan;['None'];Not_Hate
azidnurazid;Betul jangan hadir buat apa menang curang ko;['None'];Not_Hate
andriaoktavianti;Bner brutal rezim dzalim smg Allah sgera turunkan azab untk mereka yg curang;['None'];Not_Hate
mrs._n.atika_bakri;Bpk Wapres pilihan rakyat uanteng bnget yg pasti gk malu in yg jdi pikiran qw apakata dunia klu KHMA mengikuti pertemuan semacam KTT waduh gmna penampilanx;['None'];Not_Hate
nie_thoriqolby;Brewok soleh nya bikin terKeCoh Gk cocok dgn kalimat syar i nya Ternyata hidupnya penuh kesilauan dunia;['None'];Not_Hate
priartchy15;COW PLUG;['None'];Not_Hate
dianadna732;Dasar cebong punya kelakuan gak punya adab ap y;['None'];Hate
amieanadewi;Dasar otak maling ya maling terus memalukan miris;['None'];Not_Hate
supriatna2506;Dasar si tukang bohong;['None'];Not_Hate
sobrie_a87;Dihadiri tamu senior joko widodo jadi hari rabu itu jokowi bukan presiden yah wkwkwk mau ketawa ntar ada yg baper;['None'];Not_Hate
wiendy_ars;Diliat dari cara bicaranya yg katanya orang kampung ternyata jauh lebih keren n intelek drpd pejabat yg sklh tinggi tp otaknya ga dipake;['None'];Not_Hate
lia_zulfikar;Garila;['None'];Not_Hate
annrach20;Gk professional bgt sih itu kuasa hukum KPU malah terkesan kampungan norak;['None'];Not_Hate
rahmadhani1717;HA HA HA SEMUANYA YANG SEKARANG PRO JOKOWI SAMA SEKALI TAK ADA NIAT LILLAHI TA ALLA MENGABDI UNTUK NEGARA TAPI SEMUANYA MENGABDI DEMI JABATAN PANTAS SAJA NAFSU MENGALAHKAN LOGIKA SEMUA PARTAI PENDUKUNG SERAKAH MEREKA SEMUA LUPA JIKA ADA TUHAN DIATAS SEGALANYA;['None'];Not_Hate
dedibukhori01;Ha Ha Ha;['None'];Not_Hate
pungki_parhepi;Hahaha editannya bagus itu ekspresi jokowi kaya gtu pas;['None'];Not_Hate
supriatna2506;Hajar terus biar mampus;['None'];Not_Hate
ramdhaniandrii;Hari rabu di indonesia hari tanpa presiden;['None'];Not_Hate
nisanurilhudhayani;Harusnya kamu yg dihadirkan jd saksi BPN aja yaa kayanya lbh tau bgt soal kecurangan yg terjadi selama ini;['None'];Not_Hate
junaidi10.jk;Itulah kdkl demi harta dan tahta melakukan segala cara walau tak diberkahi Allah;['None'];Not_Hate
ruslina60;Jelas sdh ternyata soal bagi kue kekuasaan to akar masalahnya;['None'];Not_Hate
yannaiddris;Kalau tidak puas atas vonis pengadilan MK janganlah kita hanya menuding satu pihak kelak yg akan diadili oleh Allah Semua akan diminta tanggung jawab oleh Allah hakim penggugat tergugat saksi pengamat wartawan pencurang penuduh curang pembuat hoax Termasuk yang suka menebar provokasi dan Yg dzalim dusta akan diadzab Janganlah anda jadi penghasut yang yang berlindung dengan selimut agama;['None'];Not_Hate
izradrummer;Kalo Janji ga ditepati ya bikin janji lagi gitu terus sampe lebaran;['None'];Not_Hate
umiyangky99;Kan sudah tk bilang buat apa ke MK wkwkwkkw;['None'];Not_Hate
arul_saputra86;Karakter KHAS cebong Bacot pagi dengan bacot siang bisa BEDA Gak JILAT Gak kenyang ya booonnggg;['None'];Hate
tuti_wahyu01;Karepmu Sril Arep ngomong opo;['None'];Not_Hate
citrayudhagalunggung;Kasian tar anak anak kecil itu di bilang makar;['None'];Not_Hate
omojak;Kelakuan KPU konyollll bgt;['None'];Hate
vonie2nrk;Kepo bnget ceeeh KPU pngen tau aze bukti dr BPN hello situ tkt ketauan ya busuk ny mkny hrs jujur dong;['None'];Hate
aguzsuprapto;Keputusan MK adalah masa depan bangsa BUBAR ATAU KUAT;['None'];Not_Hate
3nlestar1;Keren banget negarawan yg satu ini Mestinya yg lain bisa seperti beliau;['None'];Not_Hate
viviberlinda;Kerja di tol langit kan min jadi klo di bumi tdk terlihat;['None'];Not_Hate
indra_jaya_muhammad;Kgak akan ada yg datang juga mentok pasukan nasi padang dan uang receh yg datang haha;['None'];Not_Hate
ratna_446;Klo digagalkan lagi bisa berlanjut ke instusi makamah internasional disitulah titik akhirnya tak bisa lagi siapapun campur tangan akan tau dan malu;['None'];Not_Hate
salman.alfharizy;Koalisi itu bukan sekedar bagi bagi atau tawar menawar jabatan pak N_Target;['yusrilihzamhd'];Not_Hate
sintasdv;Kode alam;['None'];Not_Hate
meitysofieee;Kode keras;['None'];Not_Hate
yaya_agik18;Konyol guys hahaha;['None'];Not_Hate
fridatrihandayani;Kumpulan penjahat;['None'];Not_Hate
hrida78;Laaah PBB gak masuk senayan kok;['None'];Not_Hate
ikasari_maulidiah;Laknatullah alaikum kepada kalian yg mengetahui kebenaran tp memutarbalikannya N_Target N_Target laillahailla anta subhanaka inni kuntu minadzolimin;['kpu_ri', 'bawasluri'];Hate
arifaris_city;Makanya nyapres;['None'];Not_Hate
zi_fauzi_triyadi;Malingggggg takut kalah;['None'];Not_Hate
nuraeni4920;Malingggggggg;['None'];Not_Hate
dre_al_ghifari;Mampus lu mang enak di usir;['None'];Not_Hate
syahroniamrizal;Mantap jiwa om;['None'];Not_Hate
aditanjung2312;Masalahnya mereka kalo naik pesawat kan negara yg bayar Jdi mereka gk mau ambl pusing;['None'];Not_Hate
vanivirgayanti;Mereka memang ga punya rasa malu;['None'];Not_Hate
yogieyogast;Minra di ramein karena cebong g bisa pada hadir;['None'];Not_Hate
diaburhan;Moga MK yg muslim msh percaya janji Allah balasan Allah dan adzab Allah;['None'];Not_Hate
irghi_wirawan;Mulut kyk tai;['None'];Not_Hate
zeezeehasanwaode;Munafik;['None'];Not_Hate
tikosudiro;Munafikun;['None'];Not_Hate
people_pow3r;N_Target;['dwikideswira'];Not_Hate
r3z1m_r1weuh17;N_Target Dan Indonesia mempunyai Pemimpin baru yg adil amanah Aamiin;['berhijrah'];Not_Hate
herry7146;N_Target Man Robbuka;['jendral_anti_komunis'];Not_Hate
kafkalavista;N_Target N_Target;['sheekaannindya', 'basyirsaini'];Not_Hate
niakartaatmaja;N_Target aamiin;['andriaoktavianti'];Not_Hate
jwreminder;N_Target aamiin ya Robbal alamin klo diliat tipe tipekal Jeniz mereka sama ya Ya berakal sehat masuk ke berakal sehat dan sebaliknya;['mrturbo103'];Not_Hate
mulyadi_213;N_Target bagaimana pendapat Abang ini;['yusrilihzamhd'];Not_Hate
queenarie2015;N_Target ini sekelas MK bukan ujian anak SMA sblum ujian kok cari kisi biar bsa ngomong pd saat sidang;['ahmadbram_adt'];Not_Hate
nf_rachmn;N_Target kalo ngga ya bang yusril brarti ini yg pertama kegagalan dalam berpolitiknya;['lalu_ahsan_kamil'];Not_Hate
niss484;N_Target klo dah nyemplung kolam kan auto dongo;['irwanwonkesak'];Hate
nolin157;N_Target lah yg bertanggung jawab thp korban tewas kerusuhan Dilaknat kalian;['kpu_ri'];Hate
lisaapr4;N_Target merusak NKRI tangkap woy tangkap Penangkapan yang direncanakan;['medari_rimeda'];Not_Hate
niss484;N_Target mugi di pasihan kasabaran nepi ka beres rakyat menang;['manzkang'];Not_Hate
manzkang;N_Target muhun Teh Aamiin ya rabbal alamin;['niss484'];Not_Hate
ohjiho13;N_Target nah kitu weuh di taiklan mah;['0z2lgl01o61_si1i1jia4___'];Not_Hate
michan2007;N_Target pasti kepseknya ditunggangi HTI;['media'];Not_Hate
sulastri9693;N_Target pelanggar Ham;['sulastri9693'];Not_Hate
sulastri9693;N_Target purnawirawan yang tidak sayang sama negara sendiri itu di sebut apa penghianat atu apa ya min;['pom_pratt'];Not_Hate
esel_skriver;N_Target sedih Bila kecurangan itu dilegitimasi oleh;['siswati_s'];Not_Hate
fajrizais;N_Target telat banget koment y;['yannaiddris'];Not_Hate
lalu_ahsan_kamil;N_Target ya kalau bener kalau kaga gimana;['nf_rachmn'];Not_Hate
siswati_s;N_Target yaaah aja mas;['esel_skriver'];Not_Hate
abu_mirza79;Najis mi maling tuh;['None'];Not_Hate
dinaytalavie;Napsu banget;['None'];Not_Hate
yudi_vi3_you;Ngak punya aturan Mau foto izin dulu;['None'];Not_Hate
nh2ff;Nkri d ketuk palu N_Target bila salah indonesia bubar;['mahkamahkonstitusi'];Not_Hate
sheptyclim;Ooohhhh jadi ada tujuan dibalik udang berbatu LOL;['None'];Not_Hate
doankandin;Org dah panik ya gitu bukan ranah nya main nyusup aja tkt kebongkar ya ke bohongan nya Bismillah semangat pak saya pendukung mendo akan dri negri Pormosa smoga menang di MK Amiin ya rabb;['None'];Not_Hate
tiasurya7;Org klau banyak dosa takut sendiri drpd ketakutan lebih baik jln jln tuch ke eropa percuma uang banyak gk bisa menikmati;['None'];Not_Hate
cha_jr;Owh baru tau sekarang ternyata Indonesia klo hari rabu gak punya presiden ya;['None'];Not_Hate
mayang5582;Pak N_Target bang N_Target kami tk rela rekonsiliasi jgn sakiti hati kami;['prabowo', 'sandiuno'];Not_Hate
susanasetiaty;Please get out Mantap BW;['None'];Not_Hate
hartati_visi;Plinplan terimakasih kita jd semakin tau hm;['None'];Not_Hate
solihinedysaragih;Rezim panik begitunya PK BW;['None'];Not_Hate
bintang_adillah;Sa ae yusril;['None'];Not_Hate
yuandilla1910;Sebentar lagi ada panggung masuk bui;['None'];Not_Hate
fajri_alfath;Seharusnya pernyataan seperti ini yg harusnya dipertontonkan atau didengarkan disidang Mahkamah Konstitusi karena ucapan YIM Suatu ketika pemerintah ini jatuh kami siap ambil alih kekuasaan Apakah dalil yg seperti ini adalah termasuk dalil makar;['None'];Not_Hate
pom_pratt;Selalu kau takut takuti kami dg kekuasaan mu ya allah kami memohon pada mu tolong lah di ganti pemerintahan ini gak rela kami dipimpin oleh orang seperti ini jika engkau tdak mendengarkan doa dri kami yg hina ini maka dengarkan lah doa dri para ulama kami ya allah kami mohon ya allah;['None'];Not_Hate
jemi_zidane;Semoga Allah membuka mata hatinya;['None'];Not_Hate
piscesa5;Semoga bertambah berkah ya pak kota Jakarta;['None'];Not_Hate
arifmuhammad75977;Si yusril kaya cebong buduk;['None'];Hate
hormati_ulama2_besar_islam;Siapin KERANDA MAYAT buat SAKSI SPECIAL TKN LIDAH TAK BERTULANG ALHAMDULILAH TERBONGKAR Sudah dgn Sendirinya KECURANGAN Mereka ALLAH SWT Maha Mengatur segala RENCANA Amin yr a;['None'];Hate
supriyonoklemuk;Smg pecundang segera d Adili oleh Alloh swt Aamiiinnn;['None'];Not_Hate
aini.indra;Soalnya masyarakat indoneaia tu pilihannya PADI eh yg dimenangin malah suket teki;['None'];Not_Hate
smiley_emojiiii;Sungguh tidak arif budiman;['None'];Not_Hate
sri_hartati77;TIDAK sedang berhadapan dengan Cawapres tapi dengan;['None'];Not_Hate
rajawali170845;Taik taik taik Wir;['None'];Hate
ae_alfiand;Tanda itu;['None'];Not_Hate
androidsch;Tapi aneh ny d jawab bukan urusan sya Selesai;['None'];Not_Hate
sigit.wahyu.s;Tayangin di sidang emka;['None'];Not_Hate
one_nee92;Tim hukum sedang melawan kpu dan klub cebong;['None'];Hate
linaherlina4667;Waaaahhh dasarnya curang y gitu slalu curang;['None'];Not_Hate
muharyanti;Wah pulang sidang anak istrinya harus di amankan ke kutub tar di cari si jendral loh;['None'];Not_Hate
alfan_percetakan;Wahh alamat mati kelelahan nih Ngeri boyy;['None'];Not_Hate
rahmadhinitiara;Welcome to;['None'];Not_Hate
sheva059;Wkwkwk;['None'];Not_Hate
rianhidayatalfarisyi;Wkwkwwk;['None'];Not_Hate
miftahmoon;Wkwwk MampuS;['None'];Not_Hate
nf_rachmn;YIM rela kotor an buat slamatkn bangsa ini aksi bang yusril ini bagian dari politik Sengaja masuk buat ngacak doang liatin ajh bakal menang brkat dari yim ini;['None'];Not_Hate
dewi_intan_suci;Ya allah ya rabb Hanya engkau sebaik nya penolong puluhan juta hambamu memohon kepadamu berikan keadilan untuk negara kami turunkan mukjizat mu ya rabb untuk rakyat yang memimpikan negri ini adil makmur;['None'];Not_Hate
ziza_lou;Ya masa sih kalau sudah tahu menang hasil kecurangan Terus mau hadir dan mengucapkan selamat ya harus ga lah kalau tidak hadoo mempermainkan rakyat yang mendukung dong;['None'];Not_Hate
sumari_rusman_budiarjo;Ya ternyata begitu aja;['None'];Not_Hate
esel_skriver;Yaah;['None'];Not_Hate
s_rnaaaa;Yuk semuanya berdoa untuk kebaikan keselamatan pak bw yg sedang memperjuangkan kebenaran keadilan;['None'];Not_Hate
mimah_quen;Yusril manusia bertopeng;['None'];Hate
sudirman.aceh;allah maha adil dan kuasa atas segala yg berkuasa;['None'];Not_Hate
0z2lgl01o61_si1i1jia4___;barang bukti vedio bisa mempenjarakan org asal pelakunya org trsbt orang islam tp barang bukti yg sama sama barang bukti dr vedio jg bisa membebaskan pelaku kejahatan asal pelakunya trsbt org dr rezim dan perekam vedionya justru yg dipenjara;['None'];Not_Hate
saepul.anwar009;boleh ga klo sy katakan pa N_Target munafik;['yusrilihzamhd'];Hate
elzeeshelia;g minat datang ke acara recwh dan nasi bungkus;['None'];Not_Hate
defriansyah26;haha tampang si jae dasar manusia;['None'];Hate
ramadhani.dyan;jejak digital memang menyakitkan gesss;['None'];Not_Hate
jono7661;kalau curang bagaimana pak;['None'];Not_Hate
saifulanwar6712;kuasa hukum kpu kampungan;['None'];Hate
ina.976;maling bajingan;['None'];Not_Hate
manzkang;miris duh palaur ribut di akhir ngeri;['None'];Not_Hate
iman_emaneman;mrk pikir dagelan;['None'];Not_Hate
indraclasser;ngipi;['None'];Not_Hate
ali_nuridin;ngoahaha;['None'];Not_Hate
ardie.24;paket komplit;['None'];Not_Hate
irwanwonkesak;parahhh orang hukum v etikanya idiottt;['None'];Not_Hate
mimah_quen;pulau di Indonesia mana lagi yg bakal di sangketa negara asing nanti karena ga bisa bayar utang kita doakan sajalah yg terbaik buat Indonesia;['None'];Not_Hate
neetfatta_1142;rasain di usir;['None'];Not_Hate
odiksunardi;slude ke empat udah jelas kalo orang ini minta jatah mentri;['None'];Not_Hate
ipunkyeu;sril yusril jadi tau siapa yg omongannnya plin plan;['None'];Not_Hate
abdipancanegara;sudahii sling menyalahkann skarang mending fokus bangun bangsa dan Negara;['None'];Not_Hate
lia_arliani18;wahai N_Target bukti kecurangan udh jelas berlaku ADILah ingat Allah akan membalas smuanya;['mahkamahkonstitusi'];Not_Hate
alukardhi;Bangsat pengkhianat bangsa;['None'];Not_Hate
daster_surakarta;Berartii yg me nyanjung dan me muji adalah orang Terserah yg mau meneruskan;['None'];Not_Hate
adhitya_dhamara;Biarin dah para koruptor makan hasil uang haram terosss Nanti yg mreka makan semoga cepat berubah jadi penyakit ganas;['None'];Not_Hate
__ari_kurniawan__;Buat apa bayar pajak klo pada akhirnya di korupsi;['None'];Not_Hate
mr_dodibasri;Gak apa semua naik asal honor sama gaji juga ikut naik;['None'];Not_Hate
slamet_firmansyah_11;Indonesia Maju Korupsi;['None'];Not_Hate
bagas_gazz;Masih punya muka lo bangke bicara didepan umum;['None'];Not_Hate
mhitmit_80;N_Target;['fort'];Not_Hate
fort.una7777;N_Target biar mampusss;['syahila_02'];Not_Hate
fort.una7777;N_Target gk ush di kutuk batu gw sumpahin ditabrak tronton;['miftahulkhaer955'];Not_Hate
syahila_02;N_Target mampusnya dengan ter sendat gitu;['fort'];Not_Hate
fort.una7777;N_Target setiap liat muka si bangsat ini gw inget aja waktu pemilu lho muka nya sok polos tryata anjing ini doyan duitt bggtt;['bagas_gazz'];Not_Hate
sayyidah.azahra;N_Target subsidi rakyat terus di hanguskan jokowi bapak hanya bisa terus diam aja ya pak hanya manut dengan pemimpin yg memeras rakyat miskin Kami menunggu dan menunggu;['prabowo'];Not_Hate
dadi.dfs;Paham banget kek REZIM skrg kan Ga punya otak dan berkuasa alhasil hancur deh negara yg dibangun dengan susah payah ini hancur cuma dlm periode yg paling ngerusak itu kubu si mamak monyong puteh;['None'];Not_Hate
syahila_02;Penipu rakyat biar busuk kau dipenjara;['None'];Not_Hate
naftry;Penuh tipu tipu;['None'];Not_Hate
mhitmit_80;Tinggal menunggu waktu aja ketuanya di kutuk jadi batu sesuai dengan perkataannya dulu;['None'];Not_Hate
__theblackphanterqueen__;Tinggal nunggu kehancuran negeri ku ini;['None'];Not_Hate
xadhays;Tinggal tunggu azabnya;['None'];Not_Hate
raaznan_123;Woy Maling Maling Maling Bangsat Woy Bangsat Bangsat Woy Garong Garong Garong Uang rakyat;['None'];Not_Hate
odang_risky;dan bodohnya cebong masih banyak yang nyembah;['None'];Hate
