Username;Comment;Target;Label
jefri.afriyanto;Begini muka demokrasi negara konyol semua yang di atas Kong kalikong silahkan bangga atas kenikmatan dunia tapi tunggu lah akhirat menanti terutama pemimpin KPU anda di beri amanat jg curang MK nya tukang penimbang malah gak adil ikut bantu nyumpahin ah biar doa yg tersakiti terkabul;['None'];0/1
ar.diansyah7933;Bukan dimenangkan scr legal Tapi curang dan berbohong Ya klo berani sumpah dihadpan rakyat d liput tv kroni gpp Presiden dan wakil d depan pendukung baris jejer di belakangnya mulai jusuf mancur aqil sirot mangput dm tgblok sby mega Silahkan dibelakang nya dan bersumpah saya tdk curang dan bohong klo saya curang dan bohong lebih baik saya dan pendukung saya jd babi Coba brani tdk;['None'];0/1
firaunnya_cebong;Gw juga gak yakin klo Al Qur an yg dipake buat sumpah jabatan si joko un itu ada didalamnya ada tulisan ayat suci Al Qur an Takutnya cuma cover luarnya doank tapi dalamnya hanya kertaa putih polos Pernahkah kalian melihat Al Qur an yg dipakai untuk sumpah para pejabat tsb bener Al Qur an;['None'];0/1
alif_permana;Hanya mengingatkan kembali pak N_Target tolong dong di luruskan Apakah bapak akan menjawab dengan kalimat saya tidak tahu atau itu bukan urusan saya hancur indonesia klo begini terus pak;['jokowi'];0/1
rathreebettar3;Hebat mak salut mahasiswa mendem kaya tai hari di empang di telen cebong;['None'];0/1
nyimamay;Itu grup trio penjahat BAWASLU KPU MK SEPERTI NYA TIDAK MALU DILIHATIN SELURUH BANGSA INDONESIA DAN SELURUH MATA DUNIA YG NYATA NYATA MALING MERAMPOK SUARA RAKYAT DEMI MELEGALKAN PERSEKONKOLAN KEJAHATAN MEREKA BERANI AMAT MAU MELANTIK PRESIDEN HASIL PILPRES CURANG APAKAH URAT MALUNYA SUDAH PUTUS TDK PUNYA MALU;['None'];0/1
nelvikurnia;Kalau ada Rasulullah hari ini SEMUA KAUM LGBT AKAN DIBUNUH KARENA MERUSAK TATANAN MANUSIA NORMAL NAFSU IBLIS YG MEREKA JADIKAN PANDUAN LAKNAT ALLAH UTK MEREKA SEMUA PARA LGBT;['None'];0/1
benci_kedok_agama;N_Target Gaji ngurus tai kuda;['burisrowo69'];0/1
ayankku2010;N_Target Waktu dn tempat d persilahkan makin stressss;['nurzanah_'];0/1
fandyaulia87;N_Target alim ulama kamprett klo mau menisbatkan seseorg sebagai ahlul bait hrs jelas dulu nasab keturunannya boss jgn hnya menilai dri mulut ke mulutt;['reza'];0/1
yulianti3715;N_Target anyutin langsung ke kali;['tin_kazashe'];0/1
fandyaulia87;N_Target berprasangka buruk terhadap seseorang yg sudah memfitnah dan betkata buruk kpda pemimpin apakah pantas untuk didiamkan saja ini fakta loh ada di media bkn mengarang atw hnya sekedar berita fitnahan saya bukan berprasangka buruk cmn mengigatkan pengikutnya agar tdk taqlid buta terhadap junjungannya yg membawa diri kita ke arah kemungkaran tanda akhir jaman bos bnyak ulama yg mengajak umatnya ke lembah kesesatan masih blm sadarrr jugaaaa;['reza'];0/1
fandyaulia87;N_Target bukan merasa paling benar boss negara itu bisa maju adil dan makmur tergantung prilaku rakyatnya juga seperti apa kelakuannya dan jgn kebnyakan main game online juga karena game online itu membuat prilaku manusia menjadi HALU;['wahabazrul'];0/1
fandyaulia87;N_Target dan akhirnya mubahalah yg dilakukan oleh si bahar kembali lgi kpda dirinya mknya lisan tuh dijaga sampe hrs memukulin umur dibawah umur apkah itu tindakan yg terpuji susah dah klo yg nmnya manusia itu trlalu fanatik dgn su pemberontak apa yg dia lakukan sllu didukung;['indonesian_akhwat_'];0/1
burisrowo69;N_Target gua timpuk pake tai kuda lu bang Terdzolimi nih gua cebong Lucknut;['benci_kedok_agama'];0/1
benci_kedok_agama;N_Target haha enyah kau dari nkri;['mrs'];0/1
mrs._n.atika_bakri;N_Target hahaha baiklah klu sy dan daerah sy pisah dari lndonesia boleh dong org bego n dungu muka tua jelek hidup pula tuh;['benci_kedok_agama'];0/1
sitipallupi;N_Target ini Thai lend;['abisalma8'];0/1
yafiehaikal;N_Target jelas dimenangin bos kita ga usah bahas kecurangan status Maruf amin sbg pejabat BUMN pun ga jelas kan padahal itu udah jelas dlm UU klo pejabat BUMN ga boleh maju kecuali dah mundur bisa lu jelasin;['kartikapraja_'];0/1
anggaarantxa;N_Target jgn bawa Allah deh buat politik kl Allah melihat ada kebathilan di pasti yg menang la ini jelas menang masi koar aja ngerasa g sih kl wowo g diridhoi wkwkwkwk;['xigy_yagigiri'];0/1
riski_gurdacil;N_Target kamu bilang ulama dg sebutan sprti itu semoga hidayah cepat datang padamu sekeji kejinya manusia jgn sampai menyebut ulama sprti itu ulama itu bukan hanya ulama kami saja tapi tapi ulama mu juga kacuali kau bukan orang islam atau kau orang munafik yg mengaku islam smpai kau menghina ulama sprti itu;['fandyaulia87'];0/1
anggaarantxa;N_Target kl mau bawa Allah hayuk Allah Maha Tau Maha Bijaksana gak mungkin Allah akan menjerumuskan umatNya dengan menangnya brarti lu tau yg bangsat siapa ya lah govlog;['xigy_yagigiri'];0/1
anggaarantxa;N_Target lah gua taun periode jokowi g gila nih golongan lu aja yg gila kemenangan sampe ngajuin ke MK dan jadi bahan lelucon di sosmed gr saksi ahli kalian wkwkwkwk g kebalik siapa yg gila yg gila banyak dr golongan elu kampret;['novalda_17'];0/1
fandyaulia87;N_Target maaf bos bnyak ulama yg baik dapat dijadikan referensi utk diambil ilmunya ulama itu bkn cmn pintar menghafal Al qur an dan Hadist tpi lisannya hrs dijaga agar dapat menjadi contoh buat umatnya sendri msh bnyak umat yg tdk pro dgn bahar karena lisannya yg suka membuat keonaran dan menjadi provokatar keributan;['riski_gurdacil'];0/1
reza.sagaf;N_Target oh sayyidina umar bin khattab tdk perlu berkata kotor langsung penggal kepala dan rosulullah tdk mengingkari umar bin khattab dalam memenggal munafik berkata kotor saja anda permasalahkan tapi pengkhianat pemaksiat pendzolim dll anda biarkan otak anda jgn kebalik yg haq katakan haq yg bathil katakan bathil coba anda kembali ke sejarah al habib salim bin jindan yg terkenal sbg singa podium dimasa pemerintahan soekarno anda kalau mentalnya lembut ya sudah ikuti saja ulama yg lembut tdk perlu anda menggunjing ulama keras jgn semena dan merasa lebih pintar ilmu anda tdk ada apa nya dibandingkan beliau ngaca dlu sblm bicara;['fandyaulia87'];0/1
indonesian_akhwat_;N_Target presiden belegug;['agusendog'];0/1
lingkar_maiyahbanten;N_Target terkadang sulit membedakan mana mereka yg munafik khianat Allah akan menunjukkan sing becik ketitik sing olo ketoro;['arba_nst'];0/1
fbrnadhrs_;N_Target update dong pak lagian emang di jaman jokowi doang orang gila bisa nyoblos Di jaman sby kok gk di permasalahin;['bank_sha_dewwa'];0/1
anggaarantxa;N_Target wkwkwkwk cian jadi gila dibilang cian orang gila kalah masuk rehabilitasi sna kumpul kader gerindra;['lyz_collection'];0/1
ayankku2010;N_Target wkwkwkwk kalian berdoa buat kemenangan prabowo aja tuhan gk ngabulin koq apalagi ini doa yg jelek NGACA woyyyyyh;['khilafa_islamia'];0/1
nura_moms;N_Target yg coblos situ yg dipenjara jg situ yg dimenangin kagak peduli hehee;['sutini_haunani'];0/1
fandyaulia87;N_Target yg kau lawan sapa orang kafirr apakah Ahlaq seorang habaib yg mengatakan seseorang banci dan menyuruhnya memakai softex apa pantas disebut ulama belajar agama jgn setengah brother di kitab orang kafir pun ga ada yg diajarkan memfitnah atw membenci seseorg;['reza'];0/1
khaeria_ali;Semangat untuk kebemaran Habib org munafik skrg sedang diatas awan tunggu nanti Allahpun akan membinasakan mereka tinggal nunggu waktu dan jangan pernah berkata menyesal nantinya krn mereka telah menzholimi cucu cicit rasullullah;['None'];0/1
raga_ardhia_garini;Si yaqut mah iblis kan;['None'];0/1
cocowarsong;Skalian ketua KPU BAWASLU n MK nya di penjara;['None'];0/1
ahmad0809_gw;Tanggung Min kenapa gak sekalian jt rakyat Indonesia yg kemaren milih pa Prabowo nolak Jokowi klo cuman jt mah kecebong sumringah;['None'];0/1
danu.dirja.144;Wahaha ini namanya pemulung tingkat international waarrrrr biasa emang sampe sampe sampah pun di inport segitu hausnya kah kalian dengan harta wahai ebong ebong yg terkutuk;['None'];0/1
yafiehaikal;Yg kejadian mei sampe bocah meninggal cuman hari sanksinya itu pun ga di pecat hebat negara taikland;['None'];0/1
dengkloh1673;Yg mendukung LGBT itu ormas LAKNAT mdh an di Adzab Alloh;['None'];0/1
regarborneo;kenapa para LGBT gak pindah ke negara lain yg bebas dr LGBT kan lebih nyaman jgn mengganggu dan merusak bangsa indonesia kasian anak indonesia kalian nodai kalo kalian para LGBT cinta tanah air jgn sampai kalian menularkan penyakit kalian ke anak bangsa cukup kalian saja dan kalo kalian mau aman dan bahagia versi kalian ke belanda atau ke thailand saja dsn gak ada yg larang;['None'];0/1
reza.sagaf;N_Target kalau benar beliau ahlul bait artinya anda sudah menyiapkan tempat dineraka sia anda mencintai datuknya rosulullah shallallahu alaihi wa sallam jika anda ada rasa benci trhadap ahlulbaitnya;['fandyaulia87'];0/1
ema_watieee;N_Target medianya itu kan media cebong;['imbanana77'];0/1
shiddiq.purnama79;Keadilan kita di rampas oleh PKI Laknatullah alaih;['None'];Hate
xigy_yagigiri;Cebong sekolam sulit fahami kebenaran semoga mndapat hidayah aamiin;['None'];Hate
ali_h_sangun;Dengarr th cebongg saudara seimanmu dpenjarakan krna hal yg ga jlas;['None'];Hate
bajigoy46;Di Tv gw klo tiba si Mukidi muncul langsung Auto BLURR;['None'];Hate
momy.chan_;Di pasti kan cuma cebong yg nyaksikan pelantikan tuan nya cebong boleh survey tiap rumah pendukung ga ada tu yg ntn tv;['None'];Hate
benci_kedok_agama;Dimohon kpd para kampret agar segera mengucapkan selamat kpd pak dhe dan kpd seluruh bangsa ini atas Cepaaattt;['None'];Hate
jonliville;GK nontonpun pembahasannya lebih banyak dr kampret;['None'];Hate
rizal_sikumbang15;Inalillahi shalawat buat mainan si raja kodok dan pengikutnya ooohhh negriku;['None'];Hate
agus_setyawan2389;Kampreet sakit hati ya;['None'];Hate
arbi.bra;Kwkwk ngakak gua liat nih berita serasa MK lebih kecil akalnya dari pada rakyat bahkan rakyat yg tidak sekolah tinggipun tau pilpres ini terindikasi ada kecurangan tapi MK merasa tidak ada kecurangan;['None'];Hate
annur_hafizhoh;Logika koloni kolam;['None'];Hate
aldebaranorionis;MK tdk ada gunanya Bubarin aja;['None'];Hate
bali_sdo;Makanya jangan mau dibodohin oleh pejabat dan oknum cebong cebong;['None'];Hate
faatkaseemkhan.1656;Makin gila aja MUI mana fatwanya nih harus segera disuruh taubat;['None'];Hate
benci_kedok_agama;N_Target Siapa yg nyuruh pisah Gue blg lo pindah dari sini tolol;['mrs'];Hate
dyethafitra_18;N_Target Susah bro ngomong ma bani cebong cuekin aja lewatin aja;['reza'];Hate
sadhamchocs_;N_Target beranilah cebong mn takut Tuhan;['firngadi_braling1'];Hate
anggaarantxa;N_Target bikin negara lawak sendiri sana sandi okeoce n wowo pemimpinnya rakyatnya yg govlog dr gol anda;['novalda_17'];Hate
yafiehaikal;N_Target bos jgn bawa Allah lu lu pikir Allah ridho dgn org yg melanggar aturan emang saat ini lagi di atas bos tp bkn untuk berkuasa tp membuka kejelekan kubu lu tanya tuh org dari KS yg di PHK gimana tanya listrik yg semakin mahal gimana tanya semua mau di pajakin sampe kantong kresek aja mau di cukai kere ya bos keliatan udah koreng junjungan lu bong;['kartikapraja_'];Hate
indonesian_akhwat_;N_Target coba sumpahin sini yg kamu anggap tukang party berani sini post disini atau kamu takut hey kaum bodoh;['giyono_69'];Hate
fbrnadhrs_;N_Target dan nyatanya suara prabowo di rumah sakit jiwa lumayan banyak dapat di simpulkan lah ya siapa presiden pilihan org gila;['bank_sha_dewwa'];Hate
pingkabo6;N_Target jadi orgi apa struk itu lbh mudah dikabulkan Tuhan;['ar'];Hate
anggaarantxa;N_Target jujur palak kau yg curang situ malah nuduh curang kampanye banyak hoax pula udah sono nangis dipojokan kamar junjungan lu uda kalah periode depan berharap aja wowo masi segar bugar pasti kepilih kok kl dia masi sehat untung aja maks periode kl lebih mah siap kalah lg wuakakakakak;['xigy_yagigiri'];Hate
ceperituangga33;N_Target kagak ngaruh juga lu ngebacot apapun BURUK tetaplah BURUK;['musdalifahc33'];Hate
indonesian_akhwat_;N_Target kalo boleh saran hindari debat dgn org bodoh seperti N_Target Kpd habib sj sperti itu adabnya ckckck;['reza', 'fandyaulia87'];Hate
indonesian_akhwat_;N_Target kamu nulis jawaban panjang amat nulis cerpen sy doakan mubahalah anda dgn para habib simpel kan;['fandyaulia87'];Hate
mrs._n.atika_bakri;N_Target kan lu bilang kluar dari lndoonesia qw bilang ok qw kluar dgn daerah qw jdi klu kmi minta referendum ntar junjungan lu bilang makar disuruh kluar lndonesia giliran mw pisah secara legal dgn referendum lha panik situ waras;['benci_kedok_agama'];Hate
hasna_amalia2;N_Target kaya dia pernah pernah o di bentak dan dimaki pak prabowo Kenal aja ga Sksd deh Fitnah mulu kerjaannya kaum dungu;['indonesian_akhwat_'];Hate
indonesian_akhwat_;N_Target klo nulis cerpen gaakan aku baca selamat menjalani mubahalah;['fandyaulia87'];Hate
bank_sha_dewwa;N_Target memang juragan luh orang gila saja suruh nyoblos ntar luh kebawa gila jadi pendukung nya;['anggaarantxa'];Hate
indonesian_akhwat_;N_Target mubahalah HRS d ig aku jg disunat;['ummi_arkha'];Hate
indonesian_akhwat_;N_Target mubahalah kamu dgn habib insya allah berjalan aamiin yra;['fandyaulia87'];Hate
giyono_69;N_Target mubahalah po dolanan debus;['indonesian_akhwat_'];Hate
novalda_17;N_Target ntar lagi lu yang gila karna gak sanggup dengan hasil dari pilihan yang salah;['anggaarantxa'];Hate
aba.dil_;N_Target wkwk cebong bersuara;['arya_madhavi'];Hate
anggaarantxa;N_Target wkwkwkwk yg kalah situ teriak curang simpatisan wowo sudah mulai gila buuung maap;['novalda_17'];Hate
bank_sha_dewwa;N_Target yang gila kekuasaan tuh siapa bung bukankah yang menghalalkan segala cara yg gila kekuasaan itu sehingga kecurangan di anggap bagian dari demokrasi waras dikit nape sih;['lyz_collection'];Hate
buuoodie;Ngaciro terhempas oleh badai sendiri BADAI JAENUDIN;['None'];Hate
arjunaarsyad;Oh nggak termasuk nih jalan tol program cebong comberan kasian amat dibohongi ama cebong;['None'];Hate
corla_ratujreng;Paling Kampret mau jual Fitnah Ke Jokowi Hohih;['None'];Hate
adlanjihad19;Si raja evong gk usah dsumpah krn dari kemaren ane yakin udh bnyak rakyat yg nyumpahi;['None'];Hate
mpok_rogaye;Skrng bukan ataw lg tp udh Indonesia tp klo cebong mulai dluan terpaksa kampret hajar;['None'];Hate
budi_tengger;Untungnya cebong ga ada salahnya;['None'];Hate
fajer.abdullah.94;Wadau facta dan realita janji manis ebong posisi;['None'];Hate
fpi_cilkot;cebong cebong dah dapet kartu belum;['None'];Hate
kumar_5575;Cebong silahkan komentarnya;['None'];Hate
momy.chan_;Dia kan cebong jd bebas aja mau ngapain;['None'];Hate
momy.chan_;N_Target kamu cebong ngaku pendukung aku tau gimana sifat nya cebong;['indra_dwisapoetra'];Hate
pingkabo6;Kasihan rakyat kecil yg kena Di php sm penguasa itulah rezim skrng Lagi bukan urusan sy kl raja cebong bilang;['None'];Hate
rizkyakbar6403;N_Target emang ada hakim yg masih mulia ya Mgkn mulia dimata rezim cebong kali ya;['pelautmilenial'];Hate
yafiehaikal;N_Target kebenaran harus di sampaikan walaupun pahit ah cebong mau aja di tipu trs;['siswanto3167'];Hate
apaafikkk_;N_Target Cebongg mana paham;['arya_madhavi'];Hate
afdalul_z;N_Target cebong;['ponco494'];Hate
indonesian_akhwat_;N_Target coba lbh dalem lg hina nya HRS udah mubahalah siapa tau kamu jg kena berani;['sahalmakarim'];Hate
indonesian_akhwat_;N_Target coba sumpahnya barangkali mw ditambahin Siapa tahu nanti ada mubahalah Jd ketauan siapa yg busuk;['fandyaulia87'];Hate
reza.sagaf;N_Target fahami dlu komentar saya bisa gak sih cebong dikit pinter;['kartikapraja_'];Hate
dayshi_galuh;N_Target ga butuh komen cebing;['bayustyw'];Hate
mrs._n.atika_bakri;N_Target itulah begox cebong yg ngomong kertanegara siapa ya Kmi mw referendum lu mw ngapain;['benci_kedok_agama'];Hate
fbrnadhrs_;N_Target iya prabowo gila kekuasaan buktinya dia gagal teruss apa gk mau coba jadi wali kota atau apapun selain presiden kenapa harus jadi presiden kecurangan kalian selalu teriak curang tanpa adanya narasi pembuktian dasar sampah;['bank_sha_dewwa'];Hate
syahrialsuryandana;N_Target kita tungguin aja lu nyesel pilih jokowi menyusul para cebong lainnya disaat semua bahan pada naik dan kebijakan pro rakyat sdh hilang baru lu pade nyadar klo kita para kampret tu lebih syg sm nkri drpd sekedar teriak khilafa sprti yg lu tuduhkan sm kita bahkan kita kasian sm para cebong smg sgr sadar dan bangun dr tipuan para kacung cina itu sadar lah wahai sodaraku indonesia sdg sakit saat ini masak lu masih menutup mata sih Coba pake mata hati lu kisanak;['musdalifahc33'];Hate
kencana6736;Anies dituntut jadi manusia sempurana salah dikit habis;['None'];Hate
emilyaedward;BACOT AJA GEDE TU CEBONG;['None'];Hate
baim_wong_gendeng3674;Dasar cebong DUNGU;['None'];Hate
fitri.andhi;Gini msh d bilang gk ada kecurangan hello apa kabar MK Mahkamah Kecurangan;['None'];Hate
okieeputra;Gp ancorrrr;['None'];Hate
suvika88;Ini msh di bilang gk ada bukti ya N_Target terkutuk lah kalian;['mahkamahkonstitusi'];Hate
arya_madhavi;KAPOK HABIB BARBAR MASUK BUI WKAKAKAKA;['None'];Hate
zakysef;Kang ngibul si jae;['None'];Hate
bank_sha_dewwa;MK SINGKATAN DARI MAHKAMAH KECURANGAN;['None'];Hate
syarah83;Mahkamah kalkulator;['None'];Hate
benci_kedok_agama;N_Target Cepat ucapkan slmt dulu tolol;['khilafa_islamia'];Hate
omenshakim;N_Target Siapa yg berontak Bangsat lo;['fandyaulia87'];Hate
abdillah_sng;N_Target mahkamah Konidin;['bank_sha_dewwa'];Hate
xigy_yagigiri;N_Target puas puasin anda tertawa tunggulah azab Allah itu nyata;['anggaarantxa'];Hate
dianrissing;Nnti c ariep budiman laknatulloh lebih dr ini azabnya;['ariep budiman'];Hate
renny_jie;Semua jg tau dr awal termasuk TKN kalo pemenang pilpres adalah hanya N_Target yg abadi dlm kedunguannya;['cebong'];Hate
aresforever78;mahkamah konstipasi;['None'];Hate
t.ryan_d;makan tuh N_Target di benci rakyat lu;['Jokowi'];Hate
riszqyputrahd125;Alh jancuk jalan udah lama tolol kenapa lo kalh lagi ya gtu aja orang papua suka jokowi bukan wowo njinh;['None'];Hate
randyboysk;Baco tu oi tai kau anjing kau N_Target;['jokowi'];Hate
dewi.massitoh;Badai Barunya People Poweeeeeer hei rakyat yg TERDZOLIMIN terPHK sepihak Cebongers yg tertipu Jae Ayuuuk nguuuuumpul ambil kedaulatan rakyat nyolong dibalas nyolong nyawa dibalas nyawa n culik pa Prabowo biar gak denger bisikan pengkhianat setelah pemerintahan ditgn rakyAt keluarkan prabowo jd pemimpin insyaAllah Chaos rakyAt Indonsia ridhoin ALLAH TAKBIIIR ALLAHU AKBAR;['None'];Hate
dithakurniaputri;Berarti bener ya yg dicobloosin masal itu ya berarti MK TAIIIIII;['None'];Hate
anto_nif0710;Biarkan saja mereka orang x DUNGU orang x dari kaum yg terpapar paham kecebong kodok yg berbau komunis mereka memilih presiden dari hasil curang tidak jujur tidak adil saat yaitu presiden boneka tukang bohongi rakyat suka bikin pencitraan palsu yang berkiblat menyembah berhutang uang kepada negara cina komunis;['None'];Hate
jayahanan;Buat di sumpain al qurran kan udah jelles pak jokowi maling suara rakyat curang kali cuman nunngu azab dri allah pak jokowi;['None'];Hate
m.mhr19;Dsr mukidi smuanya dijadiin cebongers bngst tp Ane sklrga ttp mendukung dn mendoakn bpk Prabowo smp kpn pun;['None'];Hate
mulyatiranny;Gk tau malu ya kok tegeul jokowi bgtu nistanya bukan HAKnya jd presiden masih mau dilantik tdk tau diri ya pdhl penggefe di indonesia ini gk pantes blass;['None'];Hate
firaunnya_cebong;Gw yakin si gembul N_Target ini bagian elgebete terselubung;['gusyaqut'];Hate
nicoagan;Hidup mahkamah kecebong jujur kacang ijo;['None'];Hate
ali_asadullah12;Hp Ansor Banser banci serem bubarkan;['None'];Hate
fandyaulia87;Ingin mati membusuk dipenjara ya nikmatin aja hidup loe bahar ga usah bnyak protess;['None'];Hate
firdsoul;Menang karna curang tapi rakyat tidak mengakui di jokodok presiden karna hasil dr kecurangan Kan goblok menang aja masih ribet cari sensasi legitimasi dr rakyat gue mah ogah;['None'];Hate
indonesian_akhwat_;N_Target Begitulah cara berfikir kaum bodoh;['hasna_amalia2'];Hate
mrs._n.atika_bakri;N_Target Dgn bangga qw bilangin lu cebong jelek tuwir qw bangga jdi pendukung PRABOWO SANDI yg smart jujur ganteng jelas asal usulx lndonesia yg cinta negarax qw diluar sono ditanyain presiden lndonesia siapa qw bilang BpkPRABOWO SUBIANTO dy lah presiden sesungguhx dihati kami yg lain gak mau qw akuin mau apa lu;['benci_kedok_agama'];Hate
atepzatepz;N_Target akun bodong bancii bacot doang gede;['sahalmakarim'];Hate
fachrulbikers662;N_Target bangsattt kelar hidup lu laknat;['fandyaulia87'];Hate
indonesian_akhwat_;N_Target hey kaum bodoh coba pengen denger siapa yg jalan jalan keluar sekalian sumpahin dan hina se hina hina nya karena dia sdh mubahalah berani Atau bakal diem doang krn sbnrnya kamu takut;['healthy'];Hate
omenshakim;N_Target lo yg gw bikin busuk loh Loh gerombolan lgbt yaa;['fandyaulia87'];Hate
ini5312;N_Target mati aja mati lu bangsat Karena jokowi juga gak butuh lu;['dr_fatahillah'];Hate
fandyaulia87;N_Target mknya klo hidup itu jgn jdi orang dunguuu cocok mmnk sama si bahar mulutmu;['omenshakim'];Hate
setyadi_budi18;N_Target mksudny tolol itu fakta omongan dan realita tdk sjalan pmerintah hrua kasih solusi bukanny kbohongan dsar cebong tolol;['siswanto3167'];Hate
mrs._n.atika_bakri;N_Target najissss;['benci_kedok_agama'];Hate
indonesian_akhwat_;N_Target saran aja sih jika nanti tdk mati mengenaskan atau hidupmu sulit tinggal dtg minta maaf Krn daging ulama apalagi habib beracun;['fandyaulia87'];Hate
fandyaulia87;N_Target saya nulis panjang biar ga tambah dungu ente msh bnyak Habaib yg berilmu dan lisannya bagus utk diambil ilmunya bukan Habaib abal yg ngaku ahlul bait tpi Ahlaq sangat jauh dri islam;['indonesian_akhwat_'];Hate
indonesian_akhwat_;N_Target sekaum dgn kaum menistakan islam pemenjara habib dan ulama menjijikan;['nvmn02_211_'];Hate
fandyaulia87;N_Target tuh suruh bahar dulu yg minta maaf ke pak presiden atas tindakannya yg tdk terpuji junjunganmu aja mengajarkan kebodohan aplgi pengikutnya yg sok tau urusan akhirat dan hidup mati seseorang;['indonesian_akhwat_'];Hate
dwisetyo2nd;Semoga Allah tetap bersamamu bib Membusukmu di penjara akan membuat sejarah wangimu selalu tercium sampai anak cucu bangsa Indonesia Aamiin ya rabb;['None'];Hate
ahmad_sense;Semoga N_Target menyusul kpu laknat;['arief budiman'];Hate
uhan.suhandi;hahahaha N_Target suruh liat tuh itu jelas bukti kecurangan nya N_Target muka kardus Maniak Kekuasaan Mafia Konstitusi Mafia Kodok bangkong;['MK'];Hate
voldano_izac;pendukung N_Target makin stress tak terkendali gaeess;['kampret'];Hate
khilafah_islamia;periode menang dengan kecurangan mantaaappp Lanjutkan pak jae nikmatilah kemenangan kalian saat ini dan berbahagia atas usaha busuk kalian Kalian hanya sebentar menikmatinya karena Azab Allah SWT akan segera turun menimpa kalian pak N_Target sekeluarga serta para pengikutnya Qun fayaquun;['jaenudin'];Hate
santyprisianti;udah lama gak liat tv sejak si jokodok presiden eneggg liat mukanya pasang tv yg di tonton sinetron doang;['None'];Hate
bangjos15;Alhamdulillaah ane ga punya tv jadi bener bener ga liat si kacung kodok dilantik mengundang azab Alloh;['None'];Hate
benci_kedok_agama;N_Target Dimohon kpd para kampret agar segera mengucapkan selamat kpd pak dhe dan kpd seluruh bangsa ini atas Cepaaattt;['nunuk_wahyuni'];Hate
musdalifahc33;ngak ngaruh juga klu kampret ngak nonton pelantikan presiden yg dicintai rakyat lajutkan pak N_Target periode semangat bapak;['jokowi'];Hate
ewyca_nutritionclub;Apa maksud pak polisi nyusup pake topi bertulis tauhid yaa Mo nuding kl aksi damai disusupi HTI gtu yaa Apa ini bagian drama sandiwara dan sinetron murahan yg selama ini mereka mainkan;['None'];Not_Hate
miss_leuk2;Coba pengen tau ntar ada telolis kerak telol dtg ga;['None'];Not_Hate
healthy.pudding_;Itulah yg membuat kelian jadi org picik dan sempit berpikirnya Rugiii lho dikibuli sama arav yaman itu Kelian dpt apa dia mah dibayar jalan keluar negeri Hidup bak raja dibiayai sang maestro Tp kaliaaan bln ngerasain sih dimaki dibentak sama si wowo;['None'];Not_Hate
bangjos15;Kalo ane justru nyumpahin pas pelantikan terjadi gempa bumi diwilayah gedung mpr dpr aja jangan yg lainnya;['None'];Not_Hate
supriatna2506;LGBT akan menghancurkan akidah Islam makanya harus di berantas;['None'];Not_Hate
jekybandaro;Mari lh para pengangguran minta gaji sama jokawi lgi yg nganggur ayo minta gaji janji jokowi hrus d tagih jgan sampe kena kibul lgi kta Ingat Ingat Ingat pengangguran dpat gaji pendukung jokowi segera tagih;['None'];Not_Hate
richielreal;Menteri menteri ABS gue yakin yg d sodorkan ke Jokowi setiap dia mau konpres itu di kasih data data ABS Di kasih data real pun paling mentok sikapnya cuman bilang Kaget bukan urusan saya Nunjuk itu anunya ngacir;['None'];Not_Hate
kodratsw;Menurut MK itu bukan kecurangan Menurut Raja Curang Bukan urusan saya yg penting gw dimenangkan Menurut Al Qur an Yang curang pasti celaka;['None'];Not_Hate
reza.sagaf;N_Target berkata berdasarkan yg diajarkan dlm islam ajaran apa ajaran membenci ahlulbait apa perlu saya perjelas dengan dalil akhlak dan adab bisa lebih jelas lagi akhlak dan adab yg mana yg salah dr beliau anda bertemu dengan beliau sayyidina umar bin khattab lembut dgn umat muslim yg taat tapi sangat keras dgn kafir dan munafik coba anda jelaskan akhlak dan adab beliau;['fandyaulia87'];Not_Hate
fandyaulia87;N_Target ga akan dibaca tpi nimbrung juga di kolom konentar saya kan HALU jadinya wkwkwkwk;['indonesian_akhwat_'];Not_Hate
via_syilvia08;N_Target ini org yg bantuin lu scr curang g lu bantuin Pasti jawaban lu wong bukan urusan saya;['jokowi'];Not_Hate
wahyupetol;N_Target institusi lu GX lebih hebat dari pengadilan negri di kabupaten lebih jujur Curang bos curang;['mahkamahkonstitusi'];Not_Hate
mr.romsky;Singa ya melahirkan anak singa Bukan kodok Mantaf Sayyid Ibrahim;['None'];Not_Hate
dyethafitra_18;Asli geram mba lihat rezim ini sesukax thdp ulama kita semoga Allah mbalas dgn balasan yg setimpal utk mereka yg dholim kpd Habib Bahar;['None'];Not_Hate
gilangiqbaal;Gemetar tu polisi di keliling sama emak cantik emak dilawan;['None'];Not_Hate
kpqtrw;Innalillahi ya ALLAH mudah an menyusul yang lainnya Arief Budiman dan rezim ini;['None'];Not_Hate
biekiko;Kemana saja selama ini wiwi kok baru melek defisit sudah dilepas sutradara kah;['None'];Not_Hate
indonesian_akhwat_;N_Target mubahalah itu ada;['giyono_69'];Not_Hate
erlianachania;Aamiin yaa Allah iyaa N_Target Mudah an tambah bnyk yg ketangkep sampe akhirnya Jangan tanya saya gak jd di lantik;['devimariana43'];Not_Hate
putrayoga.pratama;Admin yg sebar video dia pasti tau sapa yg bershalawat kaya tai ini;['None'];Not_Hate
yang_uniek;Apa harus ada pemberontakkan rakyat agar keadilan bisa didapatkan;['None'];Not_Hate
ance_melody;Apa makhluq yg dinamakan MK gak tau atau pura gak tau;['None'];Not_Hate
fadhiab58;Bismillah kalau kita ambil Hikmahnya Berarti ALLAH SWT punya Rencana Lain yg Lebih Bagus Buat Pak Prabowo Sandy yg tdk kita mengerti mungkin juga ini Umat banyak yg tdk amanah jadinya dapat Pemimpin GJ Hanya ALLAH SWT yg mengetahuinya;['None'];Not_Hate
m.i.suhaf;Bnserap dmn bantuan mu adaksh yg bermanfaat dan beramal soleh;['None'];Not_Hate
ajirachmawati_313;Bp Prabowo buat kami msh yg terbaik kalah tdk masalah dr pd menang hasil curang akan hina dunia akherat Salam semangat dr ema ema Majalengka;['None'];Not_Hate
indonesian_akhwat_;N_Target ssharusnya hukuman mati krn mereka aparat;['andalas190'];Not_Hate
burisrowo69;N_Target suwek lu bang gua esmosi nih;['benci_kedok_agama'];Not_Hate
andrian_skywalker;Takut mereka klo banyak anak muda merapat ke mesjid dasar penyuka lobang tai laknatullah;['None'];Not_Hate
fadli_dedek_88;ACEH selalu mendukung mu Pak Bravo Kuta Raja;['None'];Not_Hate
fandyaulia87;AKUN PROVOKATOR;['None'];Not_Hate
emiwati63;ALLAHU AKBAR;['None'];Not_Hate
sahalmakarim;ALLOHU AFUWWUN TUKHIBBUL AFWA MAN ANTA;['None'];Not_Hate
sahalmakarim;AQ OGAH LIAT TV JUGA LBH BAIK NONTON PAK MARAH;['None'];Not_Hate
mpok_rogaye;AYE MAH EMNG KAGA NONGTON TIPI MIN MALES ISINYA ANEH NGEHAYAL YANG BENER ADZAN SUBUH SAMA ADZAN MAGHRIB DOANG;['None'];Not_Hate
a_ridzi;Aamiiin;['None'];Not_Hate
anita.kusuma.94214;Aamiin;['None'];Not_Hate
innez.farida;Aamiin Allohumma Aamiin;['None'];Not_Hate
evi_mandalika;Aamiin yra;['None'];Not_Hate
emzakki;Acara apa itu Sejak April saat quickqount ngawur ga pernah nonton tayangan tv;['None'];Not_Hate
budi2795;Acung jempol buat emak cantik pk polisi gemeter di intrograsi emak cantik Jd cengar cengir Terciduuuk Aduuh;['None'];Not_Hate
dedihawk;Ada masa dimana ada kaum yg membenarkan tentang ke dzoliman;['None'];Not_Hate
enysulistyowati158;Ada pencoblosan massal;['None'];Not_Hate
yusri9343;Ada yg berani sebitkan siapa dalangnya semua ini;['None'];Not_Hate
juliana_nskep;Ada yg bs bantu jawab kenapa impor sampah Memangnya kita kekurangan sampah tah Pakai impor segala;['None'];Not_Hate
endangsri53;Adab yang baik untuk seorang pemimpin Masya Allah Barokallah;['None'];Not_Hate
arashiaslan;Ah siang di tempatku Rembulan masih termangu;['None'];Not_Hate
rey.safitry;Ahhhh mles bukan presiden gua Presiden gua ttp no Two;['None'];Not_Hate
ida_ny.ikaana;Akan ku ceritakan pada generasiku akan sosok pahlawan sejati SPT Sukarno;['None'];Not_Hate
nonih1818;Akhirnya yg di atas dah pada menikmati hasil dgn riang gembira yg dbawah merasakan nikmatnya hotel prodeo Makenye orang dbawah mah cari duit yg berkah azz jd abadi buat di akhirat jg;['None'];Not_Hate
hermanto.10;Aku liat lautan itu dalamnya tapi aku ga liat itu hati dalamnya apa ukuran cinta kita terhadap mansia adalah apa yg nyata di mata dan hatinya ukurannya sederhana bukan;['None'];Not_Hate
maia.lee3;Aku sih dr awal sidang MK dah gak nnton berita apalagi nnton pelantikan presiden hasil Ga tau deh isi sndri;['None'];Not_Hate
loninaylo;Aku terharu;['None'];Not_Hate
wijarnaka;Al Qur an di buat main main berarti orang ini akan menanggung beban berat hidupnya karena;['None'];Not_Hate
mamvell;Al Qur an kitab yang menjadi penuntun umat agar selamat dunia akhirat Hati dgn sumpah yg menyertakan Al Qur an;['None'];Not_Hate
bibir_berissix;Alam telah mnjadi saksi;['None'];Not_Hate
mpok_rogaye;Alhamdulillah Habib Pulang;['None'];Not_Hate
deriza12;Alhamdulillah allahu akbar;['None'];Not_Hate
citystep.official.id;Alhamdulillah g punya tipi;['None'];Not_Hate
unimarsuni;Alhamdulillah ga punya TV;['None'];Not_Hate
ary_ant11925;Alhamdulillah sejak dimulai nya rezim ini berkuasa sy jarang nonton tv dsamping sibuk mmg gak suka krn byk yg ditutup tutupi dtambah wkt pemilihan presiden Tv ane kabelny dilepas total mending liat IG lebih real;['None'];Not_Hate
dessypurihermianti;Alhamdulillah sejak hari pencoblosan sore hari udah QC tv ku mati smua sampai hari ini dah ah udah ga minat lagi nontonin rezim nambah dosa emosi jiwa;['None'];Not_Hate
ikinleader;Alhamdulillah sudah menjadi bagian dari perjuangan PAS di tengah GBK;['None'];Not_Hate
alifulfa42;Alhamdulillah sy memang ga pernah nonton tv lokal;['None'];Not_Hate
dinda.fitrianti;Alhamdulillah tv ane lgi rusak;['None'];Not_Hate
sony.fadillah;Alhamdulillah udah lama ga pernah nonton TV;['None'];Not_Hate
yossimyasty;Alhmdulillah Allah tunjukan;['None'];Not_Hate
harry_djs;Allah SWT berfirman Luth berdoa Ya Tuhanku selamatkanlah aku dan keluargaku dari akibat perbuatan yang mereka kerjakan QS Asy Syu ara Ayat;['None'];Not_Hate
panduridho250;Allahhuakbarr pejuang ttp lah pejuang semoga allah selalu melindungi ustad;['None'];Not_Hate
derymirwanda19;Allahu Akbar;['None'];Not_Hate
jpretteam;Allahuakbar;['None'];Not_Hate
innez.farida;Alloh swt mempunyai rencana lain in syaa Alloh akan memberikan yg terbaik untuk sang jendral sejati bang sandi tetap semangat;['None'];Not_Hate
ardabili8909;Amiin ya Allah;['None'];Not_Hate
wibowo1208;Aminnnnn Bapak N_Target N_Target Tetap Presiden dan Wakil Presiden RI Kami;['prabowo', 'sandiuno'];Not_Hate
jackgunzz;Amit jabang bayi geli saya ngeliat nehh org;['None'];Not_Hate
hafshah__;Anak sholeh doakan abakmu selalu ya nak;['None'];Not_Hate
nurkumari_lee;Anak soleh;['None'];Not_Hate
a_adun1;Aneh bin ajaib ini negri ck ck ck;['None'];Not_Hate
andreguestav;Apa n lg ini kpn tenangnya ini negara;['None'];Not_Hate
officialjalanninjaku;Apa sih ini;['None'];Not_Hate
sdwi5;Apakah ini bukan bukti kecurangan dimana mata kalian wahai hakim MK;['None'];Not_Hate
yandi_2502;Apakah masih bisa di gugat di makamah internasional min sengketa pilpres ini;['None'];Not_Hate
betty_011279;Apapun hasilnya kami tetap selalu dibarisan mu dan kami tetap bangga kpadamu pak Prabowo dan N_Target tetap semangattt pak kalian pilihan kami;['sandiuno'];Not_Hate
mansrahyu;Apes dech yg punya nama Jaenudin;['None'];Not_Hate
oviikadrimuda;Aq bangga telah mendukung kalian pak kalah terhormat;['None'];Not_Hate
ambarah07;Aq tetap bangga kepada pilihanku semoga umat islam kedepannya akan lebih bersatu Aamiin;['None'];Not_Hate
dzahin_anakbaba;Arief budiman insyaallah dalam waktu dekat;['None'];Not_Hate
imanherman40;Artinya ada kecurangan kn Bukti ini jg yg ditolak Emka kemarin;['None'];Not_Hate
teguh_eko;Artinya apa itu Min;['None'];Not_Hate
3singkong;Asal gk MAIN Pleciden plecidenan aja;['None'];Not_Hate
arashiaslan;Asek;['None'];Not_Hate
komarpandev;Ashiyaaaap;['None'];Not_Hate
mhdzulfanpandjaitan;Aspal nya masih basah itu;['None'];Not_Hate
febriandanus;Astagfirullah ga boleh gitu juga Mereka dan kluarga sedang berduka Kecurangan dan kedzaliman biar Allah yg menjadi hakim;['None'];Not_Hate
ny.ulfa16;Astagfirullah halaziim;['None'];Not_Hate
heru1120;Astaghfirullah;['None'];Not_Hate
duhayastrid;Astaghfirullah Smg rezim ini tdk bertahan lama;['None'];Not_Hate
abs.item;Astaghfirullah aladzim;['None'];Not_Hate
saher_syah;Astaghfirullah mau jadi apa negeri ini kedepan Ya Allah;['None'];Not_Hate
fahrul.azam328;Astghfirullah kok ada y orang yg pake akun palsu menyembunyikan dirinya sok berkata spt ini Emangnya klo menyebar kebencian fitnah kebohongan pake akun palsu ALLAH nggak tau apa Tidak akan memaafkan meskipun bertaubat Emangnya yg menerima taubat seseorang itu anda apa Apa anda seorang tuhan ALLAH memberikan akal pikiran kok nggak dimanfaatkan sih Banyak hal yg positif baik dan bermanfaat yg bs difikirkan dan dibagikan ke yg lain Ini kayak nggak bermanfaat aja apa yg ALLAH berikan Taubat lah bro Smoga Taubatmu diterima ALLAH;['None'];Not_Hate
manrusman08;Asw Semoga ni menjadi pengapus dosa kita semua allah beserta arang yg sabar prabowo presiden di hati kami;['None'];Not_Hate
apsari.argarini;Atau Bisa jadi malah gk sempat dilantik;['None'];Not_Hate
indriyaniyurima;Aw aw aww gimana ini N_Target;['divisihumaspolri'];Not_Hate
etzoel;Awal ketauannya gimana min Waspada ya emak emak di modusin;['None'];Not_Hate
putra_selatan27;Ayo kita ajukan ke AFC UEFA dan FIFA biar internasional tau enzim ini bobrok;['None'];Not_Hate
yudhicom;Ayo matikan tv;['None'];Not_Hate
gheriz;BIAR RAKYAT MELUHAT N MEMUTUSKAN TAU NEGARA MAUNYA GMN;['None'];Not_Hate
jasnelly;BKP luar biasa insya Allah Allah akan angkat derajad mu se tinggi mungkin aamiin;['None'];Not_Hate
nenenga_alfiah;BODO AMAT TUMAN;['None'];Not_Hate
vinnyavianti07;Baca komen kok jd baper;['None'];Not_Hate
nurzanah_;Bagaimana kalau Pak Prabowo dan pak Sandy Rakyat yg lantik saja;['None'];Not_Hate
akasasaidina;Bagi kami presiden pilihan rakyat tetap PRABOWO SANDI;['None'];Not_Hate
wina_brown;Bagi saya pak N_Target presiden saat ini;['prabowo'];Not_Hate
galang1779;Bagi sy andalah pemenang a pak prabowo n sandiaga uno;['None'];Not_Hate
lukmannul86;Bagi yg pernah bekerja di level managerial tegur menegur biasanya dlm rapat intrernal hasil dari rapat adalah keputusan rapat yg menjadi tanggung jawab sang manager Bila press relace ke publik itu sdh bukan wacana kesalahan anak buah melainkan sang Manager yg mengbil posisi sebagai pelaksana tugas yg diemban Lah ini;['None'];Not_Hate
siswanto3167;Bagian dari yg tdk bisa legowo;['None'];Not_Hate
zura_store_mulia;Bagus banget foto nya kak kepoin ig kita yuk;['None'];Not_Hate
umuqis;Bagusan nonton film kingkong;['None'];Not_Hate
m.i.suhaf;Bahaya nih;['None'];Not_Hate
rotibakar_alala;Balang watu waee;['None'];Not_Hate
dwianamarsudi;Bangga bersamamu my president in my heart;['None'];Not_Hate
khalisahrochman;Bangga kami berada di barisan bapak bgi kami bapak ttp presiden kami;['None'];Not_Hate
mouza_onur;Bangsat;['None'];Not_Hate
pamaanni;Bapak presiden buat rakyat indonesia yg tttp setia kpd bapak swmangat;['None'];Not_Hate
dyani_royyani;Bapak tetap president di hati sy sy bangga ada di balakang barisan bapak;['None'];Not_Hate
arynuur4;BapakN_Target;['prabowo'];Not_Hate
pet.lugas;Baru bikin teksnya biar gak menit;['None'];Not_Hate
sorlem_barbershop;Beliau seorang negarawan dan pejuang sejati;['None'];Not_Hate
richardsusilaw;Benar sekali ini tanda ahkir zaman;['None'];Not_Hate
razak.17;Bencong;['None'];Not_Hate
budifirmansyah32;Bener bingit;['None'];Not_Hate
vinny_cantik;Berarti kan memang ada kecurangan tuh Knp kata MK ga ada Poniang kami rakyat jelata nih meliat keatas;['None'];Not_Hate
indonesiaa_45;Berharap sebelun dilantik tiba tiba serangan jantung;['None'];Not_Hate
bayustyw;Berjiwa besar tapi tidak mau mengakui ke kalahanya di pidato semalem;['None'];Not_Hate
gietpnd;Beruntung gw g tahu jadwal pelantikannya g mau tahu jg lagian apa yg dibanggakan dari presiden ini;['None'];Not_Hate
nonih1818;Besok;['None'];Not_Hate
xigy_yagigiri;Besok hari jumat lantunkan al kahfi berdoa bada ashar in sya Allah mustajab aamiin;['None'];Not_Hate
bilfagihalfiandra79521;Betul betul betul;['None'];Not_Hate
zai_piliank;Betul sekali min mending gk usah sumpah pakai al quran deh kasian yg bersumpah ntar hisab ny tmbah berat karna ikut nabsu ajj itu sumpah tukar ajj ama janji sambil pegang leher;['None'];Not_Hate
rositasarita79;Biar di hisabnya lebih cepat sekalipun berat;['None'];Not_Hate
4_bintang_kawanua;Biar tidak ada yang berani mengulang;['None'];Not_Hate
syahrialsuryandana;Biarin biar dia main mainin sumpah gan biar tambah berat di hari n perhitungan kelak;['None'];Not_Hate
yudahasanalbogori;Bodo amaat;['None'];Not_Hate
ozbink;Bodo amat cuk;['None'];Not_Hate
darwisdarisman;Bodoh amat ogah nonton;['None'];Not_Hate
ddartanto;Boleh juga tuh cara introgasinya supaya ngaku dikelilingin emak cakep ngaku dah keren bgt;['None'];Not_Hate
utami_aaeiu;Boleh kok berjuang terus ssmpai ajal menjemput bersama doimu;['None'];Not_Hate
norlaila_has;Bpk Prabowo Sandi jgn pernah tinggalkan kami teruslah berjuang bersama kami Dan jgn pernah membersamai Rezim dlm bentuk apapun utk alasan apapun;['None'];Not_Hate
savianaryasya0;Bpk lah Presiden ku sampai kapanpun;['None'];Not_Hate
arfandy24;Buang listrik aja nonton sampah negara;['None'];Not_Hate
misdianto92;Buat Pak Prabowo kesabaran akan membawa keberkahan hanya Allah yg punya kuasa Dan segalanya;['None'];Not_Hate
ponco494;Buat apa kita buang energi kita buat ngurusi yg nggak penting semakin kita komen dia bangga biarin aja aku yakin ALLOH pasti udah nyiapin tempat buat mereka mereka;['None'];Not_Hate
cut_bang_peh_tem;Bukan air mata sedih ketika kalah tapi air mata haru yg mengalir bentuk luapan hati dan diri akan kebanggaan pada pendirian dipihak yg jujur dan teguh pendirian semoga perjuangan ini akan terus berlanjut sampai indonesia benar kembali kepemimpin pro indonesia dan kemakmuran serta keadilan rakyat;['None'];Not_Hate
ratu_evanputra_anita;Bukan apa apa hemat listrik bong;['None'];Not_Hate
pet.lugas;Bukan baru tahu cuma baru siap teks nya biar gak cuma menit;['None'];Not_Hate
mpok_rogaye;Bukan patah hati lg tp sakit hati;['None'];Not_Hate
santy_okta_1;Bukan urusan saya;['None'];Not_Hate
iyan_bhowiel;Bukan urusan saya mau di lantik ap tidak;['None'];Not_Hate
jefry_adhyastha;Bukti bahwa di negara ini masih bnyak orang yg baik dan beriman tapi jumlah yg tidak tidak sedikit jg pada orang yg munafik;['None'];Not_Hate
gigih_pratama93;Bukti bahwa kita telah di kalah;['None'];Not_Hate
deny_irawan___;Cakep tuh emak emakngaku juga;['None'];Not_Hate
mama_ntik;Cantik;['None'];Not_Hate
wr.oddo;Cara bikinnya gimana nih min;['None'];Not_Hate
mariawati60;Ciaap pleciden;['None'];Not_Hate
anggaarantxa;Ciye kalah ciyeeeeeee;['None'];Not_Hate
najibtamami;Ckckckk kasiann amat sihhh;['None'];Not_Hate
abdilah544;Coba Laporkan ke MK Pasti dibilang Hoak;['None'];Not_Hate
ata.3509;Coba minta tolong pak joko;['None'];Not_Hate
panjie_84;Coba simak sama semuanya Apakah kalian sadar sumpahnya jg g diatas kepala Ya mau boong juga gpp wong sumpahnya diatas pundak;['None'];Not_Hate
sonny.gantira;Coba tanya siapa yang SURUH;['None'];Not_Hate
madmbilung77;Cocok;['None'];Not_Hate
irwanvht12;Cuih;['None'];Not_Hate
ima_fatmawati_al;Cuman punya tv min buat anakku nonton film anak;['None'];Not_Hate
jatha_khan;D cyduk emak emak Wkwkw;['None'];Not_Hate
ebwood81;Dah curang ngibul Hadoh;['None'];Not_Hate
ramabojes;Dan saya salah nya ada di barisan mu;['None'];Not_Hate
rahmatlife;Dan saya salah satu dari jutaan orang Disana sangat membanggakan sekali;['None'];Not_Hate
hardyhazzard;Dari kmren jg saya udh mlez koq min ngliat nya;['None'];Not_Hate
rudy__surya;Demi Allah saya katakan saya tidak pernah menyesal berada di barisan ini;['None'];Not_Hate
satria.pontianak;Demi allah jk kemenangan benar curang Smoga yg berlaku curang d tunjukan dan mndapat hukuman allah subhanawatallah;['None'];Not_Hate
eko_yoyok;Demi menghindari pertumpahan darah pak Prabowo rela utk mengalah bukti beliau itu pemimpin sejati bukan spt tetangga sebelah;['None'];Not_Hate
riniaisjah;Di hati saya Bpk tetep seorang presiden kita smua saya bangga jd pendukung Bpk;['None'];Not_Hate
ayang.kay.7;Di sumpahnya jgn pake alquran tkut kena azab pake komik doraemon aja;['None'];Not_Hate
ando040114;DiMana TV qu;['None'];Not_Hate
fireryan1602;Dia mah gak bkalan ngerti arti hisab makanya asik dia mah yg penting kayaaaaa peduli amat ama rakyat miriss;['None'];Not_Hate
pacekrizal;Dicicil per;['None'];Not_Hate
yorizkyalf;Dilantik jam dini hari lagi aja pas rakyat lagi tidur;['None'];Not_Hate
d14hp;Disumpah pake komic sinchan aja;['None'];Not_Hate
sovaanita;Doa org kcl yg trdzolimi blm smpat menikmati hasilnya sdh dipanggil yg maha Esa;['None'];Not_Hate
nolabl5;Doaku kan slalu menyertaimu pak;['None'];Not_Hate
yulin_imoet;Duh berat kalimat tauhid dijadiin prilaku jelek;['None'];Not_Hate
mulyantisrieka;Dulu saya favorit dgn ibu ini Krn mewakili perempuan di pemerintah dan cerdas Tapi skrg koq agak agak gitu ya;['None'];Not_Hate
shanty2870;Dzoliim tidak adil;['None'];Not_Hate
agchz;Ebong mana ebongg;['None'];Not_Hate
sebaztianonie;Edan dilantik blm dah pada nongol ngeri yaah apa jadinya tahun kedepan;['None'];Not_Hate
hartini4478;Emak aku bangga padamu;['None'];Not_Hate
erniwien8637;Emak cantik kali;['None'];Not_Hate
neli.handayani2;Emak cantik n pinter jgn coba dikibulin;['None'];Not_Hate
tuti.pretty;Emak cerdas cantik dan berani berani demi tegaknya keadilan dan kebenaran dinegeri ini top dech;['None'];Not_Hate
firdsoul;Emak di lawan;['None'];Not_Hate
pandu.hanggono;Emak dilawan;['None'];Not_Hate
diviantav;Emak emak ai lo lop yu;['None'];Not_Hate
arsah_24;Emak emak dilawan;['None'];Not_Hate
ayudia_inara7;Emak emak kereeennn abisss;['None'];Not_Hate
iisnurjanah123;Emak emang keren;['None'];Not_Hate
benci_kedok_agama;Emak ini sepertinya dah lama gak diksh nafkah bathin nemu cowo lgsg kegirangan;['None'];Not_Hate
satriyabhakti6173;Emak militan cerdas;['None'];Not_Hate
juanda76zero;Emak militan dilawan;['None'];Not_Hate
nurhatatihusin;Emak nya cantik;['None'];Not_Hate
afifah_masruniwati_r_r;Emak nya cantik yaa;['None'];Not_Hate
nikensriretnoningsih;Emak nya kinclong bngt jadi polisi tak berkutik;['None'];Not_Hate
retno_susi3;Emak pendukung emang MANTAP cantik cerdas dan berani salam jari macan;['None'];Not_Hate
nyirangdaaraban;Emak semngttt mak;['None'];Not_Hate
dyethafitra_18;Emang jd dilantik haaaa makin malesss liat tv presidenku mah gk dtv tp di hati;['None'];Not_Hate
mama_eneng19;Emang kami mah udah ga liat tv malas;['None'];Not_Hate
oliveazzahr4;Ember dah sejak keputusan MK ga perna nonton tv klo lg nonton trus ada muko ono langsung q off in tv nya;['None'];Not_Hate
rickynakp;Emg itu di berita apa Detik apa kompat ato yg lain Saya mau baca;['None'];Not_Hate
haipetualannng;Follow N_Target untuk berbagi foto video;['explore_petualang'];Not_Hate
supro.indo;Follow back yaa ka;['None'];Not_Hate
muhammad.3127;G usah ditonton kita dibohongin doang;['None'];Not_Hate
gus_silo;GK USAH PAKAI GERRAKAN TV SY DIRUMAH WAKTU REAL COUNT SDH TAKJUAL;['None'];Not_Hate
reyhan_m.syaiqal;Ga ada yg mau liat;['None'];Not_Hate
eringhariyani;Ga bakalan sampai lebaran monyet juga biarlah nanti kna azab tkg ngibulin;['None'];Not_Hate
jemysalmah;Ga bisa ngomong lagi ternyata sampah impor lebih berharga dari manusia;['None'];Not_Hate
partarjuna;Ga da rekonsiliasi;['None'];Not_Hate
abdulwfa;Ga kebayang gimane dia di akhirat;['None'];Not_Hate
babyzee_lee;Ga pernah ntn tv lokal sy abis acara pencitraan semu hoax hoax hoax;['None'];Not_Hate
nina_rosyantimarzuki;Gak ada pengaruhnya lawan badai ngaciro;['None'];Not_Hate
shitady1;Gak jadi di lantik In Syaa Allah;['None'];Not_Hate
dudinsuandi;Gak punya tv nya Alloh Maha Tau apa yang terbaik buat negeri ini;['None'];Not_Hate
annur_hafizhoh;Ganti presidennya;['None'];Not_Hate
army_abr;Gapapa lah yg penting sudah sujud syukur;['None'];Not_Hate
deviarianto441;Gass pepet trus makkk Keren Habis;['None'];Not_Hate
fulanahbintialibinumar;Geblek;['None'];Not_Hate
burisrowo69;Gemess banget sm emak cantik;['None'];Not_Hate
zaprilianto;Gileee pilpress sdah slesai ujaran kebencian masih ada;['None'];Not_Hate
gitaaurel81;Gk malu y dilantik dgn jalan kecurangan krn kedudukan semoga dilaknat keturanan aamiin ya rabbalallamin;['None'];Not_Hate
rafa_alfarasyi;Goblok permanen;['None'];Not_Hate
ahabib;Gp ansor;['None'];Not_Hate
abidinsetiawan;Gw g peduli mo dilantik ato ga;['None'];Not_Hate
hatake_kakashi90;Gw gak mungkin nonton;['None'];Not_Hate
is_mail_ms;Gw jg ogah nonton pelantikannya walaupun dr berita yg udah ga live baca berita jg gak minat;['None'];Not_Hate
nanda_salwaduta;Ha Ha Mantaapp Poull Emak in;['None'];Not_Hate
lilalyla32;Haaaaaallllaaaahhhhh hancorr indonesia Yang salah dibenarkan dan diberi tempat Yang benar disalah kan dan dimatikan Memang sudah dekat kehancuran dimulai dari sini;['None'];Not_Hate
t.herawatihamid;Habis manis sepah dibuang;['None'];Not_Hate
heni_gita;Hadehhh parahhh;['None'];Not_Hate
hermansyahrh;Hahaha Sumpahnya yang di takut kan;['None'];Not_Hate
effendith;Hahaha maren kemaren kog GK di angkat ke MK ya;['None'];Not_Hate
syafriyenniyeyen;Hahhahqhahahaahhahaha N_Target;['hellokeepp'];Not_Hate
bajumuslimanak.jombang;Hai kak foto kamu bagus Cek ig kita ya;['None'];Not_Hate
mursynaa;Hakim Mk noh srh liat Biar mikir;['None'];Not_Hate
pelautmilenial;Hakim yang mulia kan juga punya selera;['None'];Not_Hate
dhifaana;Hakimnya diajak besok orang ini dpenjara supaya jelas itu buktinya Tp pas ditanya apa yg dcoblosin itu lebih dr juta suara Kl jawabannya GA maka ga akan mmpengaruhi hasil Jd ya biarlaaah itu dcoblos asal ga smpe jt;['None'];Not_Hate
bambangsoreang;Halah presiden tidak baru Wapresnya yang baru;['None'];Not_Hate
taufikwahyudi.se;Hamba Ikhlas dan Bangga Bersama PRABOWO SANDI ALLAHUAKBAR;['None'];Not_Hate
assyahrun;Hanya Allooh SWT yg Maha Mengetahui dan Maha pemberi Pembalasan stiap jeritan hati atas kezholiman dan kecurangan yg terjadi;['None'];Not_Hate
arizalkiky33;Hari hemat ENERGI ko bisa BUKAN URUSAN SAYA;['None'];Not_Hate
adindatriandini;Hasilnya udh bisa kita duga dr awal tadinya masih mencoba berfikiran positif tapi yaaaaah ternyata jalan cerita kayak ftv mudah ditebak;['None'];Not_Hate
dina.donat15;Hhh aneh bin ajaib wkwkwk;['None'];Not_Hate
dina.donat15;Hhh jgnkan pas pelantikan setiap nongol d layar tv j langsung saya ganti hhhhh;['None'];Not_Hate
jayndn02_;Hidup tni hidup habib Bahar ku;['None'];Not_Hate
zakysef;Hihihi gi fokus nganggur biar dapet gaji;['None'];Not_Hate
nenny.irianie;Hiii males liat nya juga;['None'];Not_Hate
salimdiamantemustofa;Hmmmm lapor hakim mk dong biar g di jadikan tersangka kan bukti video Dr internet katanya g kuat;['None'];Not_Hate
koboykeok;Horeeeeeee Pak dhe dan bangsa ini menang Cepat ucapkan selamat donk cepaaatttt;['None'];Not_Hate
ricoahmedmarco;Hormat pak Jendral Anda tetap juara pak dan tak tergantikan;['None'];Not_Hate
rahmananan;Hrs nya tdk ada ini berarri kn suaranya itu gelap tapi tetap tdk bisa d jd kn bukti;['None'];Not_Hate
regryanhan;Hukum gimana enaknya sesuai selera;['None'];Not_Hate
hafiz_uhan;Hukum suka suka;['None'];Not_Hate
boneng_khusafa;Hukumanya tak sebanding;['None'];Not_Hate
rainbo129;I love prabowo sandi;['None'];Not_Hate
akillaksmana.matakaca;I love you sir;['None'];Not_Hate
alfimu1;INSYAALLAH UPACARA KEMERDEKAAN DI MONAS AGUSTUS INSYAALLAH BISA LEBIH DAHSYAT LAGI AYO RENCANAKAN DAN WUJUDKAN BERSAMA SEMOGA MNJADI UPACARA TERBESAR DI DUNIA UNDANG MILITAN N SIMPATISAN SELURUH DUNIA UTK HADIR HARI SABTU SENIN SABTU MONAS MINGGU SENIN DI DPR MPR;['None'];Not_Hate
alfimu1;INSYAALLAH UPACARA KEMERDEKAAN DI MONAS AGUSTUS INSYAALLAH BISA LEBIH DAHSYAT LAGI AYO RENCANAKAN DAN WUJUDKAN BERSAMA UNDANG MILITAN N SIMPATISAN SELURUH DUNIA UTK HADIR HARI SABTU SENIN SABTU MONAS MINGGU SENIN DI DPR MPR;['None'];Not_Hate
mpok_rogaye;ITU KORAN ONLINE COBA YA GA USAH DIKETIK CARANYA PAKE AJE KATA LAEN EMANG KATA LAEN UDH ABIS APE PERBENDAHARAANNYE;['None'];Not_Hate
ratu_rufianti;Iih berani bener ya menangnya curang tapi masih berani sumpah pake Al Quran;['None'];Not_Hate
yuyunjunaidi;In shaa Allah ga berubah haluan prabowo sandi ttp di hati;['None'];Not_Hate
mas_ghannes;Indonesia nasibmu;['None'];Not_Hate
syahrendy97;Infrastruktur;['None'];Not_Hate
homestaydieng_istana21;Infrastruktur mana ya;['None'];Not_Hate
fenyswsinergy;Ingest in naggis ak;['None'];Not_Hate
boby_bobs06;Inginku berkata kasar tapi takut dikira makar;['None'];Not_Hate
ronlenon05;Ini kan salah satu bukti;['None'];Not_Hate
muzaz_12;Ini lah orang yang laknatullah;['None'];Not_Hate
azzam_azzred;Ini mah berita kemarin min sebelum lebaran beliau dan keluarga dalam perjalanan mudik ke pemalang;['None'];Not_Hate
tiersya2705;Ini nggak bisa jadi barang bukti yaa ada kecurangan;['None'];Not_Hate
nvmn02_211_;Ini nih gerombolan sahabat N_Target n N_Target iya kan;['daimahta', 'ukhti2815'];Not_Hate
asepnuryana;Ini pemenang sebenar nya;['None'];Not_Hate
rannia_beauty_skin;Ini pemimpin yg mencintai dan dicintai rakyatnya;['None'];Not_Hate
hermanto.10;Ini persiden gue kecintaan rakyat guys;['None'];Not_Hate
saridareah;Ini yg sebenarnya presiden yg sebenarnya Allah maha baik;['None'];Not_Hate
adihsunardi3592;Inilah tanda akhir zaman yg sudah di terangkan oleh hadist;['None'];Not_Hate
chiara_yaffa_08_;Innalillaaahi semoga bukan hoax;['None'];Not_Hate
dinar_by_sr;Innalillaahi wainna ilaihi roji uun;['None'];Not_Hate
tien.rizky;Innalillahi segitunya muja org;['None'];Not_Hate
kedairumahkita;Innalillahi wa inna illaihi rojiun;['None'];Not_Hate
sangawing;Innalillahi wainna ilahi rojiun;['None'];Not_Hate
sobirinadipratama;Innalillahi wainnaillaihi roji un demi apa yaa kok isa impor sampah;['None'];Not_Hate
blackorchidmotor;Insha ALLAH tetap Istiqomah ga Berpaling;['None'];Not_Hate
menny_st;Insya Allah saya tetap berada di barisan yg menyesuarakan kebenaran;['None'];Not_Hate
prabowosandiuntukindonesia;InsyaAllah kita udah berjuang keras Dan kami juga melihat perjuangan keras dari Prabowo Sandi dan kawan kawan Untuk itu kami juga merasa bangga di barisan pendukung N_Target Apakah ada juga yang penilaiannya sama kayak kami;['prabowosandiuntukindonesia'];Not_Hate
diannovita76;Insyaallah allah akan memberikan yg terbaik buat bapak prabowo dan bang sandi amin ya robalallamin;['None'];Not_Hate
isundias;Isi sumpah nya tambahin klaw saya ingkar janji turunan celaka dunia akhirat dan miskin dalam keadaan hina;['None'];Not_Hate
xigy_yagigiri;Istighfar istighfar istighfar;['None'];Not_Hate
husin_aldriansyah;Itu bukan presiden gue;['None'];Not_Hate
putraspeed999;Itu bukan urusan saya;['None'];Not_Hate
elin_elsap_hadecollection;Itu bukti ya min bukti ada kecurangan;['None'];Not_Hate
sayyid_asseqqaf135;Itu kok di hukum ada penciblosan masal Ada buktinya gk Kalo ada berupa apa Tapi kok di MK di tolak permohonan dari BPN;['None'];Not_Hate
tengku.indah05;Itu pak TNI nya senyum lo;['None'];Not_Hate
abisalma8;Itulah indonesia;['None'];Not_Hate
saikou.arts;Izin nyuri;['None'];Not_Hate
24_angus;JANGAN LECEHKAN AL QUR AN UNTUK KECURANGAN SEMOGA ALLOH MENIMPAKAN AZABNYA BAGI YANG MEMPERMAINKAN AL QUR AN;['None'];Not_Hate
bayuhermanto698;JANGAN MUDAH TERPROVOKASI SEDULUR SEMUA;['None'];Not_Hate
sobirinadipratama;Jaman almarhum pak harto habis ni orang orng sesat di biarkan tambah menggila akhirnya muncul sesatan yg lain;['None'];Not_Hate
hartinisifri;Jangan banyak berharap biarlah tabirnya dibuka oleh Allah SWT;['None'];Not_Hate
utyyanti;Jangan bersedih Saudara ku Kedzoliman dan ketidak adilan di akhir Zaman adalah bagian dari SunatullahNya Keadaan Akhir zaman yang kita alami sekarang ini sudah di nurbuat kan oleh Rasulullah Adalah Sebuah keniscayaan Beruntunglah engkau yang dirindukan oleh Rasulullah Beruntunglah engkau berada di barisan para Ulama yang lurus dan bersama para pembenci kemunkaran dan kemunafikan Bersama pembela keadilan di barisan Pengkhianat bangsa atau penista agama Sabda Rasulullah Tidak pernah salah karena sabda Rasulullah berasal dari Allah Rasulullah Bersabda Sungguh bumi ini akan dipenuhi oleh kedzholiman dan kesemena menaan Dan apabila kedzholiman serta kesemena menaan itu telah penuh maka Allah akan mengutus seorang laki laki yang berasal dari umatku namanya seperti namaku dan nama bapaknya seperti nama bapakku Maka ia akan memenuhi bumi dengan KEADILAN dan KEMAKMURAN sebagaimana bumi telah dipenuhi sebelum itu oleh kedzholiman dan kesemena menaan Di waktu itu langit tidak akan menahan setetes pun dari tetesan airnya dan bumi pun tidak akan menahan sedikit pun dari tanaman tanamannya Maka ia akan hidup bersama kamu selama tahun atau tahun atau tahun HR Thabrani Kapan itu terjadinya Rasulullah bersabda Sesungguhnya Allah akan mengutus untuk umat ini setiap masa seratus tahun orang yang akan memperbaharui agamanya H R Abu Dawud Al Hakim Jika melihat hadits diatas tentang setiap seratus tahun Allah akan mengutus pembaharu agama Islam maka jika kejayaan Islam masa khilafah terakhir Turki Ottoman runtuh pada tgl Maret tahun maka tahun kemudian Insyaa Allah akan lahir pemimpin baru kira kira tahun Bersabarlah Waktu itu akan datang Tidak lama lagi Apakah Pemimpin baru yang dimaksud adalah Imam Mahdi Apakah pergantian dari pemimpin dzolim kepada pemimpin Amanah di negeri kita tahun adalah tonggak awal Kejayaan Islam Apakah sebuah kebetulan visi dan misi kita semua sama dengan Hadits yang dimaksud Rasulullah yaitu ADIL dan MAKMUR Apakah kejayaan;['None'];Not_Hate
ilhmnution;Jangan kan matiin tv jual tv pun jadi;['None'];Not_Hate
rachimaninda;Jarang nonon TV pajangan doang;['None'];Not_Hate
taufik_veranida;Jarang nonton tv skrang Buat maen game aja tv nya;['None'];Not_Hate
atankcolection;Jdi Ketauan vangkeeee hahah;['None'];Not_Hate
d3dy.damhudi;Jgn fokus pelakunya tp fokus siapa dalanganya jgn hanya kebawah saja tp ke atas jg;['None'];Not_Hate
meihandaripipit;Jgn gt mimin;['None'];Not_Hate
uwais_alqorni2992;Jijik;['None'];Not_Hate
titiklarasati1963;Jijix;['None'];Not_Hate
mahranimado;Jika diliat dr layangan tersebut mka Prabowo Sandi menang menang dn menang fakta yg bicara tp uhhhh sabar sabar Allah tdk tidur;['None'];Not_Hate
benci_kedok_agama;Jiwa besar itu menerima kekalahan;['None'];Not_Hate
wiwinnnnnn_;Jngankn pelantikan liat muka nya dah ogah;['None'];Not_Hate
dr_fatahillah;Jokowi periode Yang ga setuju ga masalah Jokowi aja ga butuh kalian kok;['None'];Not_Hate
najibtamami;Jual aja tv nya ganti smart phone;['None'];Not_Hate
blantikskalir.id;KALAH DI EMKA MENANG DI HATI RAKYAT INDONESIA;['None'];Not_Hate
mumyu_;KALI AJA TU QUR AN BOHONGAN CUMAN SAMPUL;['None'];Not_Hate
davidputra710;KARTU PRA KERJA GAES INGAT JANJI ADALAH HUTANG GAK BISA DI BAYAR DI DUNIA YA DI AKHIRAT KELAK DI TAGIH;['None'];Not_Hate
hamrodius.chaniago;KLO GW JADI DIA NGAPAIN DIBTNAGKAP TOH GA TERBUKTI;['None'];Not_Hate
teh.virgo.716;Kalah deh klau udah di buru emak emak cantik;['None'];Not_Hate
supriatna2506;Kalau benar menang tak perlu nuduh rakya yg harus di lindungi rakyat karena menang licik muda aha para para bajing kena azab Allah;['None'];Not_Hate
nannietya;Kalau sekolam mah bebas Semaunya boleh saja;['None'];Not_Hate
kencana6736;Kalian menang dr hukum dunia tapi TDK akan lepas dr hukum allah sungguh Allah menghukum manusia tepat pada waktunya;['None'];Not_Hate
deisy_ummu_aisyah;Kalian org kuat ikhlas Ada kebaikan dibalik semua ini utk kalian Tp yg berbuat keburukan ada keburukan jg bt mrka yg melakukan Allah tdk tidur Prabowo Sandi luar biasa;['None'];Not_Hate
mulyantisrieka;Kalian yg buat maksiat kita semua yg kena azab kecuali Allah selamatkan yg Dia kehendaki;['None'];Not_Hate
arif.hakim.rahman;Kalo aq ga mungkin matikan TV TV dirumah kubiarkan rusak sdh tahun lebih;['None'];Not_Hate
ferry_azzam17;Kalo mau pegang alqurannya bukan di belakang biar tambah berat hisab nya;['None'];Not_Hate
cathlana_ailda;Kalo pak anies hari malam dikomenin tuh pasti;['None'];Not_Hate
hesarika;Kami Tetap Bersama Pak Prabowo Sandi Pemenangnya Presiden Pilihan Rakyat Sejujurnya Sebenarnya;['None'];Not_Hate
hestigerina;Kami bangga padamu jendral;['None'];Not_Hate
deliani7031;Kami bangga prabowosandi;['None'];Not_Hate
anekajayatech7;Kami jarang nonton tv nasional min Kecuali tv one bila ilc;['None'];Not_Hate
novalda_17;Kami semua akan selalu menganggap anda Presiden dan wakil presiden kami pak Lupakan kesejahteraan dan mulai lah meningkatkan iman di akhir zaman ini Kita tunggu aj indonesia terjajah secara nyata;['None'];Not_Hate
laila_.sahara;Kami senang jadi bagian perjuangan pak Prabowo Subianto dan Sandiaga Uno i love you;['None'];Not_Hate
bagoes_arnesths;Kami tak salah memilih nomer bagi kami lah pemenangnya pemenang melawan hawa nafsu dan haus kekuasaan ttp semangat pak prabowo sandi pegang trs kejujuran dan amanah sllu;['None'];Not_Hate
dachesamant;Kami tetap berada di belakang Anda anda p Prabowo p Sandy Kami siap membantu dan mendukung kapanpun di perlukan demi Negara dan Rakyat Indonesia Adil Makmur;['None'];Not_Hate
indaah_ratna;Kami tetap di barisan jendral;['None'];Not_Hate
yuliarahmah78;Kami tetap mendukung mu;['None'];Not_Hate
rafiqohbahrudin;Kamu ketahuan kena deh;['None'];Not_Hate
nennyhilmy;Kan ada tol langit;['None'];Not_Hate
ninganggorowati;Kan dah biasa janji bukti zonkkkk;['None'];Not_Hate
bruryr;Kan kecurangan bagian dari demokrasi Kok mereka ditangkap;['None'];Not_Hate
qiyara21qief;Kapan gunting pita ke sini jae;['None'];Not_Hate
ikhwana_kby;Kapan tuh;['None'];Not_Hate
dimas_kecot;Kapok;['None'];Not_Hate
imus72_;Karena telah bersumpah atas nama allah dan ttidak mematuhi perintahnya begini lah jadinya;['None'];Not_Hate
dodik080878;Karepmu bong;['None'];Not_Hate
een_raniah;Kasian N_Target;['jokowi'];Not_Hate
rahardjo_25;Kasian deh luh;['None'];Not_Hate
yanti_sulistya;Kasian ya anak mahasiswa hanya bisa demo parkiran ngga ad kerjaan;['None'];Not_Hate
aescula.pius;Kasian yg jd anaknya;['None'];Not_Hate
sierlynolia;Kasiannya lah padahal yg ngasi Komando kelen udah cair banyak eh kelen yg dipenjara;['None'];Not_Hate
mulyantisrieka;Kasihan atuh nanti gak ada yg lihat Siapa yg lihat nanti;['None'];Not_Hate
dayax_kota;Kasihan dikau;['None'];Not_Hate
cahyadi41;Kata mk itu hoax bukti video nya ga kuat Lah itu ngapain pada ditangkep Biarin lah bukan urusan gw tinggal nunggu azab aja bagi mereka yg curang;['None'];Not_Hate
fandyaulia87;Katanya pingin membusuk di penjara hadepin aja dgn ikhlas jgn memberontak;['None'];Not_Hate
fenyross;Kau ttp presiden kami;['None'];Not_Hate
karadika7;Kaya paling bener loe pada ngaji aja jarang;['None'];Not_Hate
ien_bj_ghuchi;Kaya tapi tdk menikmati;['None'];Not_Hate
ibnuriizq;Kebanyakan Impor bang Coba mikir;['None'];Not_Hate
barka531;Kebenaran tetaplah kebenaran meski agak pahit tp kami selalu ada dibarisan ini;['None'];Not_Hate
ana.wijayanti.9634;Kebeneran kaga pernah nonton tv sibuk dagang haaa;['None'];Not_Hate
stmegasundari;Kebetulan di rumah tipi dah hari renyek aj antena ny gag ad signal;['None'];Not_Hate
hanafi.matondang;Kelar hidup lu kalau udah kepergok emak militan;['None'];Not_Hate
ismaulassawiliy96;Kemaren mencak sekrang mewek;['None'];Not_Hate
bayooubay;Kemenangan di Dunia bukan tujuan utama tapi disetiap perjuangan dalam hal KEBENARAN insyaAllah untuk akhirat kelak;['None'];Not_Hate
dadang.herdi;Kemenangan yg sesunggunya adalah kejujuran;['None'];Not_Hate
shintaherdiana96;Kenapa penegak agama jadi pada d jeblosin k penjara sii Emang bener pada ora takut azab;['None'];Not_Hate
purwadikris;Kenapa sang habib di sidang Sementara si korban aja tidak menuntut Berarti dalam artiannya tidak ada laporan dari si korban bkan Hanya sebatas video viral;['None'];Not_Hate
susi_fatmawatiee;Kenapa ya Buka ig rocky g Berita yg dulu dulu udah di hapus Pdhal pengen liat lg yg ilc kmrn;['None'];Not_Hate
oprasetio59;Kereeen maak;['None'];Not_Hate
hendrisaja04;Kereen maakk;['None'];Not_Hate
febifranata;Kerja kerja kerja Kerja cari sensasi;['None'];Not_Hate
kupanji;Keturunan nabi muhammad;['None'];Not_Hate
mullah_oges;Kira presiden yg dimenangkan;['None'];Not_Hate
dikahaes;Kisah masa lalu yang kelam;['None'];Not_Hate
dodidedwi;Kita dukung yg melawan ketidakadilan besok Prabowo real leader;['None'];Not_Hate
_suryaakbar;Kita ketemu di mahkamah internasional;['None'];Not_Hate
mpok_rogaye;Kita liat aja YANG CURANG PASTI CELAKA dan Allah pasti ngabulin do a orang yg terdzolimi cepat ataw lambat sekarang ataw nanti orng yg curang hidupnya ga akan tenang;['None'];Not_Hate
tamtam8981;Kita lihat ke depanya nanti Jadi apa negara ini di pimpin jokowi;['None'];Not_Hate
sherlytamara2_;Kita sebagai generasi muda wajib waspada terhadap pembingkaian informasi media tertentu apalagi dari sumber yg belum tentu valid apalagi terindikasi provokasi dan ujaran kebencian;['None'];Not_Hate
firman_alamsyah88;Kita tunggu AB aminnnn;['None'];Not_Hate
wirvolvo;Kita tunggu AB ya;['None'];Not_Hate
arcitekturegrafika;Kl liat mukanya pas lg mringis enek gua;['None'];Not_Hate
ondelia86;Klo liat mak konde pengen banget pengen ngasih sarang tawon;['None'];Not_Hate
tin_kazashe;Klu Kalian mati sapa yg mo mandiin laki apa perempuan yg ngemandiinnya;['None'];Not_Hate
yanti03_fr;Klu terbukti di tps nias ada pencoblosan masal gk menutup kemungkinan di tps lain jg ada arahan sprt itu jg;['None'];Not_Hate
widyaheffendy;Knp br diungkap mk sdh ngasih putusan kasihan rakyat yg menanggung;['None'];Not_Hate
sitti_salon_samarinda;Kok goblok amat yaa;['None'];Not_Hate
andalas190;Kok ringan banget Yg melayang nyawa lho Minimal kurungan thn;['None'];Not_Hate
hamam_hakim;Komik;['None'];Not_Hate
komariahbambang;Koq gak dibela Wi;['None'];Not_Hate
sriisusilaningtyas;Koq saya ga yaqin beliau yg bakal dantik oktober nanti ya;['None'];Not_Hate
zcky45;Korban ambisius nya mereka yg tetap ingin berkuasa tapi tak punya rasa percaya diri menang karena curang;['None'];Not_Hate
bunda.dara.dzaky;Kpn pelantikannya;['None'];Not_Hate
miftah_nakama;Kumandangkan AL KAHFI di malam jum at dan hari jum at ini Kekuatannya dahsyat Ammiiinn;['None'];Not_Hate
litarolit_fp;Kurang;['None'];Not_Hate
bambangsoreang;Kurang kerjaan;['None'];Not_Hate
sebaztianonie;Kyknya Kalo ada keajaiban GT pasti banyak yg nonton tv yaah semisal pas pembacaan tiba roboh lah atapnya minimal ketiban semen karung gitu;['None'];Not_Hate
yudho11;LOGIKA nya kalo pelaku pencoblosan CURANG divonis bersalah maka kecurangan itu memang ada dan ini FAKTA HUKUM nya Tapi kenapa hakim MK seolah olah menganggap fakta ini TIDAK ADA;['None'];Not_Hate
gita_primaputra;Laaaaahh hakim MK kemarin gk tau berita ini ya;['None'];Not_Hate
mpok_rogaye;Laaaah kemaren waktu emak bapak pada di depan bawaslu pada kemana lo tong timbang duit gtu mah tinggal ngomong aje sonoh sama rektor pake perwakilan bem usul KARTU GRATIS PARKIR KHUSUS MAHASISWA jadi lo pada mau bolak balik brp x jg kaga bayar tp lo sadar diri aja bayar sama TUKANG PARKIR sebagai tanda terima kasih;['None'];Not_Hate
muhammadilhamsyah98;Lagi dan lagi kita tdk bsa melawan pemerintah Siapa yg bisa mengalahkan nya Jawaban nya diri mereka sendiri Klw mereka tau yg tak dn yg bathil dia bisa mnah ga marwhnya untk bangsa ini tapi jika klw dia tdk bsa mengutamakan dirinya dn Allah inilah yg terjadi bhkan sudah disumpah pun mereka msih bisa berdusta dn mnutup mata mereka itulah krna lidah tak bertulang Trima ksih MK trima kasih pak jokowi trima ksih lak Prabowo telah ikut mencerdaskan rkyt Indonesia tenang politik di Indonesia saat ini Semoga ini bisa menjadi catatan sejarah untuk kite semua;['None'];Not_Hate
dewi_mamafarthia;Lah kemarin di Mk nggk lolos bukti kejahatan nyata tapi i di pengadilan daerah di adilin Aneh negara;['None'];Not_Hate
lissaazzah;Laknatullah;['None'];Not_Hate
hikman_soulitd24;Lanjut ke MK Internasional dan PBB;['None'];Not_Hate
yunbalahmar;Lanjut ke Mahkamah INTERNASIONAL Kami bersamamu jendral;['None'];Not_Hate
nizar_alzebays;Laporin aja;['None'];Not_Hate
danellap_;Lb;['None'];Not_Hate
indoweekend;Lb my new post kak;['None'];Not_Hate
ajieyonk_jie;Lbh baik nonton dvd;['None'];Not_Hate
sitiaisjahdjakfar;Legowo Jawa tapi akal sehat masih belum ikhlas;['None'];Not_Hate
gustika_yeni12;Lfl;['None'];Not_Hate
ksdyah_13;Lfl new post;['None'];Not_Hate
rahma_a_f;Lfl no php and follow me please;['None'];Not_Hate
elsafadillah_is;Lfl pict;['None'];Not_Hate
whyudiaan;Lfl post u;['None'];Not_Hate
ristinanggraeni02;Lfl u;['None'];Not_Hate
bundoshadiq;Lg sakit gigi;['None'];Not_Hate
wied.77;Lha iyok di setiap langkah di semua tempat selalu meriah meluber kog yg menang yg sepiiii aneh;['None'];Not_Hate
fafiai_dek;Lho kata hakim N_Target tidak ada kecurangan Tp ada buktinya nih yg di hukum penjara Piye pak hakim N_Target;['mahkamahkonstitusi', 'mahkamahkonstitusi'];Not_Hate
titris_sula;Lho kata pak N_Target sdh ada trans papua kok msh aja ada yg seperti ini;['jokowi'];Not_Hate
febri.ms;Lhoh kok buat astaghfirullah subhanallah;['None'];Not_Hate
bulan_bintangs;Like back;['None'];Not_Hate
firdhaalifiah;Likeback;['None'];Not_Hate
shaki3604;Love u pak always;['None'];Not_Hate
nstikhsan;Luar biasa nih emak Mantaaappp jiwa;['None'];Not_Hate
hadiannataprawira;MANTUL;['None'];Not_Hate
ibukk8;MASYAALLAH smoga kelak menjadi penerus abahmu nak ya membela Islam dari orang yg munafik;['None'];Not_Hate
jajasunjaya;MEJUS;['None'];Not_Hate
lilalyla32;MK harusnya malu besar karena anggap tdk bersalah sedikitpun Harusnya MK meralat dan bertaubatan nasuha;['None'];Not_Hate
dhiedinar;Maa Syaa Allah;['None'];Not_Hate
budi_tengger;Mahasiswa gombal amoh;['None'];Not_Hate
derymirwanda19;Mahasiswa koplak;['None'];Not_Hate
rianti_ags;Mak emak sayang kamu udah tua jadi pk Polisi gak ngefek kamu nyanyikan;['None'];Not_Hate
basmallah.love18;Maka nya jgn ikut jalur tukang tipu Mereka menang Lo semua kagak bkln di anggap Bego sih Lo tergiur duit yg gak seberapa dunia Lo di hukum akhirat juga dah nungguin;['None'];Not_Hate
zakysef;Makanya jgn nakal de biar gk di blokir;['None'];Not_Hate
dithakurniaputri;Makanya neng mbak mas jangan mau dikibulin harusnya yg nyuruh elu nyoblosin surat suara tuh yg dipenjara;['None'];Not_Hate
mtaufiqaneukaceh;Makin bnyakk ajarann baru kira pa lgiii yaaa kedepan nyaaa;['None'];Not_Hate
dewi_dsw;Makin ga respect sama dia;['None'];Not_Hate
rahman.aditia;Makin gajelas kerjaanya;['None'];Not_Hate
2212gefaa;Makin sayang sama pak prabowo dan pak sandiaga semoga ALLAH selalu menjaga beliau dan semua relawan pendukung koalisi adil makmur;['None'];Not_Hate
yusrusinih_hafidz;Maksudnya ini kartu apa min;['None'];Not_Hate
elfakartina;Malam ini saya ingin mengadu kepada Sang Pencipta yg Maha Adil Agar terhapus rasa kecewa ini N_Target;['prabowosandi_02_2019'];Not_Hate
firdausi_kamil;Males liat tivi N_Target N_Target;['mahadewi161', 'opposite6890'];Not_Hate
maylizyatro;Males lihatnya;['None'];Not_Hate
fujisf666;Males nontonnya Maen ML aja lah;['None'];Not_Hate
iponyulia5;Males ntn;['None'];Not_Hate
narshenachi;Mamam tuh yg memang spaa yg ditangkep siapa;['None'];Not_Hate
indraakbr;Mampus lu;['None'];Not_Hate
hananhatiku;Mana janjinya dulu stop Impor Astaghfirulloh;['None'];Not_Hate
jpretteam;Mantap;['None'];Not_Hate
tengku.indah05;Mantap Jgn sepele ama mak Emak ya mantap Cantik lagi;['None'];Not_Hate
ponco494;Mantap bu terus jalan teus la wong gubernur je bebas meh ngopo aeeee seng penting kamu suka;['None'];Not_Hate
rizkifaisal974;Mantap hisab nya akan lebih berat di akhirat bersama para pengkhianat;['None'];Not_Hate
atokmarta12;Mantul;['None'];Not_Hate
priyani35gopin_lawyer;Mantul emak;['None'];Not_Hate
iyanrianto;Mantuuull emak emak lebih hebat dari intel;['None'];Not_Hate
allohitaallasofia;Mari kita kibarkan bendera merah putih setengah tiang;['None'];Not_Hate
diski_visano;Mari sama kita tarik semua uang kita di bank;['None'];Not_Hate
rahayunidarmojo;Mariiii setuju;['None'];Not_Hate
dienda_rose;Masaallaaaaah we love pak prabowo pak sandi;['None'];Not_Hate
aci_119;Masha Allah tabarakallah;['None'];Not_Hate
thoney_rastavara;Masih blm move on;['None'];Not_Hate
arifaris_city;Masih blom nerimo Tah cah Kesian Urip mu Aja nesu Lanjutkan hidupmu jgn bobok mulu;['None'];Not_Hate
inungismail;Masih blom percaya aja segitu banyak nya bisa kalah kalo ga curang apalagi coba;['None'];Not_Hate
asriamin;Masih dak percaya c doi tukang bohong akibatnya begini dibui pembelaan dak ada insentip tinggal angan berharaplah kartunya dak bohong;['None'];Not_Hate
fitriafitria86;Masya ALLAH presiden yg sesungguhx we love u pak prabowo;['None'];Not_Hate
andilili76;Masya Allah Semoga Allah swt jaga kita semua Amin yrb;['None'];Not_Hate
ifantiyani;MasyaAllaaaaaah;['None'];Not_Hate
ilho_sofra79;MasyaAllah;['None'];Not_Hate
dessypurihermianti;MasyaAlloh Smoga Alloh swt jaga kita smua aamiin;['None'];Not_Hate
maharanimodiste;MasyaAlloh pal Kami tetap bersamamu;['None'];Not_Hate
dekarsita_13;Masyaallah;['None'];Not_Hate
ikha_anest;Masyaallah Allah meninggikan derajat org yg mulia dan merendahkan yg hina;['None'];Not_Hate
rafi_sotiano;Masyaallah kesatria sabar dan berjiwa besar beliau sadar bahwa itu hanya ubud dunia n u are the real presiden;['None'];Not_Hate
rheksi;Mati aja lu;['None'];Not_Hate
thoney_rastavara;Matian aja TVnya bila perlu Pecah in Wkwkwkwkwkw Kasian bngt Barisan Sakit hati hisab Mah Urusan Sama Allah Semangat;['None'];Not_Hate
shitady1;Matikan tv;['None'];Not_Hate
oliveazzahr4;Matikan tv ra sudi liatnya;['None'];Not_Hate
datuk383;Matikan tv sama dengan menghemat listrik kereennnnn;['None'];Not_Hate
akbar38ami;MatikanTV;['None'];Not_Hate
wandielshirazi;Mau bagai mana lagi masih banyak pngkhianat demokrasi yg mnginginkan dy jdi pnguasa mau tdk mau kt jg hrs mnkmati khnciran bangsa ini;['None'];Not_Hate
mimin_settyawati;Mau donk Cara bikinya gimn;['None'];Not_Hate
adyslst.26.27.01;Mau gmn coba klu udh kaya gini;['None'];Not_Hate
homestaydieng_istana21;Mau kemana dan bagaimana negri ini jika ini terus dibiarkan malah dibela mari lindungi anak iita klg kita;['None'];Not_Hate
arih2o;Mau seribu kali sumpah gk akan pernah dia tepati janji;['None'];Not_Hate
socianagmail.com5833;Me too;['None'];Not_Hate
buchori_corry;Memang gg pernah nonton tv lokal Ketauan semua TV Lokal penyebar berita bohong di era kepemimpinan skrng;['None'];Not_Hate
rendyy_putraa;Memilih Pemimpin Negara sidangnya cuman seminggu;['None'];Not_Hate
yuniartis5421;Menang Tpi Gk Lega Baru Ada Di Zaman Kini;['None'];Not_Hate
srisugiyatmisugiyatmi;Mending tidur dr pd nonton;['None'];Not_Hate
iffin__;Mendingan gerakan banting TV gitu biar seru;['None'];Not_Hate
arba_nst;Mengapa ya pak petinggi negara ini sudah tau sebenarnya itu salah dan terjadi kecurangan tapi mengapa mereka membela yang salah padahal mereka itu sebagian taat kepada Allah tapi mengapa lagi mereka membela yang bathil;['None'];Not_Hate
homestaydieng_istana21;Mengerikan kebaikan dihalang halangi LGBT yg jelas dilarang agama malah digembor gemborkan Dan heranya pelsku dan pembelanya merasa bangga;['None'];Not_Hate
ien_bj_ghuchi;Mengorbankan Rakyat demi nama baik;['None'];Not_Hate
drwater_hongkong;Menjaga stamina kesehatan dan penyembuhan penyakit dengan terapi alami minum air rendam botol dr water made korea Miliki botolnya informasi dan konsultasiwa call;['None'];Not_Hate
__amelia09;Menjijikkan;['None'];Not_Hate
july_handy;Menteri Bukan urusan sy pakde Jangan tanya ke sy Bener lagi kan yg dibilang PAS klo defisit ngeyel sih malah nanya data Skrg fakta yg berbicara;['None'];Not_Hate
alf_polomas_garage;Merdeka mari jaga kedaulatan bangsa dan bangga menjadi rakyat Indonesia yg ingin mendapatkan keridhoan Lilahi ta alaa;['None'];Not_Hate
tjahyonoimam;Mereka cuma alat dikibulin;['None'];Not_Hate
tianotak_al_syarif;Mereka di sahkan atas nama kebebasan oleh negara tapi hal ini tidak di benarkan enam agama indonesia kalau suda terlaknat ya terlaknat aja bikin wabah penyakit aja;['None'];Not_Hate
syarah83;Mereka smua haus kekuasaan;['None'];Not_Hate
kelana7126;Mhon info valid ponpes yg sebenarnya di tiap propinsi;['None'];Not_Hate
kebenaran_keadilan08;Min emang mau ada pelantikkan apaan;['None'];Not_Hate
angga_kamdap;Minta tolong kpu noh biar bebas kan video di sosmed gak bisa jadi alat bukti;['None'];Not_Hate
nurul.aishah.3158;Mirip bngt;['None'];Not_Hate
odhank11;Mls ah lyt tv;['None'];Not_Hate
hepy_to;Mm ini ada buktinya knp ga dipake MK kasian ya mbae n pae;['None'];Not_Hate
alisumarni83;Mmg ad pengcoblosan surat suara jd bingun aq;['None'];Not_Hate
hennydesmarni75;Moga dilaknat Allah saat itu dtg kunfayakun;['None'];Not_Hate
yuyunjunaidi;Mohon keadilan MU tuk org org yg curang ya Allah;['None'];Not_Hate
partarjuna;Muak liatnya;['None'];Not_Hate
hj_marwahh_;Mudahan yg curang dimusnah kan allah Aamiin;['None'];Not_Hate
tisonmarola;Muka tembok tu gx tau maluuu;['None'];Not_Hate
x_go_kong4;Mustahil d kalahkan tp kok aneh ya;['None'];Not_Hate
noor_ubet;My President;['None'];Not_Hate
faridsulastyo;My real President;['None'];Not_Hate
benci_kedok_agama;N_Target;['nunuk_wahyuni'];Not_Hate
siti.aminah1606;N_Target Aamiin;['dyethafitra_18'];Not_Hate
maharanimodiste;N_Target Aamiin Mari tetap dalam barisan yg sama yg istiqomah;['afrinawudu'];Not_Hate
indonesian_akhwat_;N_Target Aamiin aamiin aamiin yra;['dyethafitra_18'];Not_Hate
indonesian_akhwat_;N_Target Aamiin aamiin aamiin yra sakit hati aku liat keadilan d negeri ini;['duhayastrid'];Not_Hate
uah_ancha9;N_Target Aamiin ya Robbal alamin;['khilafa_islamia'];Not_Hate
nuur_1987;N_Target Aamiin ya rabbal alamin termasuk pengikutnya setianya;['khilafa_islamia'];Not_Hate
indonesian_akhwat_;N_Target Aduh klo bener dlmnya kosong brrti nmbah dosanya krn membohongi rakyat dr awal;['firaunnya_cebong'];Not_Hate
kiruntigor;N_Target Amiiiiin;['mut4686'];Not_Hate
kiruntigor;N_Target Amiiin;['yayahsutrisno_0779'];Not_Hate
nisvuati;N_Target Apa imam besar kami HRS sdh menyakiti ibu mu Sehingga kau menghina beliau sebegitu kotornya Bala komenan saya;['sahalmakarim'];Not_Hate
benci_kedok_agama;N_Target Apa lu pret;['nunuk_wahyuni'];Not_Hate
idahalyabalfas;N_Target Astaghfirullah La Hawla Wala Quwwata Illa Billah;['negaradarurat'];Not_Hate
kiruntigor;N_Target Bgitu jga dgn saya;['rudy__surya'];Not_Hate
mpok_rogaye;N_Target CUMA ITU KAN HEADLINE JADI KUMAHA ETA KITU RASANA PAS MACA;['indonesian_akhwat_'];Not_Hate
dyethafitra_18;N_Target Dimenangin beda ya sama menang lagi;['kartikapraja'];Not_Hate
benci_kedok_agama;N_Target Gak ada yg nanya;['rudy__surya'];Not_Hate
junnatha;N_Target Gila lu ndro itu tol bikin GREGET amat Ku ingin teriak tapi takut dituduh makar;['jancok'];Not_Hate
nunuk_wahyuni;N_Target Iiiigh sowrry g sudi bingit;['benci_kedok_agama'];Not_Hate
dyethafitra_18;N_Target Iyah mba aku juga gk rela dunia akhirat;['indonesian_akhwat_'];Not_Hate
sitipallupi;N_Target Jun cepetan balik di tunggu mbok pagere Selak di gembok;['junnatha'];Not_Hate
fat.ma947157;N_Target KRN UDH DIVKONDISIKN;['yudho11'];Not_Hate
kiruntigor;N_Target Kami ttp di barisn ini;['anhinasty3131'];Not_Hate
kiruntigor;N_Target Kami yakin mereka mlm ini gelisah;['bank_sha_dewwa'];Not_Hate
silviazzein;N_Target Kata nya kezaaaam de Tp Kk sangat syuukkaaa Hahahaa;['arfandy24'];Not_Hate
indonesian_akhwat_;N_Target Knp dr rapp babeh jd tagonian;['mpok_rogaye'];Not_Hate
hari_suranto_saputro;N_Target N_Target;['prabowo', 'sandiuno'];Not_Hate
hari_suranto_saputro;N_Target N_Target N_Target;['kpu_ri', 'bawasluri', 'mahkamahkonstitusi'];Not_Hate
ahmad_jamyaby;N_Target N_Target N_Target N_Target;['jono7661', 'prabowo', 'sandiuno', 'indonesiaadilmakmur'];Not_Hate
sadeultras45;N_Target N_Target min ini real gak;['infokomando', 'tnilovers18'];Not_Hate
sivittfitry;N_Target N_Target pa kiayi kalau ini gbs jd bukti kecurangan ya;['ahmad_jamyaby', 'yusufmansurnew'];Not_Hate
khajiluki;N_Target Nah Ini Dia Komen Yg Di Tunggu;['4yi_ri'];Not_Hate
deriza12;N_Target Ni geuleuh naudzubillah;['millatulf_11'];Not_Hate
ahmad0809_gw;N_Target Ooooo;['pelangi_air_mata'];Not_Hate
hendrihrdnt;N_Target Pak ko gini sih hmm;['jokowi'];Not_Hate
khalisahrochman;N_Target S kita referendum aj;['nurzanah_'];Not_Hate
batik_anasasirangan;N_Target Tanda akhir zaman sdh terlihat;['arba_nst'];Not_Hate
_soema_widjaja;N_Target Tim Kampanye Nasional TKN Joko Widodo Ma ruf Amin menerima laporan dugaan pelanggaran atau kecurangan yang menguntungkan paslon Prabowo Subianto Sandiaga Uno di dalam negeri Direktur Hukum dan Advokasi TKN Ade Irfan Pulungan mengatakan laporan tersebut diterima dari berbagai pihak melalui posko pengaduan yang telah dibuka sejak April Ada laporan pengaduan yang masuk melalui posko pengaduan ini hampir di seluruh nasional Indonesia mulai dari Aceh sampai dengan Papua kata Ade saat konferensi pers di Rumah Cemara Jakarta Pusat Rabu Sumber kompas;['nyimamay'];Not_Hate
susanto1305;N_Target Toh sebelun dan setelah itu tetap saja ngiboel sdh tabiat buruk;['priskilaasianty'];Not_Hate
khajiluki;N_Target WA ALAIKUM SALAM WR WB;['ra'];Not_Hate
yansuryana50;N_Target aamiin;['nurfazriahnurfazriah'];Not_Hate
mat.siregar;N_Target aamiin Percaya sama saya ahok adalah salah satu di kabinet jokowi skrg;['kiruntigor'];Not_Hate
__amelia09;N_Target aamiin Ya Allah;['arfandy24'];Not_Hate
yantimartutik;N_Target aamiin aamiin ya rabbal alamin;['indonesiaa_45'];Not_Hate
endangsriwabyuni;N_Target aamiin allahumma aamiin;['satria'];Not_Hate
akasasaidina;N_Target aamiin ya Allah;['khilafa_islamia'];Not_Hate
setiarsihenny;N_Target aamiin ya allah;['devimariana43'];Not_Hate
yadikuningan1;N_Target aamin yrb;['bangjos15'];Not_Hate
sitipallupi;N_Target ada Freeport kok jalannya becek kasian PAPUA;['keyla'];Not_Hate
fandyaulia87;N_Target aduh maaf saya ga percaya gituan neng karena itu perbuatan SYIRIK yg sangat dilaknat oleh Allah hidup dan mati saya cmn Allah yg berhak melakukannya bukan dari lisan manusia yg menentukannya kecuali SANTET ulah dari tangan jahil manusia yg diperdaya oleh JIN;['indonesian_akhwat_'];Not_Hate
jaff_arman;N_Target agreeeeee;['rasyidsz'];Not_Hate
jaff_arman;N_Target ah kata siapa aku sering liat di tipi ngedlosor MotoGP;['yuniartis5421'];Not_Hate
fandyaulia87;N_Target akun islami tpi doyan menebar fitnah dan kedengkian;['indonesian_akhwat_'];Not_Hate
agoenghs;N_Target alhamdulillah kagak pernah nonton tv selama ada youtube dan kuota berlimpah tv ku bafuck;['tiarais'];Not_Hate
xigy_yagigiri;N_Target alhamdulillah sy tidak pernah dan tidak akan pernah menghamba sama manusia semoga ditetapkan iman islam sampai akhir hayat sy lailahaillallah muhammadarasullallah aamiin;['anggaarantxa'];Not_Hate
dianrissing;N_Target amien allohuma amien;['khilafa_islamia'];Not_Hate
wing9958;N_Target amiiin;['novalda_17'];Not_Hate
wing9958;N_Target amiiin allaah tidak buta;['khilafa_islamia'];Not_Hate
firman_alamsyah88;N_Target amin;['kpqtrw'];Not_Hate
reza.sagaf;N_Target anda itu bisa mahami kata atau tidak saya tdk menyuruh anda mengakui saya hanya mengingatkan anda jgn berprasangka buruk dlu sblm anda mengetahui betul krn apabila yg anda prasangkakan itu salah artinya anda sudah menanam dosa buat diri anda faham gak sih;['fandyaulia87'];Not_Hate
pelangi_air_mata;N_Target ane mah bukn provokasi tp kritis dan ngk mau tertipu ke x Bgmn mau ngajak membangun kl pemerintah ini justru menghancurkn;['fahrul'];Not_Hate
ceperituangga33;N_Target apa hubungannya sm ngaji;['karadika7'];Not_Hate
rethaanhar;N_Target apolo ko ha;['mohsultoni70'];Not_Hate
indonesian_akhwat_;N_Target aseeeekkkktralalala tetotet tetotet;['mpok_rogaye'];Not_Hate
ra.ngga148;N_Target assalamualaikum Cocok;['khajiluki'];Not_Hate
ra.ngga148;N_Target assalamualaikum saudaraku Gua maau ketawa lah;['m_jahudi_r'];Not_Hate
retnobrillierdo2720;N_Target astaghfirullah liat profilnya yg berhijab dan lisannya yg tdk terjaga sy jd sedih;['hz_mawar'];Not_Hate
diannovita76;N_Target audzubillah himinaa syaiton nirojim;['anggaarantxa'];Not_Hate
kartikapraja_;N_Target balasannta menang lagi mas;['dyethafitra_18'];Not_Hate
giyono_69;N_Target baper;['indonesian_akhwat_'];Not_Hate
fandyaulia87;N_Target baru hidup di negara ya;['barrackhusein'];Not_Hate
jaff_arman;N_Target bebek aduz xali;['tin_kazashe'];Not_Hate
jaff_arman;N_Target bener;['annur_hafizhoh'];Not_Hate
_mufthi13;N_Target bener gan;['santyprisianti'];Not_Hate
mpok_rogaye;N_Target benul;['ragil_sri_m'];Not_Hate
firngadi_braling1;N_Target berani gak yaa;['firngadi_braling1'];Not_Hate
deklepung;N_Target berjiwa besar kata ny amini aja;['bayustyw'];Not_Hate
kiruntigor;N_Target berjuta juta umat khususnya para kiyai ustad insyaalloh doanya terkbul nntinya amiiin;['mat'];Not_Hate
dyah8387;N_Target bersama prabowo sandi;['Bangga'];Not_Hate
yadikuningan1;N_Target betul;['hamz'];Not_Hate
juliebelle888;N_Target betul Pak prabowo klo pidato hebat Saya kayak menemukan air ditengah padang gersang Gantinya pak soekarno Bahkan insyaALLAH lebih baik lagi Beliau begitu tegas tapi juga sabar Hebat;['ida_ny'];Not_Hate
ali.usmans007;N_Target betul Tul Tul;['bank_sha_dewwa'];Not_Hate
muhammadilhamumar;N_Target betul itu mbak;['shintaherdiana96'];Not_Hate
godsparta_1;N_Target biarin aja entar kita saksikan di sidang allah;['ratu_rufianti'];Not_Hate
2212gefaa;N_Target biarin aja kalah yg jelas aq mlah makin sayang sama pak N_Target pak N_Target;['fbrnadhrs_', 'prabowo', 'sandiaga uno'];Not_Hate
anandaefran;N_Target biasa bang hakim juga punya rekening dan selera;['wahyupetol'];Not_Hate
yafiehaikal;N_Target bnr bro itu karena korban jg salah mencemarkan nama baik habib;['purwadikris'];Not_Hate
pelangi_air_mata;N_Target bnyk bng Coba browsing aja Ada dr trimbun solo pos kompas dll Dan kepseknya nangis Dan urusan seragam muslim diserahkn pd walimurid Tp wali murid ada yg masih mau memakaikn seragam muslim pd anknya Meskipun aturan itu telah dicabut;['rickynakp'];Not_Hate
fandyaulia87;N_Target bos membela untuk menegakkan ga ada yg larang tpi lisan hrs dijaga noh HRS yg suka memberontak kpda pemerintah akhirnya kabur ke arab saudi kaga kembali punya nyali apa kaga itu orang teriak jdi provokator di negeri orang dia mah ongkang kaki disono;['reza'];Not_Hate
rudy.hamid.505;N_Target budeg hati karna mata duitan bu;['ance_melody'];Not_Hate
jaff_arman;N_Target bukan ini moto GP;['ahabib'];Not_Hate
fitria.ilmi;N_Target bukti nyataaaaa iniii berita kompas bukan dari medsos apa maaih tak terlihat;['mahkamahkonstitusi'];Not_Hate
burisrowo69;N_Target cuih ga sudi gua mending minta gaji ama pak Prabowo;['khilafa_islamia'];Not_Hate
fandyaulia87;N_Target dan ini tagar ga ada urusannya sama si bahar tolong lah buat postingan yg lbh mendidik hehehehe;['indonesian_akhwat_'];Not_Hate
fbrnadhrs_;N_Target dan nyatanya prabowo yg menangis karena kalah mulu di pilpres;['ali'];Not_Hate
reza.sagaf;N_Target dari sini jelas anda sudah salah sangka habib bahar membahas pemimpin terkait kejadian dahulu yg mana para ulama dan umat muslim ditembaki gas air mata beliau marah krn kejadian tsb tdk diatasi oleh pemerintahan dgn baik anda lupa kejadian tsb atau pura lupa kemudian beliau marah trhadap pemimpin salah yg anda bela itu ulama atau pemimpin sadar bung kemudian beliau diusut soal tsb beliau tdk bersalah dicari lah kesalahan beliau ketemulah saat beliau menghukum santri yg mengaku habaib dan menjelek kan ahlulbait skrg saya tanya sama anda sejauh mana ilmu anda soal akhlak dan adab apalagi soal kepemimpinan anda itu sudah salah masih ngotot kalau punya otak gunakan dgn baik apa untungnya anda berprasangka kpd orang yg sejatinya anda tidak kenal dekat dgnnya bisa jadi orang yg anda hina itu kedudukannya lebih tinggi dihadapan Allah jadi hati lah dalam berprasangka dewasa dalam berfikir;['fandyaulia87'];Not_Hate
jaff_arman;N_Target dengan kekuatan semvak merah;['okieeputra'];Not_Hate
hastuti116;N_Target di cintai sapa mahluk halus ya menyengsarakan rakyat iya;['musdalifahc33'];Not_Hate
reza.sagaf;N_Target dibaca baik komentar saya anda sndiri apakah sudah mengetahui jelas nasabnya di rabithah anda sndiri tdk bisa membuktikan kok asal menghina saja hati bung;['fandyaulia87'];Not_Hate
kartikapraja_;N_Target dihati sumatra kahjangn d gebyar uyah g mengakui hak anda namun penyelenggara nya siapa hehehhe;['reza'];Not_Hate
kartikapraja_;N_Target dimenangin sama allah swt alhamdulilalh yg penting di silslah keluarga g pernh kasus pak jokowi PRRI eaaaaaa;['yafiehaikal'];Not_Hate
endangsriwabyuni;N_Target dmn arah ke mk diblokade jalur jd muter g karuan;['parmadinatto'];Not_Hate
indonesian_akhwat_;N_Target dtg laagi akun lock yg baru Heran kok jokower akunnya pd d lock post dikit pngikut jg pd dikit kalian ada masalah sosial apa gmn si;['musdalifahc33'];Not_Hate
barrackhusein;N_Target emangnya beliau memberontak di bagian mana;['fandyaulia87'];Not_Hate
fandyaulia87;N_Target emangnya si bahar selevel derajatnya dgn Sahabat Rasulullah istri dan juga anak nya emang siapa dia sdh bisa menebak neraka tempat saya karena tdk mengakui bahar sebagai ahlul bait wkwkwkwk;['reza'];Not_Hate
fandyaulia87;N_Target ente hidup di jaman Saydina umar bin khatab beliau keras terhadap orang kafir dan orang munafik emang berkata kotor gitu;['reza'];Not_Hate
indonesian_akhwat_;N_Target gak pernah se BT ini denger vonis dr rezim jahanam ini im not in the mood now;['mpok_rogaye'];Not_Hate
ponco494;N_Target gak respect gimana la itu gubernur lo bebas dong mau apa aja lawong mau kencing di jalan di epret ibaratnya yo gak popo la gubernur lo;['dewi_dsw'];Not_Hate
darmawatialvi;N_Target geus nyaho;['itamami_'];Not_Hate
bank_sha_dewwa;N_Target haha ente membolak balikan fakta lieurr;['fbrnadhrs_'];Not_Hate
reza.sagaf;N_Target hahaha iya deh bung bicara sama org yg gak tau apa malah bingung saya sumpah anda itu sok tau bgt sesuka anda aja deh bung;['fandyaulia87'];Not_Hate
reza.sagaf;N_Target hahaha iya iya yg menang tapi kok gak percaya diri dan ngotot untuk bertemu krn mreka sadar mreka menang hanya di MK dan KPU bukan dihati rakyat dan tdk akan akui legitimasi pemilu;['kartikapraja_'];Not_Hate
reza.sagaf;N_Target hahaha yg hati itu anda bung anda bisa ngmng nasab gak jelas itu dr mana dr berita atau anda sudah melihat sndiri di rabithah hati bung dalam menilai alim ulama;['fandyaulia87'];Not_Hate
fbrnadhrs_;N_Target hajar bang;['anggaarantxa'];Not_Hate
pelangi_air_mata;N_Target hhee Ngk nakal kok cm hoby ngacak akun jokowi aja ngk kerja to;['zakysef'];Not_Hate
mie1506;N_Target hihihi sama;['dina'];Not_Hate
hz_mawar;N_Target hmmm gtu ya min Tp sy lebih suka Uas aagym Ubn Uhaikal sy suka ceramahnya;['indonesian_akhwat_'];Not_Hate
khilafah_islamia;N_Target hore Gue nganggur nih ntar gue minta gaji akh sama Jokowi eseeeekkk Mantap Mari teman kita tagih janjinya Jokowi yang mau gaji pengangguran hayoooo serbuuuuu;['benci_kedok_agama'];Not_Hate
anggaarantxa;N_Target ih ga nyambung gua ngmg apa lu ngmg apa;['xigy_yagigiri'];Not_Hate
threesaputro;N_Target ingat kata pa prabowo di gbk yg menang pasti menang biar allah yg jawab semua pasti ada rencana di balik semua ini;['kartikasr_engga'];Not_Hate
sitipallupi;N_Target ini infrastruktur off road;['homestaydieng_istana21'];Not_Hate
sitipallupi;N_Target ini off road neng nanti dikabarin kalo potong;['yayang973'];Not_Hate
acoykupu2;N_Target ini orang spam Ngapain di ladenin hahaha Buang waktu;['fandyaulia87'];Not_Hate
fandyaulia87;N_Target ini ranahnya bukan urusan politik lgi tpi ahlaq kita sebagai umat muslim dituntut untuk bersikap lebih tawadhu lgi terhadap sesama aplgi kpda pemimpin negara;['indonesian_akhwat_'];Not_Hate
ratu_rufianti;N_Target iya betul;['godsparta_1'];Not_Hate
indonesian_akhwat_;N_Target iya bun itu jg klo jadi dilantik;['dyethafitra_18'];Not_Hate
kartikapraja_;N_Target iya wes manut dimenangin sama tak termenangkan berkali kali itu winstrike apa lose strike;['dyethafitra_18'];Not_Hate
sitipallupi;N_Target jae ngopi yuk ah;['zakysef'];Not_Hate
muhammadirfan_srg99;N_Target jgn di ladenin bg bencong mah gitu;['reza'];Not_Hate
fandyaulia87;N_Target jgn tnya saya yg sombong diawal dan berkata sampe busuk pun dipenjara ga bakal minta maaf nah skrg lisannya balik ke dia sendri ngapain org begituan di do ain alangkah baiknya di Do akan agar cepat bertaubat utk merubah lisannya utk tdk berkata sembarangan maaf ya saya bukan pendukung dri tpi saya berkata begini berdasarkan apa yg diajarkan dlm islam agar lebih berahlaq lgi dan mempuyai adab untuk menyampaikan sesuatu;['indonesian_akhwat_'];Not_Hate
indonesian_akhwat_;N_Target jstru mgkin mw nunjukin sebetapa gatau malu nya itu si aktivis LGBT ngmng gt teh;['mpok_rogaye'];Not_Hate
xigy_yagigiri;N_Target kalah di MK menang di hati rakyat perjuangan dalam kejujuran yg hakiki skenario Allah maha tinggi;['anggaarantxa'];Not_Hate
arya_madhavi;N_Target kalau gua sih gag perlu kartu wkwkwk Sorry ya gua mampu kok;['fpi_cilkot'];Not_Hate
xigy_yagigiri;N_Target kami bangga mnjadi bagian dari perjuangan yg haqiki dan jujur bukan sesuatu yg hebat jika menang dengan kecurangan semoga Allah kasih tuntunan baik kepada anda astaghfirallah haladzim aamiin;['anggaarantxa'];Not_Hate
xigy_yagigiri;N_Target kami hidup didunia ini atas ijin dan kuasa Allah kami hanyalah insan yg doif kami menghormati keputusan MK kami harus hidup dalam tuntunan Allah anda faham;['anggaarantxa'];Not_Hate
di_an_dra123;N_Target kan jalan arah mk dan bawaslu dipasang ranjau coba kalau polisi ga jaga udah pasti tumpeh tumpeh tuh;['parmadinatto'];Not_Hate
pelangi_air_mata;N_Target kartu pekerja cm berlaku buat ank umur an ngk berrlaku buat th ke atas;['zakysef'];Not_Hate
zakysef;N_Target katanya si jae kaga doyan kupi tuh;['sitipallupi'];Not_Hate
ummi_arkha;N_Target kejam;['indonesian_akhwat_'];Not_Hate
pelangi_air_mata;N_Target kesabaran kt akn diuji sampai th kedepan;['harwanto'];Not_Hate
indonesian_akhwat_;N_Target ketika di DT habib dtg auranya begitu kuat luar biasa habib yg mempunyai kedalaman agama yg luar biasa memang berbeda Beliau jg sbtlny bkn org keras Video yg di viralkan sj jd membuat citra beliau seperti itu Sudah benar muak sm rezim skr;['mpok_rogaye'];Not_Hate
benci_kedok_agama;N_Target kl lo blg presidennya dia berarti negaranya kertanegara yg gak ada dlm google map;['mrs'];Not_Hate
anggaarantxa;N_Target kl yg menang wowo masi curang g wkwkwkwk ciye kalah ciyeee;['bank_sha_dewwa'];Not_Hate
fandyaulia87;N_Target klo benar gmna buktikan dulu lucu statetment hnya mengira;['reza'];Not_Hate
indonesian_akhwat_;N_Target klo berani bawa balik;['mpok_rogaye'];Not_Hate
hasna_amalia2;N_Target km jualan healthy pudding tp jiwa mu ga healthy;['healthy'];Not_Hate
fazriynsah_albanjar;N_Target kok gini;['jokowi'];Not_Hate
semut.padjadjaran;N_Target komik juki juga bisa tuh;['priskilaasianty'];Not_Hate
dyethafitra_18;N_Target kshan yaa presiden yg dipaksakan;['indonesian_akhwat_'];Not_Hate
burisrowo69;N_Target kwkwkwkw;['benci_kedok_agama'];Not_Hate
sitipallupi;N_Target lagi ada blokade di langit;['nennyhilmy'];Not_Hate
sitipallupi;N_Target lagi ganti oli;['m'];Not_Hate
fandyaulia87;N_Target lah itu urusan ente menilai saya pada intinya ya mulutmu harimaumu jgn salahkan pemerintah mereka juga butuh keadilan agar tidak menfitnah dan berkata kotor kpda org lain;['reza'];Not_Hate
anggaarantxa;N_Target lah ya ini skenario Allah wowo kalah gmn sih lu;['xigy_yagigiri'];Not_Hate
dayshi_galuh;N_Target lo kali yg santai sampe komen disini komen aja tuh di kubu sono sapa tau Lo bisa gantiin jd wapresnya;['bayustyw'];Not_Hate
namikazedani;N_Target lucu kan bng Segitu ramainya segitu padatnya kenapa yang dimenangkan yang sepi wkwkwkw;['wied'];Not_Hate
rudy__surya;N_Target maf saya tidak bicara dengan Anda;['benci_kedok_agama'];Not_Hate
alfimu1;N_Target makasih;['ahmad_jamyaby'];Not_Hate
sitipallupi;N_Target mantap;['syahrendy97'];Not_Hate
anekajayatech7;N_Target mantap tv nya bro sy jg mau setting jg lah bro;['bajigoy46'];Not_Hate
christieunyu;N_Target mantull;['agustinaandriani7'];Not_Hate
arifinpayapo;N_Target mantuuuuuul;['nyimamay'];Not_Hate
fbrnadhrs_;N_Target masih saya tunggu jawaban anda boss narasi mencerminkan pemahaman anda tentang politik kalo anda paham politik anda pasti bisa menyangkal pernyataan saya dengan bijak;['bank_sha_dewwa'];Not_Hate
imbanana77;N_Target matanya ketutup pohon duit;['sdwi5'];Not_Hate
thooriqarrisyad;N_Target mending hindari debat kayak gini mah bang ga bakal abis abis percuma soalnya;['reza'];Not_Hate
wartymarsudi;N_Target mending liat ftv Ms Mlh menghibur;['supandi942'];Not_Hate
fandyaulia87;N_Target muhabalah yg kembali kpda dirinya sendiri kan Allah Subhana Wa Ta ala maha adil apa yg dilakukan oleh hambannya;['indonesian_akhwat_'];Not_Hate
farizh_alhakim;N_Target mungkin kurang banyak jadi kurang demokratis;['bruryr'];Not_Hate
anwarhamdouna;N_Target mungkin menantimu untuk bangkit dari tempat tidurmu;['arashiaslan'];Not_Hate
zezee_737;N_Target nah betul;['d3dy'];Not_Hate
farizh_alhakim;N_Target nahini;['nura_moms'];Not_Hate
indonesian_akhwat_;N_Target nangis aku bun denger beritanya rezim laknatullah aku gaakan maafin meski mndatangi lgsh dan meminta maaf;['dyethafitra_18'];Not_Hate
fandyaulia87;N_Target ngaku ahlul bait tpi nasabnya ga jelas hati pertanggung jawabanmu di akhirat kelak;['reza'];Not_Hate
anggaarantxa;N_Target oh ya udah Allah nuntun elu dibawah jokowi karna yg diridhoi jd presiden ya jokowi wkwkwkwk trima dong;['xigy_yagigiri'];Not_Hate
negaradarurat;N_Target otak perempuan Indonesia yg diserang Indonesia warning;['idahalyabalfas'];Not_Hate
sitipallupi;N_Target pasti;['widyanifs'];Not_Hate
didi_muno_irawan;N_Target pemilu udh usai mbok y jgn saling mencela;['ai_anduuut'];Not_Hate
anwarhamdouna;N_Target pencuri yang Budiman;['saikou'];Not_Hate
dhimassigitpurnama;N_Target pendapatnya ka;['sherlyannavita'];Not_Hate
muchlisritam;N_Target perjuangan tiada akhir kawan tetap maju pantang mundur;['prabowosandiuntukindonesia'];Not_Hate
nunuk_wahyuni;N_Target positif tinking broo kau kalah level sm mak;['benci_kedok_agama'];Not_Hate
lyz_collection;N_Target presiden maksa suara yg milih cuma mak saja paham huh;['anggaarantxa'];Not_Hate
fitria.ilmi;N_Target presidenku;['prabowo'];Not_Hate
junnatha;N_Target pulang kemana mbok pulang ke solo opo mbok;['sitipallupi'];Not_Hate
benci_kedok_agama;N_Target sabaaarrr;['burisrowo69'];Not_Hate
ali.usmans007;N_Target sabar Seperti y slogan dari rakyat oleh rakyat dan untuk rakyat sudah tak berlaku di negeri kita;['nurzanah_'];Not_Hate
harienyuliyani;N_Target sakit y hidup di negeri dongeng krn yg pegang kuasa sang sutradra;['namikazedani'];Not_Hate
uah_ancha9;N_Target sama Allah Akbar;['rudy__surya'];Not_Hate
hj.amatul1971;N_Target sama dulu ngefan krn pinter skrg no no no;['mulyantisrieka'];Not_Hate
solihin_soccer;N_Target sama mas;['asep_boer'];Not_Hate
afrinawudu;N_Target sama mas bangga banget teruslah berjuang saya yakin Allsh Swt tetap bersama kita cepst atau lambat kebenaran yg haqiqi akan tampak save our demokracy ALLAHUAKBAR MERDEKA;['lingkar_maiyahbanten'];Not_Hate
is_hidayah;N_Target sama sayapun bangga sdh ikut berjuang dgn no;['rudy__surya'];Not_Hate
endangsriwabyuni;N_Target sama sy ada disitu dkt pnggung n dkt ruang vvip pak prabowosandi;['rahmatlife'];Not_Hate
lingkar_maiyahbanten;N_Target sangat banyak mas;['prabowosandiuntukindonesia'];Not_Hate
anggaarantxa;N_Target saya bangga bukan jadi golongan anda wkwkwkwk;['yayahsutrisno_0779'];Not_Hate
rudy__surya;N_Target saya tetap bersama pak prabowo sampai titik dara penghabisan;['prabowosandiuntukindonesia'];Not_Hate
sutini_haunani;N_Target saya tidak sekolam ya Saya tetep setia;['nura_moms'];Not_Hate
ali.usmans007;N_Target saya yakin mereka yang sudah d menangkan malam ini bathin y sedang menangis Karena hati kecil mereka mnyadari kalau yang d lakukan adalah ketidak jujuran Saya yakin sekali;['2212gefaa'];Not_Hate
indonesian_akhwat_;N_Target sbtlny byk yg biasa aja waktu ke daarut tauhid jg biasa aja cuma mgkn yg di viralkan yg keras nya saja;['hz_mawar'];Not_Hate
novalda_17;N_Target selamat atas kecurangan anda eh maaf kemenangan maksudnya;['anggaarantxa'];Not_Hate
srisugiyatmisugiyatmi;N_Target semg aj;['sriisusilaningtyas'];Not_Hate
harienyuliyani;N_Target semoga disegerakan;['firman_alamsyah88'];Not_Hate
qurniahyun;N_Target semoga gak jdi di lantik prabowo yg d lantik smga d cabut ehem pas d lantik;['dyethafitra_18'];Not_Hate
kartikapraja_;N_Target setidaknya sudah berusaha seburuk itukah yg dia lakukan kepada anda;['mamvell'];Not_Hate
uah_ancha9;N_Target setuju;['aishyllazivanna'];Not_Hate
ayuririzki;N_Target setujuuuuuu;['nurzanah_'];Not_Hate
bayukurniawan89;N_Target siap gk yah nanti kalo anak mondok;['nurviithreeany'];Not_Hate
kartikapraja_;N_Target siap maaf kan saya tolak reklamasi ups;['reza'];Not_Hate
ahmad_jamyaby;N_Target siap siap siap;['alfimu1'];Not_Hate
fbrnadhrs_;N_Target siyapp;['2212gefaa'];Not_Hate
__amelia09;N_Target smg gk jd dilantik;['indonesian_akhwat_'];Not_Hate
arfandy24;N_Target smoga nanti bikin masalah dan gk jadi di lantik amin;['__amelia09'];Not_Hate
kiruntigor;N_Target stuju;['aishyllazivanna'];Not_Hate
sitipallupi;N_Target sudah gue bilang aspal belum garing nekat masuk;['mhdzulfanpandjaitan'];Not_Hate
indonesian_akhwat_;N_Target suka bener dehh;['arfandy24'];Not_Hate
mpok_rogaye;N_Target syalala lala lala lala;['indonesian_akhwat_'];Not_Hate
rudy__surya;N_Target terimakasih bg aq;['kiruntigor'];Not_Hate
rudy__surya;N_Target terimakasih saudara aq;['dian_fahesty'];Not_Hate
lingkar_maiyahbanten;N_Target the real president;['saridareah'];Not_Hate
bank_sha_dewwa;N_Target tidak ada kata curang bagi haram hukum nya;['anggaarantxa'];Not_Hate
sitipallupi;N_Target tol langit menuju kayangan;['makmur'];Not_Hate
mpok_rogaye;N_Target tp PERINGATAN HALUS dr Habib Bahar ke Hakim baik loh min bahwa pengadilan Allah adalah pengadilan yang seadil adilnya;['indonesian_akhwat_'];Not_Hate
indonesian_akhwat_;N_Target trnyta mreka skr cuma pduli sm diri sendiri recehan pula;['ragil_sri_m'];Not_Hate
indonesian_akhwat_;N_Target tuh dengerin org tua ngmong;['mpok_rogaye'];Not_Hate
itamami_;N_Target tuhh dengekeun;['darmawatialvi'];Not_Hate
bie_as22;N_Target ud mkn duit ga halal msuk bui Biar tau rasa;['miftakhul_firdaus96'];Not_Hate
islam_cahayahidupku;N_Target waduh maaf kami bukan orang kementrian agama;['kelana7126'];Not_Hate
aba.dil_;N_Target wah bisa sombong juga;['arya_madhavi'];Not_Hate
indonesian_akhwat_;N_Target wah jeli bgt iya d pundak kanan ya apa biar lgsg dicatet sm malaikat atw sbtlny gak ngakuin itu kitab suci nya dia kan muslim klo ngakuin al quran shrusnya bela ulama n islam jg lha ini ada apa sm muslim mingkm atw banter blg bukan urusan saya;['panjie_84'];Not_Hate
firaunnya_cebong;N_Target wallahualam bissawab;['indonesian_akhwat_'];Not_Hate
kartikapraja_;N_Target win strike kakak alhamdulilah;['yafiehaikal'];Not_Hate
bayustyw;N_Target wkwk santai broo emang kalo prabowo yang menang ente jadi menteri segitunya banget wkwk;['dayshi_galuh'];Not_Hate
m_jahudi_r;N_Target wlaikum slam bebas gan;['ra'];Not_Hate
dery_randa;N_Target wong Nias mna suaranya kasi tau uwongnya young klu di omongi ngeyel;['ferrijuniansyah'];Not_Hate
liameisje;N_Target ya betul cukup dihati aja yaahhh;['cpencuriilmu210717'];Not_Hate
ramdanihikma;N_Target ya ngak tau ya ko mo tanyak saya bukan urusan saya;['yudho11'];Not_Hate
andriyan.nisa;N_Target yess bangga di sisi yg di curangi bkn di sisi pelaku curang;['agustinaandriani7'];Not_Hate
pelangi_air_mata;N_Target yg lg trend di twiter itu bng masa ana ganti sih Hhee;['ahmad0809_gw'];Not_Hate
devidee1968;Nah gitu donk Jadi Negarawan lebih terhormat dan harus legowo;['None'];Not_Hate
faisalefndii;Nah loh;['None'];Not_Hate
upaydahlan;Nah nih bukti kurang bukti ya di MK;['None'];Not_Hate
rohmanarif901;Najis lihat pelantikan kecurangan;['None'];Not_Hate
abwibowo03;Najis mugholadoh;['None'];Not_Hate
yopieyasin3916;Najis nonton pelantiksn Mendinggan nonton flim BF seru lgi;['None'];Not_Hate
rasyidsz;Nama nya akhir zaman yang ngenyindir orang kayak gitu takut di sorakin balik;['None'];Not_Hate
gaharu_99;Napa MK kemarin gak merujuk pada bukti ini Bukankah ini kecurangan;['None'];Not_Hate
mpok_rogaye;Naudzubillah;['None'];Not_Hate
putrabatavia73;Negarawan sejati tetap dihati RAKYAT istiqomah dlm perjuangan rakyat menuju adil makmur;['None'];Not_Hate
faidzfaidz_07;Ngakak;['None'];Not_Hate
m_jahudi_r;Ngga curang min ngga itu cuman nancepin paku ke kertas doang ko;['None'];Not_Hate
m_jahudi_r;Ngga enak tidur tuh;['None'];Not_Hate
jessica_kucing;Nggak pengen nontonnya;['None'];Not_Hate
masterasn2019;Niceeeeee jangan lupa senyum hari ini;['None'];Not_Hate
letisiaov;Nntn ilc cm pengen liat pak Rocky ngomong doang salam akal sehat;['None'];Not_Hate
atikd6;Nonton berita d tv bkin enek;['None'];Not_Hate
dialfat14;Ntr dibilang hoax LG;['None'];Not_Hate
dg_muli;Nusuk banget ke dalam;['None'];Not_Hate
azzuraidah1984;Ogah nyala in tv mending tidur;['None'];Not_Hate
eka.kart;Ogah rekonsiliasi;['None'];Not_Hate
a_adun1;Oow kamu ketauan;['None'];Not_Hate
ninom8909;Ora sudi nonton pelantikan presiden dan wakilnya hasil curang yang curang pasti celaka;['None'];Not_Hate
fajar_rabiul;Orang yg paling banyak bohongnya nih sama rakyat tukang kibul gadungan semoga dapet balasannya amin;['None'];Not_Hate
ebwood81;Org curang mah bebas emang ada penjahat nurut aturan;['None'];Not_Hate
vhi_novitashari;Otak nya lah konslet;['None'];Not_Hate
yanimulyaningsih21;PAS selalu mantaf d hati perjuangkan terus kebenaran sampai datang pengadilan dr Allah yg seadil adilnya;['None'];Not_Hate
fachrulbikers662;PAdam listrik indonesia;['None'];Not_Hate
makmur.muhammad;PEMIMPIN YANG SESUNGGUHNYA tertukar;['None'];Not_Hate
bukhorizema;PLESIDENT manaaa yaa minta yoo;['None'];Not_Hate
aan.safanah.1;PRABOWO PRESIDEN menuju adil makmur;['None'];Not_Hate
wilson_syalom88;PRESIDEN PRABOWO TTAP DI HATI RAKYAT;['None'];Not_Hate
sahalmakarim;PULANG AJA NANTI YG JEMPUT FIRZA HUSSEIN KAN ASSOY;['None'];Not_Hate
vazara_279;Pada hakekatnya kebenaran yg ttp menang;['None'];Not_Hate
githa.id;Pak N_Target and bang N_Target you re real the winner and my President forever i m always stand with you Remember gusti ALLAH SWT never sleep for the loser;['prabowo', 'sandiuno'];Not_Hate
momy_shansa;Pak N_Target papa online N_Target pak pengacara di save ya;['prabowo', 'sandiuno'];Not_Hate
hasan_ohek;Pak Prabowo dan Pak sandi rakyat selalu berdo a semoga Pak Prabowo dan Pak Sandiaga sehat selalu dan diberikan keberkahan amin yarobbal alamin rakyat lebih tau bahwa bapak lah N_Target pemimpin yang amanah yang di inginkan rakyatnya;['prabowo'];Not_Hate
wellymariaa;Pak Prabowo tetap dihati;['None'];Not_Hate
wellymariaa;Pak Prabowo tetap dihati tetap semangat;['None'];Not_Hate
rflykun28;Pak gimana;['None'];Not_Hate
ridhofajrialattas;Pakai kitab lain aja buat pelantikan Alqur an tidak mngajarkan berbohong aplgi curang cureng Kasihan nanti hisab nya lebih sakit;['None'];Not_Hate
normanalsyahnagemstone;Pake Ensiklopedia aja sumpahnya biar tambah pengetahuannya;['None'];Not_Hate
anhinasty3131;Pakkk gk rela aku kok sakit x rsanya bpak slalu dihati rakyat pak prabowo sandi;['None'];Not_Hate
budi_tengger;Paling dungu ya;['None'];Not_Hate
dds_hasanhand;Paling mo ngamanin yg lg pd rebutan kabinet;['None'];Not_Hate
cool_animation0311;Pantes papua mau merdeka;['None'];Not_Hate
nisadeliangsi;Pantesan Anwar usman sampai nunduk depan jokowi hukum yg ada di Indonesia benar lemah Kaga lihat apa yg terjadi dilapangan pada orang awan Katanya surat yg tertoblos tidak dihitung Kenapa anda sebagai MK tidak memperlihatkan kepada masyarakat Indonesia hasil Audit situng yg ada di KPU;['None'];Not_Hate
wiwineka.s;Pasti;['None'];Not_Hate
sutini_haunani;Pda akhirnya dicampakan kan;['None'];Not_Hate
bambangsoreang;Pecundang;['None'];Not_Hate
khilafah_islamia;Pegang kata saya ini kalian semua jadi saksi;['None'];Not_Hate
iffaaja;Pelantikannya kapan min;['None'];Not_Hate
diaro2669;Pemenang;['None'];Not_Hate
akmal_villa;Pemenang sejati;['None'];Not_Hate
pratamanugrahaji;Penghematan listrik hahahaa;['None'];Not_Hate
umiriaumi;Percuma di penjara bos nya aja Menang negeri ku;['None'];Not_Hate
abdearnoto;Perempuan iblis;['None'];Not_Hate
nengyusmainar;Perjuangan belum selesai lanjutkan gugatan ke mahkamah Internasional semangattt;['None'];Not_Hate
cahyowilly;Perjuanganmu untuk rakyat dan bangsa ini tidak sia saya tetap setia d barisan mu bapak prabowo damai d hati pak;['None'];Not_Hate
hermanto.10;Persiden dari hasil hubungan gelap mn bisa tenang memimpin negr i g di pcy rakyat;['None'];Not_Hate
shitady1;Pisan euy;['None'];Not_Hate
faidzfaidz_07;Plus mrh;['None'];Not_Hate
albyalghifaryalby;Pokoknya ada berita acara kenegaraan langsung pindah canel atau MATIIN tuh tv;['None'];Not_Hate
diahpudjowati;Polisi ketangkep sama emak keren;['None'];Not_Hate
riyaldyfatah;Polytron inch niat dm;['None'];Not_Hate
retno_susi3;Prabowo Sandi akan selalu di hati kami dan akan tetap memenangkan hati kami;['None'];Not_Hate
alie_ex_ganteng;Prabowo dan sandiaga tetep presiden dan wakil presiden kami;['None'];Not_Hate
maryam_utsman13;Prabowo sandi punya rakyat yg skrng presiden KPU MK;['None'];Not_Hate
halimah432;Prabowo sandi tetap di hati untuk selamanya semoga bapk sehat selalu Aamin ya rabbal aalamin;['None'];Not_Hate
agusendog;Presiden CEULEUPEUNG;['None'];Not_Hate
fitrii.id;Presiden aku Prabowo yeees;['None'];Not_Hate
dekisaputra.ds;Presiden curang hanya membawa petaka;['None'];Not_Hate
m.i.suhaf;Presiden di mata rakyat ttp prabowo menang krn rakyat memilih;['None'];Not_Hate
nyimamay;Presiden haasil curang HARAM BAGI BANGSA INDONESIA;['None'];Not_Hate
dellvinaputri_alisyah_turky212;Presiden saya tetap prabowo;['None'];Not_Hate
wellychandra16;Proud to be able to fight with you General tough warrior not a loser especially a traitor;['None'];Not_Hate
oliveazzahr4;Q bangga jd bagian pendukung Prabowo Sandi inget waktu ikut kampanye di Alun Tangerang berkesan banget wlw hasilnya dicurangi Tp Yakin Allah maha tau dan Allah tdk tidur dan Ga ridho dunia akhirat cm bs berdoa semoga Allah berikan laknat dan berikan azab yg pedih tujuh turunan buat mereka yg zolim bathil terhadap rakyat Allah pemilik kekuasaan tertinggi di muka bumi ini mereka ga bs lari dr hukum Allah Allah akan menangkan yg haq dan hancurkan yg bathil Mereka dah buat tipu daya dan Allah pembalas tipu daya yg paling hebat ga ada tandingannya Laahaulaawallaaquattaillaabillaah;['None'];Not_Hate
sidikmas84;Qobil kmana nTon ya;['None'];Not_Hate
suci.muliati84gmai;Rakyat mh gmn pemumpin pemimpin melanggar yaaa rakyat jg nyontoh pasti;['None'];Not_Hate
ai_anduuut;Rakyat yg terzolimi;['None'];Not_Hate
muhammad.3127;Rejimy pd sakit;['None'];Not_Hate
andcapasannai;Rip;['None'];Not_Hate
latiefalifudin;Rokok tuh sangat berbahaya mematikan tapi knp pemerintah pusat gak berani tutup pabrik rokok secara nasional;['None'];Not_Hate
athiillah;SIAP;['None'];Not_Hate
khoirunnas_anfa_uhum_linnas;SMOGA DISEGERAKAN AZAB NYA TUK PARA PENJAHAT PENGKHIANAT NEGERI INI AAMIIN;['None'];Not_Hate
sakhaf8;Sakiiit;['None'];Not_Hate
idrus0885;Salah satu sifat yg harus jd Pemimpin di Negri ini kenapa Para Ulama Di Negri ini memilih Beliau bukan Jokowi;['None'];Not_Hate
sephiebagas;Salting pa pol mantap amak cantik;['None'];Not_Hate
tianotak_al_syarif;Sampah masyarakat;['None'];Not_Hate
dwidesi6979;Sampai kapanpun saya bangga dan tidak menyesal memilih bapa karna setiap pilihan akan menjd pertanggungjawaban diakhirat nanti;['None'];Not_Hate
miamintarsi1969;Sampai kapanpun tetap PRABOWO SANDI PRESIDEN dan WAKIL PRESIDEN;['None'];Not_Hate
lingkar_maiyahbanten;Sampean berDUA adalah pemimpin di hati kami;['None'];Not_Hate
agus_aripin5;Satu kata bodoamat;['None'];Not_Hate
ariswicaksono13;Satu per satu sahabat pergi dan tak akan kembali;['None'];Not_Hate
roziminanda16;Satu persatu akan diperlihatkan oleh allah hukun kisas itu pasti akan turun;['None'];Not_Hate
devimariana43;Satu persatu akan terbongkar;['None'];Not_Hate
yuniartis5421;Saya Belum Liat Kontribusi Ansor Selama Ini Klu FPI Selalu Terdepan Dlm Membantu Warga Saat Musibah Datang Melanda Krna Sebagian Besar Ulah Manusia Jga Akan Tetapi ANSOR Saya Belum Liat Hasil Karyanya;['None'];Not_Hate
ummi_arkha;Saya aploud di FB postingan saya di hapus kejam;['None'];Not_Hate
dino.blood;Saya bangga berada di barisanmu pak prabowo;['None'];Not_Hate
satriyabhakti6173;Saya bangga dan akan selalu bangga di barisan Prabowo Sandi;['None'];Not_Hate
tono_arismono;Saya bangga dengan pilihan saya insya Allah jadi pahala diakhirat prabowo sandi presiden RI;['None'];Not_Hate
eka_elly_nensi;Saya bangga di barisanmu pak Prabowo sandi;['None'];Not_Hate
sehat_cantik_sejahtera;Saya bangga menjadi Pemilih Bapak;['None'];Not_Hate
dyankartika16;Saya bangga pak semoga kelak keadilan itu ada;['None'];Not_Hate
yayahsutrisno_0779;Saya bangga pernah menjadi pendukung sang jendral dan sampai kapanpun saya tetep mendukung beliau;['None'];Not_Hate
adhetara;Saya bangga tp nnti sy mau golput;['None'];Not_Hate
mitamaryetti;Saya bangga yg dari dulu selalu mendukung Pak Prabowo dan sekarang bersama Bp Sandiaga Uno semoga Bpk sehat selalu untuk Indonesia Adil Makmur Bpk tetap menjadi kebanggaan ku Allah maha tahu dan pasti memberikan yg terbaik buat kita semua;['None'];Not_Hate
popy_kimrae;Saya bersama pak prabowo;['None'];Not_Hate
dian_fahesty;Saya juga N_Target N_Target N_Target;['prabowo', 'sandiuno', 'rudy__surya'];Not_Hate
solihin_soccer;Saya juga ada di situ bang;['None'];Not_Hate
veby.prabowo;Saya juga bangga berada di barisan mu prabowo sandi selalu bersama;['None'];Not_Hate
murodih5;Saya salut dgn ema ema mengawal keputusan sidang final Mk Semoga para hakim bertindak adul dalam mengambil keputusan;['None'];Not_Hate
siskanovarina;Saya sekeluarga bangga pak telah memilih bapak dari dan bahkan jika bapak pencalonkan diri kembali saya akan selalu memilih berada di barisan bapak prabowo N_Target;['prabowo'];Not_Hate
uah_ancha9;Saya tetap bangga dengan pak prabowo dan papa online;['None'];Not_Hate
sitiasamah;Saya tetap bangga dg Bapak Prabowo;['None'];Not_Hate
aishyllazivanna;Saya tetap di barisan ini;['None'];Not_Hate
hanibhd2256;Saya tetap di pihak dan barisan ini;['None'];Not_Hate
achmad_al_faqir;Saya tetap oposisi sampai tahun kedepan;['None'];Not_Hate
amrida22;Saya tidak menyesal di barisan Prabowo Sandi Allah menentukan yang terbaik;['None'];Not_Hate
faiz.alfarizie;Sdh saya duga bahwa akan begini jadinya mereka semua sdh bersekongkol;['None'];Not_Hate
ajie_soemarna;Se;['None'];Not_Hate
yulvitriarumsari;Sedih aku tuN_Target;['ahlimalivia'];Not_Hate
lidia_niez25;Sedih banget Bapak Prabowo Sandi selalu di hati semangat selalu pak semoga Allah SWT selalu melindungi memberikan kesehatan keberkahan hidup utk bpk Prabowo Sandi Aamiin;['None'];Not_Hate
atikidrus.gamissyar_i;Sedih bangt sedih tetap semangat ya pak bapak prabowo pak sandi kebanggaan kami;['None'];Not_Hate
nurfazriahnurfazriah;Sedih ya Allah semoga para pembenci ulama akan segera mendapatkan azab Allah Ingat daging ulama itu beracun;['None'];Not_Hate
paksi_mangkunegoro;Sejak MK membacakan pertimbangan hukum TV langsung sy matikan stopkontak dicabut sampe saat ini ga pernah liat TV;['None'];Not_Hate
myquuotee;Sejak pilpres sampe skrg emang ga pernah nonton tv lagiii mual;['None'];Not_Hate
anie7612;Sejarah akan mencatat namamu jendral walaupun tidak ditulis tapi namamu sudah tecatat dihati kami;['None'];Not_Hate
swijanarti;Sekarang aja nggak usah nonton tv biar bangkrut stasiunnya saya biasanya sangat suka ilc tapi sekarang muales;['None'];Not_Hate
israna_ilha;Sekarang ajha tiap dia muncul d Tv langsng sy matiin aplg pelantiakan;['None'];Not_Hate
murimurtini;Selalu bangga dan akan selalu mendukung bapak Apapun yang terjadi;['None'];Not_Hate
ridhofajrialattas;Semakin bagus dari sebelum nya mulus jalan nya bagus rencanaya besar suara pidato nya Ternyata besar hasil nya;['None'];Not_Hate
idahamidahmahdi;Semakin nampaklaaahhh;['None'];Not_Hate
lusianaza;Semangat lanjut Allah tidak tidur yang batil akan kalah janji Allah di Al qur an dan yang benar akan menang alhamdulillah aku bangga jadi pendukungmu;['None'];Not_Hate
sissyfrozenfood_lampung;Semangat selalu pak;['None'];Not_Hate
antonmalik1976;Semangat trs buat Pak N_Target;['prabowo'];Not_Hate
ukhti.harnan;Semangat untuk ikhtiarnya;['None'];Not_Hate
mayanti_zen;Semangattt pakk;['None'];Not_Hate
dyethafitra_18;Semoga Allah mbalas semua perbuatan di rezim ini dgn balasan yg setimpal;['None'];Not_Hate
raditulrahman;Semoga mereka di ampuni ALLAH;['None'];Not_Hate
rahmiolic;Semoga pak N_Target selalu di lindungi Allah aamiin;['N_Target'];Not_Hate
paydhi7475;Semut Aku tahu setetes air yang ku bawa tidak akan bisa memadamkan api besar Namrud tetapi dengan ini aku bisa memastikan di pihak manakah aku berada di pihak Allah https palembang tribunnews com kisah semut membawa setetes air untuk memadamkan api yang membakar nabi ibrahim;['None'];Not_Hate
bazinsay;Sengkleh sarafnya ya;['None'];Not_Hate
bundaamdara;Serem ya disumpah pake kitab suci berat bgt tgg jwbnya beneran ada isinya gak sih;['None'];Not_Hate
kelana7126;Setahunya;['None'];Not_Hate
ndino_sueb;Setelah dilantik pengin tau janjinya apa di penuhi apa ora penasaran;['None'];Not_Hate
ermidsudiwardani;Setidaknya punya cerita indah;['None'];Not_Hate
mumu.prasetya;Setuju;['None'];Not_Hate
susi_fatmawatiee;Setuju Ga usah liat tv Matikan aza;['None'];Not_Hate
na.mardiah18;Setuju banget;['None'];Not_Hate
putra_banned;Setuju listrik mau naek jd irit;['None'];Not_Hate
annakarina131;Setuju matikan tv;['None'];Not_Hate
desiliantyhasanah;Setujuuuu skali matikan saja tv nya;['None'];Not_Hate
ummu_balqiss;Setujuuuuu;['None'];Not_Hate
batik_anasasirangan;Seumur hidup mereka pasti gelisah karna menikmati kemenangan dengan hasil curang Cam kan itu Naudzubillahi min dzalik;['None'];Not_Hate
jaff_arman;Share share share Dengan bijak Dan nalar sehat;['None'];Not_Hate
nella.mtr;Si bodoh mana sih yg belum pada move on heran;['None'];Not_Hate
mas_ipal;Sialannnnnnn lemah bangettttt sih di bikin tempat sampah tok Sama negara lain;['None'];Not_Hate
punkkissputra;Siap;['None'];Not_Hate
hamz.blc;Siap Emang gw gk pernah nnton tv Karena berita di tv yg gk goax cmn Bencana doank Kalo yg lain mah asli settinga kalo gak pencitraan;['None'];Not_Hate
rikoseptianton;Siap Langsung cabut stop kontak;['None'];Not_Hate
vialbs24;Siapapun presiden skrg Sya ttp pendukung pak prabowo n pak sandi;['None'];Not_Hate
lena.susant;Siapapun presidennya saya ttp mendukung doa yg terbaik saja;['None'];Not_Hate
yayahsutrisno_0779;Sikat miring mak;['None'];Not_Hate
arifhermawan698;Silahkan tagih gaji bg kalian yg msh menganggur selamat kalian sdh dicetak menjadi mental pengemis pekerjaan yg paling hina di mata Alloh Swt;['None'];Not_Hate
susanto4980;Sip matikan tv oktober;['None'];Not_Hate
yutasj;Sippp tetap di barisan kaum nasionalis dan ulama;['None'];Not_Hate
milla.lapeda;Skrg aja aku cuma nonton discovery;['None'];Not_Hate
nunuk_wahyuni;Smg Allah bersama orang dlm kebenaran;['None'];Not_Hate
widyanifs;Sorot terusss sampaikan itu ke media massa;['None'];Not_Hate
wahyuwhy1717;Sosmed jd naik rating sama baee;['None'];Not_Hate
agustinaandriani7;Statemen cerdas dari bung N_Target sejarah yg baik mencatat para pengkhianat dan kecurangan makjlebbb Bangga gw di sisi yg di curangi Bukan disisi pelaku curang;['rocky'];Not_Hate
resdiawandelit;Suatu saat ada yg nanya Siapa presidenmu sy akan jawab N_Target Sandi;['prabowo'];Not_Hate
staryosit_rod;Subhanallah Prabowo Sandi menang di hati rakyat dan menang atas kebenaran dan kejujuran Allahu Akbar Allah tidak tidur;['None'];Not_Hate
mariatul_giptiyah;Subhanallah sabar tawakkal Allah punya rencana yg baik dibalik semua ini percayalah dg Keputusan Allah Azza wa Jalla;['None'];Not_Hate
muhammad.3127;Subhanallah yang sabar nak Allah maha adil;['None'];Not_Hate
deanamtujuh;Subhannalloh sejarah terindah di Indonesia sepanjang hdp kuh;['None'];Not_Hate
riskirarar09;Sudah tanda nya Akhir zaman muncul;['None'];Not_Hate
ponco494;Suka dia to yanggak yang penting dia bahagia gitu;['None'];Not_Hate
selera_penyetan;Suka suka lhooo aja jok;['None'];Not_Hate
rofiq3267;Sumatra barat dan aceh mempunyai presiden wakil presiden bpk h prabowo dan bpk h sandi salahudin uno;['None'];Not_Hate
fawwaz313;Sumpah aja si nganu pakai komik sinchan sama doraemon;['None'];Not_Hate
arthur_elnino17;Sumpah pakai komik sichan ma doraemon sja jgn alquran;['None'];Not_Hate
dwi_nuur_hafidh;Sumpah pake komik sinchan aja;['None'];Not_Hate
rahmakadir250;Sumpah pke komik ja;['None'];Not_Hate
sakha_jilan;Sumpahnya pake komik aja kasian di akhirat ntr;['None'];Not_Hate
biekiko;Sungguh keikhlasan Dan gerakan menuju perubahan ini begitu dahsyat jangan berhenti teruslah bergerak berjuang bersama rakyat wahai N_Target tumbangkan rezim yg memporak porandakan Indonesia Raya ini;['prabowo'];Not_Hate
rushtendy;Sy bangga ada d barisan;['None'];Not_Hate
lelianz4;Sy bangga sama bpk Sy senang ada di barisan bpk Smga allah swt Sll melindungi dan mmberikan kesehatan kpd bpk N_Target dan bpk N_Target Aamiin;['prabowo','sandiaga uno'];Not_Hate
loliland70;Sy jg;['None'];Not_Hate
andriyani621663;Sy nggak milih presiden yang ini jadi so pasti nggak liat tv min;['None'];Not_Hate
is_hidayah;Sy tetwp menganggap bo Presiden saya Pa Prabowo Pa Sandy berbuat sesuatu utk nengri ini kami takut negri ini jatuh ke tangan nwgara penjajah selamatkn cucu kami ya Allah;['None'];Not_Hate
nonny5994;Sy tidak bisa berkata apa apa Hanya doa yg bisa sy panjat kan untuk beliau N_Target N_Target;['prabowo_sandiuno2019', 'prabowopresiden_2019'];Not_Hate
babyzee_lee;Syukurin dah;['None'];Not_Hate
stiaw5;TAKBiRR;['None'];Not_Hate
_raihanarrasyid;TV nya nyambungin hdmi ke laptop trus nge game aj dahh;['None'];Not_Hate
mhmd_hsn15;Tag orang nya;['None'];Not_Hate
revoblic;Taiii;['None'];Not_Hate
putri_ummu_raihan;Takluk di bawah pesona emak;['None'];Not_Hate
firngadi_braling1;Tambahin kalimat di pengambilan sumpahnya JIKA SAYA MENANG PILPRES DENGAN KECURANGAN MAKA AZABLAH SAYA DAN PENDUKUNG SAYA DENGAN SEBERAT BERATNYA;['None'];Not_Hate
wiro6;Tampa dsuruh tampa diajak emang udah diniatin dari awal koj;['None'];Not_Hate
afif_izulhaq;Tanda akhir zaman mulai semakin nampak Nauzubillah;['None'];Not_Hate
ida_bhenuurr;Tanggal pastinya kapan;['None'];Not_Hate
iqbalfadlii;Tanggal pelantikan aja ane ngak tau wkwkwkkw bodo ahh;['None'];Not_Hate
karsoindra;Tangkapin semua yg berbuat curang;['None'];Not_Hate
yu.li4234;Tanya sapa yg nyuruh;['None'];Not_Hate
vigo_aprilio;Tapi bagusnya tag langsung akun bpk ir jokowinya;['None'];Not_Hate
nenko;Tel pulang aja cuci kaki tangan terus minum obat cacing;['None'];Not_Hate
baim_wong_gendeng3674;Telat kau sidangkan anjing putusan MK sdh keluar;['None'];Not_Hate
imbanana77;Telat kebiasaan media Indonesia kalau sudah ditetapk sok an jadi pahlan;['None'];Not_Hate
giyono_69;Teman saya pulang hore;['None'];Not_Hate
d0dyputra;Tenang min kan mereka pake alqurannya hasil pemikiran islam nusantara jd sesuai kebutuhanlah;['None'];Not_Hate
egg.flipped;Terbukti tapi DITOLAK SELURUHNYA;['None'];Not_Hate
si_pejuang_mahar;Terciduk gays;['None'];Not_Hate
tika_fashion;Tercyduk ayo ngaku mau apa;['None'];Not_Hate
tianotak_al_syarif;Teriak teriak LGBT woe bangsat ini negara bertuhan bukan negara komunis atau liberal;['None'];Not_Hate
retno_susi3;Ternyata di negeri ini kebenaran bisa di kalahkan dengan kecurangan dan kejujuran bisa di kalahkan dengan kebohongan;['None'];Not_Hate
sang_hariz;Ternyata disini kumpulan orang emosi jiwa;['None'];Not_Hate
dicky_frnandoo;Terus gimanaa warr;['None'];Not_Hate
rifqi.iqi_;Terus saya yg udh sekolah gmn;['None'];Not_Hate
makmur.muhammad;Terus yg dibangun jalannya yg selalu dibangga bangga kan kemarin apanya;['None'];Not_Hate
milanasalim;Tetap akan mendukung Anda berdua sampai kapanpun;['None'];Not_Hate
citraatranizar;Tetap bangga ada bersama kalian Bapak N_Target dan Bapak N_Target;['prabowo', 'sandiuno'];Not_Hate
abi_nabila;Tetap pilihan rakyat tetap yg terbaik Stay strong;['None'];Not_Hate
yuddihendarsyah;Tetap sabar sehat dan semangat para pejuang keadilan Allah SWT punya rencana lain;['None'];Not_Hate
f4hmi6;Tetap semangat dalam kebenaran;['None'];Not_Hate
_s4m0s4_;Tetaplah semangat para pejuang keadilan;['None'];Not_Hate
nazwa.noe2;Tgl berapa min;['None'];Not_Hate
melisad246;Thanksss kakk aku naikk kgg pakee penggemukk dari N_Target cuma minggu gakk lagii lagii deh disebut mayat hidup;['bdg'];Not_Hate
inna_nuraeni02;The power of emak;['None'];Not_Hate
suaranegerisyam;The power of emak Allahuakbar;['None'];Not_Hate
ummu_ufairaparameswari;The real negarawan sejati sejarah akan mencatat pak prabowo negarawan sejati ak bangga barisanmu;['None'];Not_Hate
dedejujunjuliana;Tinggal nunggu ajab min;['None'];Not_Hate
abd_latif0417;Tinggal nunggu waktu yg tepat;['None'];Not_Hate
s_mur30099;Tiuuuu kan polisi saja nyelinep pakai topi kalimat tauhid lagi sampean kongkonane sopo to pak pak aja bok leceh ne gitu atu pak kalimat tauhid bok go nutupi gon mu jadi mata Doso pak pak arep ngidam kerikile neraka tah pak;['None'];Not_Hate
meylansa_276;Tkut a al qur an cuma sampul doang;['None'];Not_Hate
indonesiaa_45;Tolol;['None'];Not_Hate
rifkineomorphin96;Tolol emang;['None'];Not_Hate
nanda_naf;Tolol seee tolol tololnya i ting i do yu ting;['None'];Not_Hate
harymanone;Topinya tauhid tapi tampangnya gak sesuai dg topinya;['None'];Not_Hate
arisaskito;Tp bapak selalu menang di hatiku;['None'];Not_Hate
parmadinatto;Tp percuma wkt di Bawaslu dan MK gak sebanyak itu;['None'];Not_Hate
uzumakino;Tpi masih sering terjadi kekerasan terhadap sesama teman di ponpes knapa bgtu ya;['None'];Not_Hate
_rakjat_djelata_;Trus kmana massa yg sebanyak ini yg nongol di mk kmaren cuma segelintir;['None'];Not_Hate
new.daw;Ttep presiden saya bpk N_Target dan bang N_Target;['prabowo','sandi'];Not_Hate
kiruntigor;Ttp smngt klh terhormt mari kita doakn smoga pk N_Target N_Target shat sllu amiiin;['prabowo','sandi'];Not_Hate
arlani_surya;Tuh kan kl sama emak syanthix pasti jadi bisa ngaku polisi deh;['None'];Not_Hate
totok710;Tukang ngibul dan bersilat lidah;['None'];Not_Hate
ri.yan2233;Tunggu saatnya kita lihatin aja dulu;['None'];Not_Hate
ali_h_sangun;Tv ku mnggu kmarin hangusss blm didandang wlpn sdh bgus ga akan nnton yg hal mudhorot;['None'];Not_Hate
sincuan_chingso;Tv udah di jual alhamdulillah ga kena musibah;['None'];Not_Hate
novia_onshop;Tw tanggal pelantikan a aja q mh g tw;['None'];Not_Hate
aseffauzi;UDAH TAU ARAHNYA;['None'];Not_Hate
mohsultoni70;ULAMA YG MENGUSUNG PRABOWO WAJIB MEMBERI PENJELASAN KLO TDK INI SYIRIK DAN YG SALAH ULAMA PENGUSUNGNYA;['None'];Not_Hate
supplyundies;UNDERWEAR CELANA DALAM ORI IMPORT DARI PABRIK DIBAWAH rb;['None'];Not_Hate
miftakhul_firdaus96;Uangnya gak seberapa eh malah masuk goa;['None'];Not_Hate
is_mey55;Udah basi lah percumah;['None'];Not_Hate
enny7061;Udah belain dtangkap;['None'];Not_Hate
abd_aziz02;Udah disahin ngapain Dihukum dagelan;['None'];Not_Hate
dheryani35;Udah jarang nonton TV kalau ga film yang bagus nontonnya bedah rumah lebih sering nonton rodja TV yudif TV TV Mekkah walau hanya di youtube tube;['None'];Not_Hate
samudra_agung09;Udah lebih sebulan nih TV dirumah nggk diactivin males;['None'];Not_Hate
nurfalah;Udah niat gak mau nonton sih Buang waktu;['None'];Not_Hate
marcellinojonanda;Udah sumpah janji gk ditepati Hadeuh;['None'];Not_Hate
anduanggoro;Udah thn ga pernah nyalain tv;['None'];Not_Hate
doanktaajuu;Ude gak nonton tipi semenjak rezim mukidi naciro;['None'];Not_Hate
figur_hadi;Udh dibantu di jeblosin lagi;['None'];Not_Hate
sitikhafsoh_;Udh lama gak nonton tv;['None'];Not_Hate
fani_fannana;Untuk N_Target dan N_Target pesan saya tetaplah bersama ulama;['prabowo subianto','sandiaga uno'];Not_Hate
inisial_cy;Untung mes gua nggak ada tv;['None'];Not_Hate
arif_igho345;Upin ipin aja dahh;['None'];Not_Hate
keyla.azskia76;Wah itu cuma hoax siapa bilang Papua jalanya hancur kan SDH ada tol langit yg di bangun dari u spy selatan apa lagi rakyatnya dukung jkw hidup semoga hidupmu bahagia;['None'];Not_Hate
kakaqabo;Wahai DZAT ALLAH kami tlh berjuang tanpa pamrih meski lapar dahaga menerpa diri demi membela kebenaran keadilanMu ya Allah dr para pemimpin yg curang pendusta dzalim demi tegaknya Tauhid iman kami kaum muslimin Indonesia Kami tengadahkan tangan kami setinggi langit qabulkan doa kami yaa Rabb lepaskan negri rakyat dn bangsa kami ini dr rongrongan para penghianat bangsa penipu pendusta rakyat agar kami dapat hidup damai dlm mengabdi kepada Mu ya Allah;['None'];Not_Hate
mat.siregar;Waktu Akan berkata kejoliman Akan hancur;['None'];Not_Hate
lilylisa6281;We always love and always need u jendral;['None'];Not_Hate
hunnyumi;We love u bapak N_Target;['prabowo'];Not_Hate
adinnaayu;We love you Bapak N_Target Presiden kaum Muslimin se Indonesia no matter what;['prabowo'];Not_Hate
inara.aisyah.9678;We love you bapak N_Target;['prabowo'];Not_Hate
cpencuriilmu210717;We love you pak N_Target sht sll smg sll dlm lindungan Allah SWT kau ttp di hati kami presiden di hati kami;['prabowo'];Not_Hate
astutilisnawati;Wew;['None'];Not_Hate
mufais_28vlog;Wkkw;['None'];Not_Hate
rafanda_fanda;Wkwkw mudah an cepat kena adzab ya bapak yg dimenangkan kapeu dan emka kami gak akan nonton tv kok bayar listrik MAHAL X;['None'];Not_Hate
ekasonjayasonjaya;Wkwkwk;['None'];Not_Hate
ryadh_al.ariz;Wkwkwk emang enak jadi presiden gk dianggap;['None'];Not_Hate
sangwaktoe;Wwkwk suka ente aja lah mau ngamanin tingkat dewa pun gue ga bakal tertarik nyimak ga penting ga nurunin harga juga efeknya kan ya;['None'];Not_Hate
hayatun654;YEEYYYY BRAVO EMAKEMAK;['None'];Not_Hate
rikerajendra;Ya Allah berikan kami kesabaran menghadapi rezim ini Aamiin YRA;['None'];Not_Hate
riniamalia6965;Ya Allah miris ih;['None'];Not_Hate
raniie_rangkuti;Ya Allahh pakk aqu nangissss sehat selalu ya pak;['None'];Not_Hate
dhie_adindanizam;Ya Alloh berilah mereka ini hidayah agar kembali pada jalan yang benar;['None'];Not_Hate
tjuwita39;Ya Alloh lindungi N_Target sehatkan kuatkan Ya Alloh;['habib bahar'];Not_Hate
omenshakim;Ya allah hancur kan rezim busuk;['None'];Not_Hate
utine_araasa;Ya allloooooh emak emakku cuantik cantik bangeeeeeet;['None'];Not_Hate
sofyanfaisal20;Ya ela paling dilantiknya tengah malam yang nonton kan setan gudul gendoruwo dkk;['None'];Not_Hate
nunnn4438;Ya kami gk liat plantikan N_Target dan tv kami matikan;['jokowi'];Not_Hate
ragil_sri_m;Yaahh cemen deh aahh Giliran demo utk masa dpn negara pada gak ada gaungnya Gak perduli dgn bangsa dibawah rezim dzalim negara tergadaikan yg recehan diurusin hadeehh;['None'];Not_Hate
hz_mawar;Yah lagian sih klo ceramah trlalu nepsong pas ngatain si onoh Kan masih muda jgn songong juga gitu hihii piss lop n gaol;['None'];Not_Hate
supandi942;Yakin sumpah keluarga ud gk suka sama acara tv apalagi beritanya;['None'];Not_Hate
dluvlastera;Yang aku takutkan kekejaman d Uyghur terjadi di sini;['None'];Not_Hate
danelaila;Yang harus dipenjara itu yg nyuruh coblosin mereka hanya disuruh n dibyr mkn krn ekonomi dan kepolosan mereka Yaa Allah akhirnya rakyat jg yg menderita semoga thn ke depan tdk akan lagi terjadi kecurangan Aamiin;['None'];Not_Hate
marcellinojonanda;Yang milih gk ada otak otaknya di dengkul;['None'];Not_Hate
m_ardani19;Yang saya pertanyakan apa sih kelebihan dari sesama jenis kan tuh anunya tempat pembuangan yang bsuk dan najis apa guna seorang perempuan yg diciptakan untuk kita memangnya seorang perempuan tdak tertarik bagi mereka yak;['None'];Not_Hate
ratu_indry;Yes skr sy lebih suka nntn upin ipin tayo tobot itu lebih bahagia drpd lihat acara pencitraan yg bikin sy ngerasa di php in;['None'];Not_Hate
inaanggraeni2004;Yg coblos di penjara giliran yg nyuruhnya g di diskualifikasi capek deh resiko y kl mau di suruh yg g baik yg berakibat ga baik pula dunia akhirat lg kasian amat y;['None'];Not_Hate
ag.us1411;Yg di coblos sp;['None'];Not_Hate
wijay_veejay;Yg diekspor kagak ada yg diimport sampah gak berguna pantas defisit terus;['None'];Not_Hate
yayang973;Yg diresmiin ma presiden yg mana;['None'];Not_Hate
osin_rapidja;Yg jelas bisa ikhlas krn percaya ini tanda akhir zaman spt yg d sampaikan baginda nabi;['None'];Not_Hate
lulkmanazis;Yg menang belum tentu mulia yg kalah blm tentu hina lebih baik jadi oposisi terhormat;['None'];Not_Hate
yankasaripah;Yg nyuruhnya dong di tahan juga;['None'];Not_Hate
ragent1975;Yg salah undang nya ato penegak hukumnya;['None'];Not_Hate
atiilham18;Yh allahh ni jwabn atas doa doa kamii Bhwa kecurangann harus menang Sedihhh bbgatt munggkin inn yg terbaikk bgMU;['None'];Not_Hate
debbywira_nata;You punya money you yg akan menang;['None'];Not_Hate
diah_pitaloka89;Yukk Bergabung dan Bermain di Situs SBOMONEY ONLINE BETTING TERBAIK SITUS JUDI BOLA ONLINE LIVE CASINO DAN SLOT TERLENGKAP AMAN TERPERCAYA BONUS MENARIK UNTUK ANDA Bonus New Member SPORTSBOOK Bonus New Member Live Casino Bonus New Member Slots Bonus Referral Bonus Cashback Spesial Bonus Emas Logam Mulia Buruan Di Daftar Sekarang Juga di SBOMONEY Mainkan semua permainan hanya dengan ID Info Lebih Lanjut Hubungi Kami di Sini Whatapps sbomoney com;['None'];Not_Hate
rafinakeiqueen;Yukkk aahhh saiya juga mau nonton channel Disney aja lebih bagus nonton film Kartun daripada nonton yang gak jelas kayak gini;['None'];Not_Hate
teguhrahayu11;aku ada disitu;['None'];Not_Hate
idrus.almunawar;alhamdulillah;['None'];Not_Hate
neng.idiiw;alhamdulillah tv gue rusak dari masa kampanye jdi mantau di ig aja biar ga kebanyakan nelen hoax;['None'];Not_Hate
ikha_anest;allah maha adil;['None'];Not_Hate
fadhilbukhari4567;anjing anjing mana tuh;['None'];Not_Hate
yoyon_sty;atuuut;['None'];Not_Hate
kennyadam191;ayo ramai ramai gaungkan;['None'];Not_Hate
erik_cbl;ayo semuanya tukar uang kertas mu dengan dirham dan dinar atau belikan emas batangan sekarang aja udah dollar gimana nanti belum lagi inflasi dan tau sendiri gimana tahun kemaren ayo buruan sebelum uang kertas kalian tidak ada guna dan tidak ada harganya;['None'];Not_Hate
ayunuraini770;bapakku N_Target sy mohon jangan pernah mengiyakan rekonsiliasi dengan penghianat kebenaran kejujuran jangan pernah utk bersatu utk merela yg sudah menyakiti HATI RAKYAT dengan KECURANGANnya jangan pak karena kami yakin mereka hanya akan memperalat mu dgn ide mu yg briliant utk rakyatmu rakyat indonesia Kami tau kau ingin membantu kami indonesia tapi tidak dengan CARA MEREKA semoga ALLAH selalu melindungimu melindungi kita dalam kebenaran;['prabowo'];Not_Hate
jakaswara614;berlebihan sampai sujud;['None'];Not_Hate
ichen1301;betul sekali tuh mimin nontonnya aza malezzzzzzz beuddddd apalagi Datang buang energi azaaaa Dasar si wercok amit dah ahhhhh Geli aq tuh;['None'];Not_Hate
amatr5;bingung campur malu saya sm N_Target;['GP Ansor'];Not_Hate
bungsu6100;bisa minta videonya;['None'];Not_Hate
escudo4x4;bodo amat kalo ada selentingan mau muncul tinggal tidur atau maen ke tetangga aja lah banyak kok yg males ngeliat dia;['None'];Not_Hate
adi_abot;buang listrik gk penting kann min;['None'];Not_Hate
zafissafittra;bukan nya hsil N_Target gak ada pelanggaran pemilu trus ini apa hmmmm jd bingung ada yg bs jelasin;['MK'];Not_Hate
priskilaasianty;cerdas_mantul bung bravo bung N_Target We Loves aamiin;['Rocky'];Not_Hate
agungeko2205;coba nnti kita liat janjinya yg pengangguran di gaji ga;['None'];Not_Hate
mahendraaji53;dan aku bangga jd bagian dr sejarah itu;['None'];Not_Hate
rinanurdin;dan hidup ini penuh pengkhianatan;['None'];Not_Hate
rannia_beauty_skin;datang dgn penuh bahagia;['None'];Not_Hate
djulnazar;deg deg an polisi liat emak emak kaya gitu;['None'];Not_Hate
_pelita_jingga_;dilantik ku olangan yg nempo para arwah meureun;['None'];Not_Hate
yudi_syarif;disumpah ngg disumpah juga percuma para pejabat dinegara ini sama sekali tidak takut akan Tuhan dan dosa tidak percaya klo semua kelakuannya kelak akan di hisab ngga percaya buktinya org udah disumpah juga masih doyan tipu doyan maling doyan bohong dan janji palsu penjara kpk makin penuh yg udh diungkap kpk mungkin cmn kelas terinya doang;['None'];Not_Hate
wahabazrul;elu yg halu yg penting gw bukan akun fake kaya elu udah kaya siluman aja gajelas;['None'];Not_Hate
elviandriana;emak cakep banget;['None'];Not_Hate
antin17;emak dilawannn kelaaar de eluu pak;['None'];Not_Hate
hendar6866;emak nya cantik cantik ya;['None'];Not_Hate
kormaajwah;g ngebul;['None'];Not_Hate
ikbalmalikmangun;gk bakalan sy nonton;['None'];Not_Hate
haririthamrin;gk prnh lg liat brita di tv selain brita kriminal kartoon sm azab;['None'];Not_Hate
harwanto.harwanto.37266136;gregetttttt anteng sendiri g pduli rkyat bawh;['None'];Not_Hate
romi_soraya;hadiiiir;['None'];Not_Hate
iwansetiawan9189;hahaa rugi dong tivu nasional;['None'];Not_Hate
dannyprasetyo65952;hahaha kena gigit juga kan yg udah di bela belain wkwkwkwk;['None'];Not_Hate
imamsyhid;hahahahhahahahah;['None'];Not_Hate
khodijahlubis_110;harusnya gak usah di tampilkan biar setannya gak viral;['None'];Not_Hate
kormaajwah;hatinya sih ke kalimat tauhid cuman takut apa;['None'];Not_Hate
enik26;hhh emak emak di lawan;['None'];Not_Hate
ikhwanjulio;hidup emak emak cantikk;['None'];Not_Hate
arfandycekmatd;hoak d mk ga ada kan;['None'];Not_Hate
iraone68;ingat kisah Nabi Luth diQuran sdh jelas tunggu aja Azab akan turun klo begini terus;['None'];Not_Hate
chiosram;ini kemana suaranya karna pakai kalau dan mungkin ngak kemana suara pan N_Target rakyat bisa memikir dan menganalisa sekarang;['prabowo'];Not_Hate
euisdumai;innailaihi wainnailaihirojiun;['None'];Not_Hate
rasyasyamsul18;innnalillah;['None'];Not_Hate
__neng_bia;iuwh;['None'];Not_Hate
olleb29;jangan make al qur an sumpahnya suruh make kartu prakerja aja;['None'];Not_Hate
murnihass;jujur apa adanya kagum sy;['None'];Not_Hate
batiksoloamanah6;kakak lihat instagramku ye;['None'];Not_Hate
priskilaasianty;kalau boleh usul acara pelantikan gak usah pakai alquran tapi pakai komik sinchan_doraemon ajah thanks;['None'];Not_Hate
tampalan8;kalimat Tauhid di atas kepala tapi membela kecurangan dan kebohongan jadi sebutan apa yang pantas di berikan pada mereka;['None'];Not_Hate
suryanata_1992;kalo si anu naik lagi kan lumayan honoy ujangan gajey bisa tambah naik lagi sedangkan rakyat yg kene sakitnye;['None'];Not_Hate
threesaputro;kami tetep bersamamu jenral;['None'];Not_Hate
aprina_delta_suryaningsih;kapan d lantiky shap cuma que yg kg tau ad pelantikan;['None'];Not_Hate
hurley_sand;kasian ya barisan sakit hati;['None'];Not_Hate
desy_tri_ferawati;kasihan kasihan kasihan yg nyoblosin di penjara la yg nyuruh di apain aneh tapi nyata;['None'];Not_Hate
zillan_711ll;kaya yg gak butuh presiden saja heraaannnn;['None'];Not_Hate
fahrul.azam328;keliatan kali prustasinya y bg Ampe segitunya yg penting menang Judulny syarat rekonsiliasi tp spt nya nggak paham maksud dr rekonsiliasi Maunya mempertahankan perpecahan aja nggak peduli siapapun yg bakal memimpin Yg tabah ya bg;['None'];Not_Hate
dewi_dsw;kenapa harus ada rekonsiliasi jadi opposisi aja lah lebih punya harga diri;['None'];Not_Hate
arihanvil;kerennn;['None'];Not_Hate
iwansetiawan9189;kerja kerja ngutang ngutang;['None'];Not_Hate
iwedhalfan;klu ada berita dia di tv langsung pencet off;['None'];Not_Hate
hafizkambar;kok bisa katanya ooh katanya;['None'];Not_Hate
fahrul.azam328;kok nanggung nih hastagnya knp nggak bikin aja jt rakyat tolak N_Target ato lebih dr setengah jumlah penduduk indonesia lah Klo cm jt nanti malah jt sisanya mendukung pak N_Target Hayooo gmn Provokasi kok nanggung sih bg Mending hentikan sj lebih baik mengajak seluruh rakyat bersatu membangun dan memajukan indonesia;['jokowi'];Not_Hate
stie.semarang;koq di mk ndak terbukti;['None'];Not_Hate
theasbachtiar;lah emang tugas polici kan ngamanin gak perlu lu omongin somplak;['None'];Not_Hate
donohart;lg bete orang paling goblok sedunia;['None'];Not_Hate
wahwahwaa;lihatlaah masak segini banyak pendukung kalah hanyalah kecurangan yang mengalahkan;['None'];Not_Hate
nyla_putry;love you papi dan papah online ku;['None'];Not_Hate
imam_satria88;lucu nya negri ku sang raja nya masih menang di MK;['MK'];Not_Hate
nurul_khoeriah;lucu sekali negri ini di N_Target d putusin ga ada kecurangan tapi knapa skrg ada yg d jatuhi hukuman gara ada pencoblosan masal berarti memang terbukti ada kecurangan dooooong;['MK'];Not_Hate
nasril.inel;m;['None'];Not_Hate
jono7661;maaf pak tolong sarankan utk p prabowo dan p sandi saran pak sebaiknya bapak buat media sendiri pak untuk bisa menyampaikan semua program program bapak dan tim lakukan baik tv maupun media massa walau bagaimanapun jg rakyat juga perlu tahu banyak tentang berita yg sebenarnya apa yg sedang terjadi dg nehi ini terlepas dr kepentingan politik;['prabowo','sandi'];Not_Hate
bebeq67;males nonton y juga gk semangat;['None'];Not_Hate
yuni5836;mantul maaakkkk;['None'];Not_Hate
nurdin_eltop;masih ku ingat shalawat berjamaah jutaan ummat yg menguras haru dan melangitkan harapan pagi itu;['None'];Not_Hate
ekaaptr14;memang rezim bangsat;['None'];Not_Hate
abdullah_saprudin;mending di baca sampai akhir jangan hanya judul saja kampret seolah olah kalian salahkan pemerintah mekritik boleh saja tapi akal jalan jangan hanya sepintas trus di blunder yang kek begini hoax namanya lagian rakyat bisa menilai dengan membaca berita itu sampai akhir semoga yang membaca paham maksud dari berita tersebut karna negara ini mayoritas islam tapi tidak bisa disamakan negara timur masih ada saudara kita di negara ini menganut agama lain bukankan hidup bertoleransi itu indah;['None'];Not_Hate
lilie_3720;mending ngelonin Dari pada nnton TV;['None'];Not_Hate
priskilaasianty;mendingan irit listrik gak usah nonton We Loves bravo;['None'];Not_Hate
rinacantique;meski tdk jd presiden tp bagi yg memilihmu pak tetap kalian di hati kami kalian sdh memenangkan hati banyak orang;['None'];Not_Hate
indra_dwisapoetra;min gua pndukung tp mls gua klw akun N_Target bikin brita HOAX ga beda dong ma N_Target klw admin ini hoax;['pasangan_abadi02','cebong'];Not_Hate
zuraida8294;mrk yg curang tdk akan brtahan insaAllah akan tumbang;['None'];Not_Hate
trainerpaytrennasional;naudzubillah;['None'];Not_Hate
dikyiskandar21;ngakak;['None'];Not_Hate
dinairawati1983;ngamanin telolet eh teroris ya pak;['None'];Not_Hate
4yi_ri;ngapain lah nangkapin ikan teri Ikan kakap tuh menang di N_Target;['MK'];Not_Hate
wahabazrul;ngpain di ladenin akun fake begini N_Target bacot lu udah kaya yg paling bener aja;['fandyaulia87'];Not_Hate
robi_9uci;pasti dmatikan;['None'];Not_Hate
iwansetiawan9189;pasti N_Target iri klo liat pendukung N_Target rela mati terluka menangis berkorban harta dan pikiran tulus tanpa pamrih presiden sesungguh ny N_Target;['jokowi','prabowo','prabowo subianto'];Not_Hate
muhamadadnan7794;percuma ga di liat MK;['None'];Not_Hate
alpan135alpan;presiden impian saya;['None'];Not_Hate
obingmujiburohman;presiden kecurangan republik indonesia;['None'];Not_Hate
ace_zm20_kandank_thaihiank;real president bagi kami;['None'];Not_Hate
marcelianajuliantina;rocky dehhh mantabs;['None'];Not_Hate
chairulmazwar;salam hormat kami;['None'];Not_Hate
adha6228;satu persatu akan allah cabut nyawanya dgn cara mngenaskan samma allah aja tidak takut itu akibatnya kelar hidup lo berani sumpah langgar kelar hidup lo;['None'];Not_Hate
asep_boer;saya hadir disitu;['None'];Not_Hate
ermidesriza;saya juga;['None'];Not_Hate
biekiko;saya juga teringat Dan terharuu betapa mereka datang dengan gembira Dan sukarela mata;['None'];Not_Hate
kusumaenda19;sehat selalu ya N_Target kita terus dan akan terus menunggu KOMANDO ULAMA;['Habib'];Not_Hate
lianitandy;semangat mak untuk mendukung kemenangan dan keadilan semoga menang Aamiin;['None'];Not_Hate
jayanthieii;semoga allah sllu melindungi pak N_Target;['prabowo'];Not_Hate
ecoracingp;semoga kena ganjaran di dunia dan akhirat ya pak aamiin;['None'];Not_Hate
intermezzo_news;semuanya segera berakhir bersabarlah sesungguhnya Allah bersama orang yg sabar;['None'];Not_Hate
rhozanrhozan;serbu;['None'];Not_Hate
nofiandri84;siaapp matikan TV KGAK MAU NONTON SI CURANG CURENG;['None'];Not_Hate
litanurasiyah;sian deh gara dpt duit ga seberapa dpenjara yang ngsih duit nya makann duit tak terbatas;['None'];Not_Hate
ariansyah.prabu;siapp;['None'];Not_Hate
mut4686;smg Allah memberkahi hidup pak N_Target dan bang N_Target aamiiin yaa robb;['prabowo','Sandi'];Not_Hate
tante_day;sya gk bangga jdi kampret;['None'];Not_Hate
mbah_bowoo;tag;['None'];Not_Hate
__amelia09;tahun vs minggu Luar biasaaa;['None'];Not_Hate
any_zb;tak bisa ngm apa apa aku berkali kali putar vidio ini;['None'];Not_Hate
kormaajwah;takut panci di dapur n;['None'];Not_Hate
rch1170;tanggal nya saja ga tau awak niii tak suka pula nontonin tv takda tv;['None'];Not_Hate
aulia7147;ttap ceria pak;['None'];Not_Hate
killing_a_cebong;unfair ga sharusnya nerima hukuman selama itu lah;['None'];Not_Hate
darma.chandra.18;walau bagaimn pun bapak adlh presiden dan wakil presiden km;['None'];Not_Hate
amaragatisandra;wallahii bercucur air mata liat video ini ungkapan hati;['None'];Not_Hate
sewa_gaun_pemalang;we love u pak N_Target;['prabowo'];Not_Hate
dapoerbuninchj;wkwkwkw badai N_Target;['jaenuddin'];Not_Hate
ossasungkardevi;ya Allah;['None'];Not_Hate
jokownugroho;yang saabar nak alah maha adil;['None'];Not_Hate
priskilaasianty;yeah yes We Loves;['None'];Not_Hate
nzaparadise82;yesss Alhamdulilah smpi detik ini saya ngk punya tv;['None'];Not_Hate
dita_miatisutomo;you Pak N_Target;['Prabowo'];Not_Hate
